Unnamed: 0,CustomerID,Gender,Location,Tenure_Months,Transaction_ID,Transaction_Date,Product_SKU,Product_Description,Product_Category,Quantity,Avg_Price,Delivery_Charges,Coupon_Status,GST,Date,Offline_Spend,Online_Spend,Month,Coupon_Code,Discount_pct,Product_Gender,Is_Outerwear
2172,17850.0,M,Chicago,12.0,16704.0,2019-01-01,GGOEGAPB058615,Google Women's Yoga Jacket Black,Apparel,1.0,108.31,6.5,Used,0.18,1/1/2019,4500.0,2424.5,1,SALE10,10.0,Women,True
2174,17850.0,M,Chicago,12.0,16715.0,2019-01-01,GGOEYAFB073115,YouTube Men's Fleece Hoodie Black,Apparel,1.0,57.76,6.5,Used,0.18,1/1/2019,4500.0,2424.5,1,SALE10,10.0,Men,True
2179,12583.0,M,Chicago,33.0,16693.0,2019-01-01,GGOEGATB060415,Google Women's Quilted Insulated Vest Black,Apparel,1.0,61.89,6.5,Clicked,0.18,1/1/2019,4500.0,2424.5,1,SALE10,10.0,Women,True
2185,12583.0,M,Chicago,33.0,16695.0,2019-01-01,GGOEGAFJ036214,Google Men's Pullover Hoodie Grey,Apparel,1.0,42.91,6.5,Clicked,0.18,1/1/2019,4500.0,2424.5,1,SALE10,10.0,Men,True
2189,15291.0,M,California,32.0,16726.0,2019-01-01,GGOEGAPB058214,Google Women's Lightweight Microfleece Jacket,Apparel,1.0,61.89,6.5,Clicked,0.18,1/1/2019,4500.0,2424.5,1,SALE10,10.0,Women,True
2194,17850.0,M,Chicago,12.0,16887.0,2019-01-03,GGOEGAFJ036216,Google Men's Pullover Hoodie Grey,Apparel,1.0,53.64,35.3,Clicked,0.18,1/3/2019,4500.0,1576.38,1,SALE10,10.0,Men,True
2195,12431.0,F,New Jersey,14.0,16820.0,2019-01-03,GGOEGADJ059714,Google Men's Quilted Insulated Vest Battleship Grey,Apparel,1.0,61.89,6.5,Clicked,0.18,1/3/2019,4500.0,1576.38,1,SALE10,10.0,Men,True
2196,12431.0,F,New Jersey,14.0,16820.0,2019-01-03,GGOEYAEJ033516,YouTube Men's Long Sleeve Pullover Badge Tee Heather,Apparel,1.0,28.88,6.5,Clicked,0.18,1/3/2019,4500.0,1576.38,1,SALE10,10.0,Men,True
2197,17511.0,F,Chicago,25.0,16832.0,2019-01-03,GGOEGADJ059413,Google Men's Microfiber 1/4 Zip Pullover Grey/Black,Apparel,1.0,61.89,6.5,Clicked,0.18,1/3/2019,4500.0,1576.38,1,SALE10,10.0,Men,True
2213,15862.0,F,California,24.0,16936.0,2019-01-03,GGOEGADC059516,Google Men's Microfiber 1/4 Zip Pullover Blue/Indigo,Apparel,1.0,61.89,6.5,Clicked,0.18,1/3/2019,4500.0,1576.38,1,SALE10,10.0,Men,True
2216,15862.0,F,California,24.0,16936.0,2019-01-03,GGOEGAFB035816,Google Men's  Zip Hoodie,Apparel,1.0,46.21,6.5,Clicked,0.18,1/3/2019,4500.0,1576.38,1,SALE10,10.0,Men,True
2217,15862.0,F,California,24.0,16936.0,2019-01-03,GGOEGATC060314,Google Women's 1/4 Zip Performance Pullover Two-Tone Blue,Apparel,1.0,53.64,6.5,Used,0.18,1/3/2019,4500.0,1576.38,1,SALE10,10.0,Women,True
2219,15862.0,F,California,24.0,16937.0,2019-01-03,GGOEGAPB057814,Women's Performance Full Zip Jacket Black,Apparel,1.0,99.03,6.5,Clicked,0.18,1/3/2019,4500.0,1576.38,1,SALE10,10.0,Women,True
2220,15862.0,F,California,24.0,16937.0,2019-01-03,GGOEGAQJ058714,Google Women's Zip Hoodie Grey,Apparel,1.0,115.53,6.5,Not Used,0.18,1/3/2019,4500.0,1576.38,1,SALE10,10.0,Women,True
2224,17850.0,M,Chicago,12.0,16992.0,2019-01-04,GGOEGADB057315,Google Men's Lightweight Microfleece Jacket Black,Apparel,1.0,77.36,6.5,Clicked,0.18,1/4/2019,4500.0,2928.55,1,SALE10,10.0,Men,True
2225,14307.0,F,California,28.0,16992.0,2019-01-04,GGOEGADB059215,Google Men's Airflow 1/4 Zip Pullover Black,Apparel,1.0,72.2,6.5,Used,0.18,1/4/2019,4500.0,2928.55,1,SALE10,10.0,Men,True
2226,14307.0,F,California,28.0,16992.0,2019-01-04,GGOEGADJ057115,Google Men's Performance 1/4 Zip Pullover Heather/Black,Apparel,1.0,113.47,6.5,Used,0.18,1/4/2019,4500.0,2928.55,1,SALE10,10.0,Men,True
2227,14307.0,F,California,28.0,16992.0,2019-01-04,GGOEGADJ059715,Google Men's Quilted Insulated Vest Battleship Grey,Apparel,1.0,77.36,6.5,Used,0.18,1/4/2019,4500.0,2928.55,1,SALE10,10.0,Men,True
2228,14307.0,F,California,28.0,16993.0,2019-01-04,GGOEGADB059615,Google Men's Quilted Insulated Vest Black,Apparel,1.0,77.36,6.5,Used,0.18,1/4/2019,4500.0,2928.55,1,SALE10,10.0,Men,True
2232,14307.0,F,California,28.0,17002.0,2019-01-04,GGOEGADB057315,Google Men's Lightweight Microfleece Jacket Black,Apparel,1.0,77.36,6.5,Clicked,0.18,1/4/2019,4500.0,2928.55,1,SALE10,10.0,Men,True
2235,14307.0,F,California,28.0,17015.0,2019-01-04,GGOEGAFB035815,Google Men's  Zip Hoodie,Apparel,1.0,46.21,6.5,Clicked,0.18,1/4/2019,4500.0,2928.55,1,SALE10,10.0,Men,True
2238,17908.0,F,California,15.0,17029.0,2019-01-04,GGOEGADJ056813,Google Men's Watershed Full Zip Hoodie Grey,Apparel,1.0,90.77,6.5,Used,0.18,1/4/2019,4500.0,2928.55,1,SALE10,10.0,Men,True
2245,17908.0,F,California,15.0,17036.0,2019-01-04,GGOEGADC059515,Google Men's Microfiber 1/4 Zip Pullover Blue/Indigo,Apparel,1.0,61.89,6.5,Clicked,0.18,1/4/2019,4500.0,2928.55,1,SALE10,10.0,Men,True
2247,17908.0,F,California,15.0,17062.0,2019-01-04,GGOEGAQB036015,Google Women's Fleece Hoodie,Apparel,1.0,46.21,6.5,Clicked,0.18,1/4/2019,4500.0,2928.55,1,SALE10,10.0,Women,True
2248,17908.0,F,California,15.0,17065.0,2019-01-04,GGOEGATB060413,Google Women's Quilted Insulated Vest Black,Apparel,1.0,61.89,6.5,Clicked,0.18,1/4/2019,4500.0,2928.55,1,SALE10,10.0,Women,True
2249,17920.0,F,California,18.0,17065.0,2019-01-04,GGOEGATC060313,Google Women's 1/4 Zip Performance Pullover Two-Tone Blue,Apparel,1.0,53.64,6.5,Clicked,0.18,1/4/2019,4500.0,2928.55,1,SALE10,10.0,Women,True
2250,17920.0,F,California,18.0,17079.0,2019-01-04,GGOEGADJ059416,Google Men's Microfiber 1/4 Zip Pullover Grey/Black,Apparel,1.0,61.89,6.5,Used,0.18,1/4/2019,4500.0,2928.55,1,SALE10,10.0,Men,True
2257,17850.0,M,Chicago,12.0,18017.0,2019-01-16,GGOEGAPJ058013,Google Women's 1/4 Zip Jacket Charcoal,Apparel,1.0,90.77,6.5,Clicked,0.18,1/16/2019,3000.0,3727.61,1,SALE10,10.0,Women,True
2258,17850.0,M,Chicago,12.0,18019.0,2019-01-16,GGOEGAFB035816,Google Men's  Zip Hoodie,Apparel,1.0,57.76,6.5,Clicked,0.18,1/16/2019,3000.0,3727.61,1,SALE10,10.0,Men,True
2261,13065.0,F,Chicago,32.0,17950.0,2019-01-16,GGOEGADJ059714,Google Men's Quilted Insulated Vest Battleship Grey,Apparel,1.0,61.89,6.5,Used,0.18,1/16/2019,3000.0,3727.61,1,SALE10,10.0,Men,True
2262,13065.0,F,Chicago,32.0,17950.0,2019-01-16,GGOEGADJ059715,Google Men's Quilted Insulated Vest Battleship Grey,Apparel,2.0,61.89,6.5,Not Used,0.18,1/16/2019,3000.0,3727.61,1,SALE10,10.0,Men,True
2263,13065.0,F,Chicago,32.0,17950.0,2019-01-16,GGOEGATB060414,Google Women's Quilted Insulated Vest Black,Apparel,1.0,61.89,6.5,Clicked,0.18,1/16/2019,3000.0,3727.61,1,SALE10,10.0,Women,True
2264,13065.0,F,Chicago,32.0,17950.0,2019-01-16,GGOEGATB060415,Google Women's Quilted Insulated Vest Black,Apparel,1.0,61.89,6.5,Used,0.18,1/16/2019,3000.0,3727.61,1,SALE10,10.0,Women,True
2268,14606.0,F,Chicago,33.0,17951.0,2019-01-16,GGOEGAFJ036214,Google Men's Pullover Hoodie Grey,Apparel,2.0,53.64,6.5,Used,0.18,1/16/2019,3000.0,3727.61,1,SALE10,10.0,Men,True
2269,14606.0,F,Chicago,33.0,17951.0,2019-01-16,GGOEGAFJ036215,Google Men's Pullover Hoodie Grey,Apparel,2.0,53.64,6.5,Used,0.18,1/16/2019,3000.0,3727.61,1,SALE10,10.0,Men,True
2271,14606.0,F,Chicago,33.0,17968.0,2019-01-16,GGOEGAPB058212,Google Women's Lightweight Microfleece Jacket,Apparel,1.0,61.89,6.5,Clicked,0.18,1/16/2019,3000.0,3727.61,1,SALE10,10.0,Women,True
2284,18011.0,M,California,7.0,18010.0,2019-01-16,GGOEGAQB036014,Google Women's Fleece Hoodie,Apparel,1.0,57.76,6.5,Clicked,0.18,1/16/2019,3000.0,3727.61,1,SALE10,10.0,Women,True
2287,17850.0,M,Chicago,12.0,18028.0,2019-01-17,GGOEGAFJ036216,Google Men's Pullover Hoodie Grey,Apparel,1.0,53.64,6.5,Clicked,0.18,1/17/2019,3000.0,417.73,1,SALE10,10.0,Men,True
2303,13715.0,M,California,23.0,18056.0,2019-01-17,GGOEGAQB036013,Google Women's Fleece Hoodie,Apparel,1.0,46.21,12.76,Clicked,0.18,1/17/2019,3000.0,417.73,1,SALE10,10.0,Women,True
2304,14092.0,F,Chicago,41.0,18057.0,2019-01-17,GGOEGADC059514,Google Men's Microfiber 1/4 Zip Pullover Blue/Indigo,Apparel,1.0,61.89,6.5,Clicked,0.18,1/17/2019,3000.0,417.73,1,SALE10,10.0,Men,True
2308,15752.0,F,New York,27.0,18094.0,2019-01-17,GGOEAAFB035913,Android Men's  Zip Hoodie,Apparel,1.0,57.76,6.5,Clicked,0.18,1/17/2019,3000.0,417.73,1,SALE10,10.0,Men,True
2312,17855.0,F,New York,13.0,18110.0,2019-01-17,GGOEGADB056916,Google Men's Performance Full Zip Jacket Black,Apparel,1.0,99.03,6.5,Used,0.18,1/17/2019,3000.0,417.73,1,SALE10,10.0,Men,True
2318,17017.0,M,California,40.0,18123.0,2019-01-17,GGOEGAEJ033315,Google Men's Long Sleeve Pullover Badge Tee Heather,Apparel,1.0,28.88,6.5,Used,0.18,1/17/2019,3000.0,417.73,1,SALE10,10.0,Men,True
2321,17017.0,M,California,40.0,18138.0,2019-01-17,GGOEAAFB035913,Android Men's  Zip Hoodie,Apparel,1.0,57.76,6.5,Clicked,0.18,1/17/2019,3000.0,417.73,1,SALE10,10.0,Men,True
2333,14135.0,F,Chicago,21.0,18149.0,2019-01-18,GGOEGAFB035816,Google Men's  Zip Hoodie,Apparel,1.0,46.21,6.5,Used,0.18,1/18/2019,3000.0,1312.5,1,SALE10,10.0,Men,True
2337,14135.0,F,Chicago,21.0,18151.0,2019-01-18,GGOEGAQB036015,Google Women's Fleece Hoodie,Apparel,1.0,46.21,6.5,Used,0.18,1/18/2019,3000.0,1312.5,1,SALE10,10.0,Women,True
2339,14135.0,F,Chicago,21.0,18153.0,2019-01-18,GGOEYAQB073213,YouTube Women's Fleece Hoodie Black,Apparel,1.0,46.21,18.47,Clicked,0.18,1/18/2019,3000.0,1312.5,1,SALE10,10.0,Women,True
2341,15601.0,F,Chicago,46.0,18159.0,2019-01-18,GGOEGAQB036015,Google Women's Fleece Hoodie,Apparel,1.0,46.21,6.5,Clicked,0.18,1/18/2019,3000.0,1312.5,1,SALE10,10.0,Women,True
2350,15601.0,F,Chicago,46.0,18181.0,2019-01-18,GGOEYAQB073214,YouTube Women's Fleece Hoodie Black,Apparel,1.0,46.21,6.5,Clicked,0.18,1/18/2019,3000.0,1312.5,1,SALE10,10.0,Women,True
2355,15601.0,F,Chicago,46.0,18188.0,2019-01-18,GGOEGADJ056817,Google Men's Watershed Full Zip Hoodie Grey,Apparel,1.0,113.47,6.5,Clicked,0.18,1/18/2019,3000.0,1312.5,1,SALE10,10.0,Men,True
2357,13418.0,F,New York,22.0,18188.0,2019-01-18,GGOEGAFB035817,Google Men's  Zip Hoodie,Apparel,1.0,57.76,6.5,Used,0.18,1/18/2019,3000.0,1312.5,1,SALE10,10.0,Men,True
2372,14901.0,F,Chicago,4.0,18256.0,2019-01-18,GGOEGADJ057115,Google Men's Performance 1/4 Zip Pullover Heather/Black,Apparel,1.0,90.77,6.5,Used,0.18,1/18/2019,3000.0,1312.5,1,SALE10,10.0,Men,True
2376,15923.0,F,Chicago,34.0,18466.0,2019-01-21,GGOEGADB056715,Men's Softshell Jacket Black/Grey,Apparel,1.0,81.7,6.5,Clicked,0.18,1/21/2019,3000.0,640.93,1,SALE10,10.0,Men,True
2381,16752.0,M,New York,42.0,18477.0,2019-01-21,GGOEGAEJ033315,Google Men's Long Sleeve Pullover Badge Tee Heather,Apparel,1.0,36.1,6.5,Used,0.18,1/21/2019,3000.0,640.93,1,SALE10,10.0,Men,True
2388,17850.0,M,Chicago,12.0,18525.0,2019-01-22,GGOEGAQB036016,Google Women's Fleece Hoodie,Apparel,1.0,46.21,6.5,Used,0.18,1/22/2019,1000.0,1049.73,1,SALE10,10.0,Women,True
2390,17850.0,M,Chicago,12.0,18534.0,2019-01-22,GGOEGADJ059415,Google Men's Microfiber 1/4 Zip Pullover Grey/Black,Apparel,1.0,61.89,6.5,Clicked,0.18,1/22/2019,1000.0,1049.73,1,SALE10,10.0,Men,True
2391,15363.0,M,New York,32.0,18534.0,2019-01-22,GGOEGAFB035815,Google Men's  Zip Hoodie,Apparel,1.0,46.21,6.5,Used,0.18,1/22/2019,1000.0,1049.73,1,SALE10,10.0,Men,True
2392,15363.0,M,New York,32.0,18534.0,2019-01-22,GGOEGAPB058613,Google Women's Yoga Jacket Black,Apparel,3.0,86.65,6.5,Used,0.18,1/22/2019,1000.0,1049.73,1,SALE10,10.0,Women,True
2393,15363.0,M,New York,32.0,18534.0,2019-01-22,GGOEGAPB058614,Google Women's Yoga Jacket Black,Apparel,1.0,86.65,6.5,Used,0.18,1/22/2019,1000.0,1049.73,1,SALE10,10.0,Women,True
2394,15363.0,M,New York,32.0,18534.0,2019-01-22,GGOEGAPJ058013,Google Women's 1/4 Zip Jacket Charcoal,Apparel,2.0,90.77,6.5,Used,0.18,1/22/2019,1000.0,1049.73,1,SALE10,10.0,Women,True
2395,15363.0,M,New York,32.0,18534.0,2019-01-22,GGOEGAQB036013,Google Women's Fleece Hoodie,Apparel,1.0,46.21,6.5,Not Used,0.18,1/22/2019,1000.0,1049.73,1,SALE10,10.0,Women,True
2396,15363.0,M,New York,32.0,18534.0,2019-01-22,GGOEGAQB036014,Google Women's Fleece Hoodie,Apparel,1.0,46.21,6.5,Not Used,0.18,1/22/2019,1000.0,1049.73,1,SALE10,10.0,Women,True
2414,15827.0,F,Chicago,3.0,18574.0,2019-01-22,GGOEGAFB035814,Google Men's  Zip Hoodie,Apparel,1.0,46.21,6.5,Clicked,0.18,1/22/2019,1000.0,1049.73,1,SALE10,10.0,Men,True
2415,15827.0,F,Chicago,3.0,18574.0,2019-01-22,GGOEGAFB035815,Google Men's  Zip Hoodie,Apparel,1.0,46.21,6.5,Clicked,0.18,1/22/2019,1000.0,1049.73,1,SALE10,10.0,Men,True
2416,15827.0,F,Chicago,3.0,18574.0,2019-01-22,GGOEGAFB035816,Google Men's  Zip Hoodie,Apparel,1.0,46.21,6.5,Not Used,0.18,1/22/2019,1000.0,1049.73,1,SALE10,10.0,Men,True
2417,17850.0,M,Chicago,12.0,18745.0,2019-01-24,GGOEGAFJ036214,Google Men's Pullover Hoodie Grey,Apparel,1.0,53.64,6.5,Clicked,0.18,1/24/2019,1000.0,560.02,1,SALE10,10.0,Men,True
2429,17976.0,M,Washington DC,12.0,18700.0,2019-01-24,GGOEGAQB036017,Google Women's Fleece Hoodie,Apparel,1.0,57.76,6.5,Used,0.18,1/24/2019,1000.0,560.02,1,SALE10,10.0,Women,True
2432,17976.0,M,Washington DC,12.0,18708.0,2019-01-24,GGOEGADJ059716,Google Men's Quilted Insulated Vest Battleship Grey,Apparel,1.0,77.36,6.5,Clicked,0.18,1/24/2019,1000.0,560.02,1,SALE10,10.0,Men,True
2440,17976.0,M,Washington DC,12.0,18716.0,2019-01-24,GGOEGADC059314,Google Men's Airflow 1/4 Zip Pullover Lapis,Apparel,1.0,72.2,6.5,Clicked,0.18,1/24/2019,1000.0,560.02,1,SALE10,10.0,Men,True
2444,14449.0,M,New Jersey,39.0,18772.0,2019-01-24,GGOEAAFB035915,Android Men's  Zip Hoodie,Apparel,1.0,46.21,6.5,Used,0.18,1/24/2019,1000.0,560.02,1,SALE10,10.0,Men,True
2445,17850.0,M,Chicago,12.0,18926.0,2019-01-26,GGOEAAFB035915,Android Men's  Zip Hoodie,Apparel,1.0,46.21,12.76,Clicked,0.18,1/26/2019,1000.0,937.58,1,SALE10,10.0,Men,True
2447,17850.0,M,Chicago,12.0,18927.0,2019-01-26,GGOEGADB059613,Google Men's Quilted Insulated Vest Black,Apparel,1.0,61.89,6.5,Clicked,0.18,1/26/2019,1000.0,937.58,1,SALE10,10.0,Men,True
2451,17850.0,M,Chicago,12.0,18932.0,2019-01-26,GGOEGAPB058215,Google Women's Lightweight Microfleece Jacket,Apparel,1.0,61.89,6.5,Used,0.18,1/26/2019,1000.0,937.58,1,SALE10,10.0,Women,True
2452,17850.0,M,Chicago,12.0,18932.0,2019-01-26,GGOEGAQJ058714,Google Women's Zip Hoodie Grey,Apparel,1.0,115.53,6.5,Clicked,0.18,1/26/2019,1000.0,937.58,1,SALE10,10.0,Women,True
2458,17460.0,F,California,35.0,18881.0,2019-01-26,GGOEGAQB036013,Google Women's Fleece Hoodie,Apparel,1.0,46.21,18.47,Used,0.18,1/26/2019,1000.0,937.58,1,SALE10,10.0,Women,True
2459,15823.0,M,New York,27.0,18881.0,2019-01-26,GGOEAAFB035914,Android Men's  Zip Hoodie,Apparel,1.0,46.21,18.47,Used,0.18,1/26/2019,1000.0,937.58,1,SALE10,10.0,Men,True
2460,17567.0,F,California,9.0,18881.0,2019-01-26,GGOEGAQB036014,Google Women's Fleece Hoodie,Apparel,1.0,46.21,18.47,Clicked,0.18,1/26/2019,1000.0,937.58,1,SALE10,10.0,Women,True
2461,17567.0,F,California,9.0,18881.0,2019-01-26,GGOEYAFB073117,YouTube Men's Fleece Hoodie Black,Apparel,1.0,46.21,18.47,Not Used,0.18,1/26/2019,1000.0,937.58,1,SALE10,10.0,Men,True
2469,15061.0,M,California,7.0,18901.0,2019-01-26,GGOEGAFB035816,Google Men's  Zip Hoodie,Apparel,1.0,46.21,28.78,Clicked,0.18,1/26/2019,1000.0,937.58,1,SALE10,10.0,Men,True
2475,15061.0,M,California,7.0,18919.0,2019-01-26,GGOEGAFB035813,Google Men's  Zip Hoodie,Apparel,1.0,46.21,6.5,Not Used,0.18,1/26/2019,1000.0,937.58,1,SALE10,10.0,Men,True
2476,15061.0,M,California,7.0,18922.0,2019-01-26,GGOEYAFB073115,YouTube Men's Fleece Hoodie Black,Apparel,1.0,46.21,6.5,Clicked,0.18,1/26/2019,1000.0,937.58,1,SALE10,10.0,Men,True
2480,15061.0,M,California,7.0,18923.0,2019-01-26,GGOEGAFB035815,Google Men's  Zip Hoodie,Apparel,1.0,46.21,57.74,Clicked,0.18,1/26/2019,1000.0,937.58,1,SALE10,10.0,Men,True
2487,15311.0,F,Chicago,40.0,16750.0,2019-01-02,GGOEGADB057316,Google Men's Lightweight Microfleece Jacket Black,Apparel,1.0,61.89,6.5,Not Used,0.18,1/2/2019,4500.0,3480.36,1,SALE10,10.0,Men,True
2507,16250.0,F,California,30.0,16805.0,2019-01-02,GGOEYAQB073215,YouTube Women's Fleece Hoodie Black,Apparel,1.0,46.21,6.5,Clicked,0.18,1/2/2019,4500.0,3480.36,1,SALE10,10.0,Women,True
2508,12431.0,F,New Jersey,14.0,16813.0,2019-01-02,GGOEYAFB073114,YouTube Men's Fleece Hoodie Black,Apparel,1.0,46.21,6.5,Used,0.18,1/2/2019,4500.0,3480.36,1,SALE10,10.0,Men,True
2520,18168.0,F,Chicago,5.0,19200.0,2019-01-30,GGOEYAEJ033514,YouTube Men's Long Sleeve Pullover Badge Tee Heather,Apparel,1.0,28.88,18.47,Clicked,0.18,1/30/2019,700.0,981.86,1,SALE10,10.0,Men,True
2521,18168.0,F,Chicago,5.0,19200.0,2019-01-30,GGOEYAEJ033515,YouTube Men's Long Sleeve Pullover Badge Tee Heather,Apparel,1.0,28.88,18.47,Clicked,0.18,1/30/2019,700.0,981.86,1,SALE10,10.0,Men,True
2522,18168.0,F,Chicago,5.0,19202.0,2019-01-30,GGOEGADJ056816,Google Men's Watershed Full Zip Hoodie Grey,Apparel,1.0,90.77,6.5,Not Used,0.18,1/30/2019,700.0,981.86,1,SALE10,10.0,Men,True
2527,17757.0,F,New York,45.0,19159.0,2019-01-30,GGOEYAQB073215,YouTube Women's Fleece Hoodie Black,Apparel,1.0,46.21,12.76,Used,0.18,1/30/2019,700.0,981.86,1,SALE10,10.0,Women,True
2538,18239.0,M,New York,20.0,19195.0,2019-01-30,GGOEGADB059617,Google Men's Quilted Insulated Vest Black,Apparel,1.0,77.36,6.5,Clicked,0.18,1/30/2019,700.0,981.86,1,SALE10,10.0,Men,True
2539,18239.0,M,New York,20.0,19195.0,2019-01-30,GGOEGADJ059716,Google Men's Quilted Insulated Vest Battleship Grey,Apparel,1.0,77.36,6.5,Clicked,0.18,1/30/2019,700.0,981.86,1,SALE10,10.0,Men,True
2540,18239.0,M,New York,20.0,19195.0,2019-01-30,GGOEGAQB036013,Google Women's Fleece Hoodie,Apparel,1.0,57.76,6.5,Clicked,0.18,1/30/2019,700.0,981.86,1,SALE10,10.0,Women,True
2542,14395.0,M,New Jersey,4.0,19220.0,2019-01-30,GGOEGADB057314,Google Men's Lightweight Microfleece Jacket Black,Apparel,1.0,61.89,6.5,Used,0.18,1/30/2019,700.0,981.86,1,SALE10,10.0,Men,True
2543,14395.0,M,New Jersey,4.0,19223.0,2019-01-30,GGOEYAFB073115,YouTube Men's Fleece Hoodie Black,Apparel,1.0,57.76,6.5,Used,0.18,1/30/2019,700.0,981.86,1,SALE10,10.0,Men,True
2552,14449.0,M,New Jersey,39.0,18788.0,2019-01-25,GGOEAAFB035917,Android Men's  Zip Hoodie,Apparel,1.0,57.76,6.5,Not Used,0.18,1/25/2019,1000.0,1124.95,1,SALE10,10.0,Men,True
2553,14449.0,M,New Jersey,39.0,18788.0,2019-01-25,GGOEYAFB073117,YouTube Men's Fleece Hoodie Black,Apparel,1.0,57.76,6.5,Used,0.18,1/25/2019,1000.0,1124.95,1,SALE10,10.0,Men,True
2562,14449.0,M,New Jersey,39.0,18805.0,2019-01-25,GGOEAAQB036115,Android Women's Fleece Hoodie,Apparel,1.0,46.21,12.76,Clicked,0.18,1/25/2019,1000.0,1124.95,1,SALE10,10.0,Women,True
2565,16781.0,F,New York,38.0,18822.0,2019-01-25,GGOEGAQB036015,Google Women's Fleece Hoodie,Apparel,1.0,46.21,6.5,Not Used,0.18,1/25/2019,1000.0,1124.95,1,SALE10,10.0,Women,True
2573,17685.0,M,Washington DC,37.0,18838.0,2019-01-25,GGOEGAFB035813,Google Men's  Zip Hoodie,Apparel,1.0,46.21,6.5,Used,0.18,1/25/2019,1000.0,1124.95,1,SALE10,10.0,Men,True
2574,17581.0,M,California,25.0,18841.0,2019-01-25,GGOEGAFB035816,Google Men's  Zip Hoodie,Apparel,1.0,57.76,50.0,Used,0.18,1/25/2019,1000.0,1124.95,1,SALE10,10.0,Men,True
2583,17581.0,M,California,25.0,18850.0,2019-01-25,GGOEGADB057314,Google Men's Lightweight Microfleece Jacket Black,Apparel,1.0,61.89,6.5,Used,0.18,1/25/2019,1000.0,1124.95,1,SALE10,10.0,Men,True
2584,17581.0,M,California,25.0,18850.0,2019-01-25,GGOEGAFB035814,Google Men's  Zip Hoodie,Apparel,1.0,46.21,6.5,Not Used,0.18,1/25/2019,1000.0,1124.95,1,SALE10,10.0,Men,True
2585,17581.0,M,California,25.0,18851.0,2019-01-25,GGOEGAQB036013,Google Women's Fleece Hoodie,Apparel,1.0,57.76,6.5,Clicked,0.18,1/25/2019,1000.0,1124.95,1,SALE10,10.0,Women,True
2589,17920.0,F,California,18.0,17100.0,2019-01-05,GGOEGAFB035815,Google Men's  Zip Hoodie,Apparel,1.0,57.76,6.5,Used,0.18,1/5/2019,4500.0,4055.3,1,SALE10,10.0,Men,True
2591,17920.0,F,California,18.0,17106.0,2019-01-05,GGOEGADB056716,Men's Softshell Jacket Black/Grey,Apparel,1.0,102.12,6.5,Used,0.18,1/5/2019,4500.0,4055.3,1,SALE10,10.0,Men,True
2592,17920.0,F,California,18.0,17108.0,2019-01-05,GGOEGADB056715,Men's Softshell Jacket Black/Grey,Apparel,1.0,81.7,6.5,Clicked,0.18,1/5/2019,4500.0,4055.3,1,SALE10,10.0,Men,True
2593,17920.0,F,California,18.0,17108.0,2019-01-05,GGOEGADB056716,Men's Softshell Jacket Black/Grey,Apparel,1.0,81.7,6.5,Not Used,0.18,1/5/2019,4500.0,4055.3,1,SALE10,10.0,Men,True
2594,17920.0,F,California,18.0,17108.0,2019-01-05,GGOEGADB057317,Google Men's Lightweight Microfleece Jacket Black,Apparel,2.0,61.89,6.5,Used,0.18,1/5/2019,4500.0,4055.3,1,SALE10,10.0,Men,True
2595,17920.0,F,California,18.0,17116.0,2019-01-05,GGOEGADC059515,Google Men's Microfiber 1/4 Zip Pullover Blue/Indigo,Apparel,1.0,61.89,6.5,Clicked,0.18,1/5/2019,4500.0,4055.3,1,SALE10,10.0,Men,True
2596,17920.0,F,California,18.0,17116.0,2019-01-05,GGOEGAFB035815,Google Men's  Zip Hoodie,Apparel,1.0,46.21,6.5,Clicked,0.18,1/5/2019,4500.0,4055.3,1,SALE10,10.0,Men,True
2604,12838.0,F,California,31.0,17148.0,2019-01-05,GGOEGAPB058214,Google Women's Lightweight Microfleece Jacket,Apparel,1.0,77.36,6.5,Clicked,0.18,1/5/2019,4500.0,4055.3,1,SALE10,10.0,Women,True
2610,13758.0,M,Washington DC,46.0,17175.0,2019-01-05,GGOEGAFJ036213,Google Men's Pullover Hoodie Grey,Apparel,1.0,42.91,6.5,Clicked,0.18,1/5/2019,4500.0,4055.3,1,SALE10,10.0,Men,True
2612,13758.0,M,Washington DC,46.0,17182.0,2019-01-05,GGOEGAFB035814,Google Men's  Zip Hoodie,Apparel,1.0,46.21,6.5,Not Used,0.18,1/5/2019,4500.0,4055.3,1,SALE10,10.0,Men,True
2616,15983.0,M,New York,25.0,17188.0,2019-01-05,GGOEGAFJ036215,Google Men's Pullover Hoodie Grey,Apparel,1.0,42.91,6.5,Used,0.18,1/5/2019,4500.0,4055.3,1,SALE10,10.0,Men,True
2617,15983.0,M,New York,25.0,17189.0,2019-01-05,GGOEYAFB073116,YouTube Men's Fleece Hoodie Black,Apparel,1.0,57.76,6.5,Not Used,0.18,1/5/2019,4500.0,4055.3,1,SALE10,10.0,Men,True
2621,15983.0,M,New York,25.0,17200.0,2019-01-05,GGOEGADB059613,Google Men's Quilted Insulated Vest Black,Apparel,1.0,61.89,6.5,Clicked,0.18,1/5/2019,4500.0,4055.3,1,SALE10,10.0,Men,True
2625,15983.0,M,New York,25.0,17203.0,2019-01-05,GGOEGAFB035814,Google Men's  Zip Hoodie,Apparel,1.0,46.21,35.3,Not Used,0.18,1/5/2019,4500.0,4055.3,1,SALE10,10.0,Men,True
2626,17968.0,M,New York,33.0,17223.0,2019-01-06,GGOEGADB057316,Google Men's Lightweight Microfleece Jacket Black,Apparel,1.0,61.89,6.5,Clicked,0.18,1/6/2019,4500.0,3796.85,1,SALE10,10.0,Men,True
2632,17968.0,M,New York,33.0,17250.0,2019-01-06,GGOEGAFB035815,Google Men's  Zip Hoodie,Apparel,1.0,46.21,6.5,Used,0.18,1/6/2019,4500.0,3796.85,1,SALE10,10.0,Men,True
2648,17897.0,M,Washington DC,19.0,17286.0,2019-01-06,GGOEGAFJ036215,Google Men's Pullover Hoodie Grey,Apparel,1.0,42.91,6.5,Used,0.18,1/6/2019,4500.0,3796.85,1,SALE10,10.0,Men,True
2649,17897.0,M,Washington DC,19.0,17287.0,2019-01-06,GGOEGAFB035815,Google Men's  Zip Hoodie,Apparel,1.0,57.76,6.5,Clicked,0.18,1/6/2019,4500.0,3796.85,1,SALE10,10.0,Men,True
2650,17377.0,M,Chicago,34.0,17296.0,2019-01-06,GGOEGADB057315,Google Men's Lightweight Microfleece Jacket Black,Apparel,1.0,77.36,6.5,Not Used,0.18,1/6/2019,4500.0,3796.85,1,SALE10,10.0,Men,True
2655,17951.0,F,Chicago,36.0,17307.0,2019-01-07,GGOEGAFB035813,Google Men's  Zip Hoodie,Apparel,1.0,46.21,6.5,Not Used,0.18,1/7/2019,4500.0,2579.52,1,SALE10,10.0,Men,True
2672,15012.0,F,California,42.0,17370.0,2019-01-08,GGOEGAFB035814,Google Men's  Zip Hoodie,Apparel,3.0,46.21,62.74,Not Used,0.18,1/8/2019,5000.0,2551.38,1,SALE10,10.0,Men,True
2673,15012.0,F,California,42.0,17370.0,2019-01-08,GGOEGAFB035815,Google Men's  Zip Hoodie,Apparel,2.0,46.21,62.74,Not Used,0.18,1/8/2019,5000.0,2551.38,1,SALE10,10.0,Men,True
2674,15012.0,F,California,42.0,17370.0,2019-01-08,GGOEGAQB036014,Google Women's Fleece Hoodie,Apparel,3.0,46.21,62.74,Not Used,0.18,1/8/2019,5000.0,2551.38,1,SALE10,10.0,Women,True
2685,16244.0,F,New York,36.0,18385.0,2019-01-20,GGOEGADB056615,Men's Weatherblock Shell Jacket Black,Apparel,1.0,95.93,6.5,Used,0.18,1/20/2019,3000.0,2073.51,1,SALE10,10.0,Men,True
2686,16244.0,F,New York,36.0,18385.0,2019-01-20,GGOEGADB056616,Men's Weatherblock Shell Jacket Black,Apparel,1.0,95.93,6.5,Clicked,0.18,1/20/2019,3000.0,2073.51,1,SALE10,10.0,Men,True
2695,16244.0,F,New York,36.0,18385.0,2019-01-20,GGOEGAPB057814,Women's Performance Full Zip Jacket Black,Apparel,1.0,123.79,6.5,Clicked,0.18,1/20/2019,3000.0,2073.51,1,SALE10,10.0,Women,True
2696,16244.0,F,New York,36.0,18385.0,2019-01-20,GGOEGAPB057815,Women's Performance Full Zip Jacket Black,Apparel,1.0,123.79,6.5,Not Used,0.18,1/20/2019,3000.0,2073.51,1,SALE10,10.0,Women,True
2698,16244.0,F,New York,36.0,18391.0,2019-01-20,GGOEGAFB035814,Google Men's  Zip Hoodie,Apparel,1.0,46.21,6.5,Used,0.18,1/20/2019,3000.0,2073.51,1,SALE10,10.0,Men,True
2699,16244.0,F,New York,36.0,18391.0,2019-01-20,GGOEGAPB058213,Google Women's Lightweight Microfleece Jacket,Apparel,1.0,61.89,6.5,Not Used,0.18,1/20/2019,3000.0,2073.51,1,SALE10,10.0,Women,True
2702,14390.0,M,Chicago,37.0,18429.0,2019-01-20,GGOEGAPB058217,Google Women's Lightweight Microfleece Jacket,Apparel,1.0,77.36,6.5,Not Used,0.18,1/20/2019,3000.0,2073.51,1,SALE10,10.0,Women,True
2703,16546.0,F,California,42.0,18437.0,2019-01-20,GGOEGAFB035816,Google Men's  Zip Hoodie,Apparel,2.0,57.76,6.5,Not Used,0.18,1/20/2019,3000.0,2073.51,1,SALE10,10.0,Men,True
2704,16546.0,F,California,42.0,18438.0,2019-01-20,GGOEGAFJ036215,Google Men's Pullover Hoodie Grey,Apparel,1.0,42.91,6.5,Clicked,0.18,1/20/2019,3000.0,2073.51,1,SALE10,10.0,Men,True
2705,15260.0,F,Chicago,45.0,18445.0,2019-01-20,GGOEGAFB035815,Google Men's  Zip Hoodie,Apparel,2.0,46.21,18.47,Clicked,0.18,1/20/2019,3000.0,2073.51,1,SALE10,10.0,Men,True
2708,15260.0,F,Chicago,45.0,18451.0,2019-01-20,GGOEGAFB035814,Google Men's  Zip Hoodie,Apparel,1.0,57.76,6.5,Used,0.18,1/20/2019,3000.0,2073.51,1,SALE10,10.0,Men,True
2713,13305.0,F,Chicago,38.0,18453.0,2019-01-20,GGOEYAFB073117,YouTube Men's Fleece Hoodie Black,Apparel,1.0,57.76,6.5,Used,0.18,1/20/2019,3000.0,2073.51,1,SALE10,10.0,Men,True
2717,12868.0,F,California,8.0,17409.0,2019-01-09,GGOEGAFB035815,Google Men's  Zip Hoodie,Apparel,1.0,46.21,6.5,Not Used,0.18,1/9/2019,5000.0,3287.83,1,SALE10,10.0,Men,True
2718,12868.0,F,California,8.0,17411.0,2019-01-09,GGOEGAFB035815,Google Men's  Zip Hoodie,Apparel,1.0,57.76,6.5,Used,0.18,1/9/2019,5000.0,3287.83,1,SALE10,10.0,Men,True
2733,12662.0,M,Chicago,21.0,17429.0,2019-01-09,GGOEGADB057314,Google Men's Lightweight Microfleece Jacket Black,Apparel,1.0,61.89,6.5,Clicked,0.18,1/9/2019,5000.0,3287.83,1,SALE10,10.0,Men,True
2734,12662.0,M,Chicago,21.0,17435.0,2019-01-09,GGOEYAQB073213,YouTube Women's Fleece Hoodie Black,Apparel,1.0,46.21,6.5,Used,0.18,1/9/2019,5000.0,3287.83,1,SALE10,10.0,Women,True
2736,15525.0,M,New York,48.0,17447.0,2019-01-09,GGOEGADB059615,Google Men's Quilted Insulated Vest Black,Apparel,1.0,77.36,6.5,Clicked,0.18,1/9/2019,5000.0,3287.83,1,SALE10,10.0,Men,True
2737,15525.0,M,New York,48.0,17453.0,2019-01-09,GGOEGAFB035814,Google Men's  Zip Hoodie,Apparel,1.0,46.21,6.5,Used,0.18,1/9/2019,5000.0,3287.83,1,SALE10,10.0,Men,True
2738,15525.0,M,New York,48.0,17454.0,2019-01-09,GGOEGAPJ058014,Google Women's 1/4 Zip Jacket Charcoal,Apparel,1.0,113.47,6.5,Clicked,0.18,1/9/2019,5000.0,3287.83,1,SALE10,10.0,Women,True
2745,15525.0,M,New York,48.0,17468.0,2019-01-09,GGOEGAPB057813,Women's Performance Full Zip Jacket Black,Apparel,1.0,123.79,6.5,Not Used,0.18,1/9/2019,5000.0,3287.83,1,SALE10,10.0,Women,True
2752,17905.0,M,New York,42.0,17494.0,2019-01-09,GGOEGADB056617,Men's Weatherblock Shell Jacket Black,Apparel,1.0,95.93,6.5,Clicked,0.18,1/9/2019,5000.0,3287.83,1,SALE10,10.0,Men,True
2753,17905.0,M,New York,42.0,17494.0,2019-01-09,GGOEGADB056717,Men's Softshell Jacket Black/Grey,Apparel,1.0,102.12,6.5,Clicked,0.18,1/9/2019,5000.0,3287.83,1,SALE10,10.0,Men,True
2754,15485.0,M,New York,25.0,17500.0,2019-01-09,GGOEYAEJ033514,YouTube Men's Long Sleeve Pullover Badge Tee Heather,Apparel,1.0,36.1,6.5,Clicked,0.18,1/9/2019,5000.0,3287.83,1,SALE10,10.0,Men,True
2756,15485.0,M,New York,25.0,17506.0,2019-01-09,GGOEGAFJ036213,Google Men's Pullover Hoodie Grey,Apparel,1.0,42.91,6.5,Clicked,0.18,1/9/2019,5000.0,3287.83,1,SALE10,10.0,Men,True
2761,15485.0,M,New York,25.0,17510.0,2019-01-09,GGOEGADB059614,Google Men's Quilted Insulated Vest Black,Apparel,1.0,77.36,6.5,Clicked,0.18,1/9/2019,5000.0,3287.83,1,SALE10,10.0,Men,True
2763,15485.0,M,New York,25.0,17510.0,2019-01-09,GGOEGATB060215,Google Women's 1/4 Zip Performance Pullover Black,Apparel,1.0,67.05,6.5,Used,0.18,1/9/2019,5000.0,3287.83,1,SALE10,10.0,Women,True
2768,12433.0,M,California,32.0,17517.0,2019-01-10,GGOEGADB056716,Men's Softshell Jacket Black/Grey,Apparel,1.0,81.7,6.5,Clicked,0.18,1/10/2019,5000.0,515.44,1,SALE10,10.0,Men,True
2776,12433.0,M,California,32.0,17541.0,2019-01-10,GGOEGADB056714,Men's Softshell Jacket Black/Grey,Apparel,1.0,81.7,57.74,Clicked,0.18,1/10/2019,5000.0,515.44,1,SALE10,10.0,Men,True
2780,12433.0,M,California,32.0,17546.0,2019-01-10,GGOEGAFB035814,Google Men's  Zip Hoodie,Apparel,1.0,46.21,6.5,Clicked,0.18,1/10/2019,5000.0,515.44,1,SALE10,10.0,Men,True
2781,12433.0,M,California,32.0,17546.0,2019-01-10,GGOEGAQB036013,Google Women's Fleece Hoodie,Apparel,1.0,46.21,6.5,Not Used,0.18,1/10/2019,5000.0,515.44,1,SALE10,10.0,Women,True
2782,12433.0,M,California,32.0,17546.0,2019-01-10,GGOEGAQB036014,Google Women's Fleece Hoodie,Apparel,1.0,46.21,6.5,Clicked,0.18,1/10/2019,5000.0,515.44,1,SALE10,10.0,Women,True
2797,15165.0,F,New Jersey,36.0,17636.0,2019-01-11,GGOEGAFB035814,Google Men's  Zip Hoodie,Apparel,4.0,46.21,35.96,Clicked,0.18,1/11/2019,5000.0,1757.58,1,SALE10,10.0,Men,True
2798,14911.0,F,California,34.0,17636.0,2019-01-11,GGOEGAQB036014,Google Women's Fleece Hoodie,Apparel,2.0,46.21,35.96,Clicked,0.18,1/11/2019,5000.0,1757.58,1,SALE10,10.0,Women,True
2801,14911.0,F,California,34.0,17652.0,2019-01-11,GGOEGADB057316,Google Men's Lightweight Microfleece Jacket Black,Apparel,1.0,61.89,6.5,Clicked,0.18,1/11/2019,5000.0,1757.58,1,SALE10,10.0,Men,True
2803,16456.0,M,California,47.0,17659.0,2019-01-11,GGOEGADJ056815,Google Men's Watershed Full Zip Hoodie Grey,Apparel,1.0,90.77,6.5,Clicked,0.18,1/11/2019,5000.0,1757.58,1,SALE10,10.0,Men,True
2806,17841.0,M,California,21.0,17663.0,2019-01-11,GGOEGADB059614,Google Men's Quilted Insulated Vest Black,Apparel,1.0,77.36,6.5,Clicked,0.18,1/11/2019,5000.0,1757.58,1,SALE10,10.0,Men,True
2807,12472.0,F,New Jersey,2.0,17670.0,2019-01-11,GGOEYAFB073114,YouTube Men's Fleece Hoodie Black,Apparel,1.0,46.21,6.5,Not Used,0.18,1/11/2019,5000.0,1757.58,1,SALE10,10.0,Men,True
2812,17346.0,F,New Jersey,12.0,17674.0,2019-01-11,GGOEGADC059514,Google Men's Microfiber 1/4 Zip Pullover Blue/Indigo,Apparel,1.0,77.36,6.5,Clicked,0.18,1/11/2019,5000.0,1757.58,1,SALE10,10.0,Men,True
2837,17841.0,M,California,21.0,17703.0,2019-01-12,GGOEGAFB035816,Google Men's  Zip Hoodie,Apparel,1.0,46.21,6.5,Used,0.18,1/12/2019,5000.0,2435.97,1,SALE10,10.0,Men,True
2840,17841.0,M,California,21.0,17710.0,2019-01-12,GGOEGATC060313,Google Women's 1/4 Zip Performance Pullover Two-Tone Blue,Apparel,1.0,53.64,20.74,Clicked,0.18,1/12/2019,5000.0,2435.97,1,SALE10,10.0,Women,True
2846,17841.0,M,California,21.0,17720.0,2019-01-12,GGOEGAQB036014,Google Women's Fleece Hoodie,Apparel,1.0,46.21,6.5,Not Used,0.18,1/12/2019,5000.0,2435.97,1,SALE10,10.0,Women,True
2847,17841.0,M,California,21.0,17722.0,2019-01-12,GGOEGAFJ036215,Google Men's Pullover Hoodie Grey,Apparel,1.0,42.91,6.5,Clicked,0.18,1/12/2019,5000.0,2435.97,1,SALE10,10.0,Men,True
2850,17643.0,F,California,33.0,17692.0,2019-01-12,GGOEGAFJ036216,Google Men's Pullover Hoodie Grey,Apparel,1.0,42.91,6.5,Clicked,0.18,1/12/2019,5000.0,2435.97,1,SALE10,10.0,Men,True
2851,13093.0,M,California,35.0,17737.0,2019-01-12,GGOEGADJ057116,Google Men's Performance 1/4 Zip Pullover Heather/Black,Apparel,1.0,90.77,6.5,Used,0.18,1/12/2019,5000.0,2435.97,1,SALE10,10.0,Men,True
2854,13468.0,M,New York,33.0,17754.0,2019-01-13,GGOEAAQB036114,Android Women's Fleece Hoodie,Apparel,1.0,57.76,6.5,Clicked,0.18,1/13/2019,5000.0,2449.65,1,SALE10,10.0,Women,True
2855,13468.0,M,New York,33.0,17754.0,2019-01-13,GGOEAAQB036115,Android Women's Fleece Hoodie,Apparel,1.0,57.76,6.5,Clicked,0.18,1/13/2019,5000.0,2449.65,1,SALE10,10.0,Women,True
2856,13468.0,M,New York,33.0,17754.0,2019-01-13,GGOEGAFB035817,Google Men's  Zip Hoodie,Apparel,1.0,57.76,6.5,Clicked,0.18,1/13/2019,5000.0,2449.65,1,SALE10,10.0,Men,True
2858,16048.0,M,New Jersey,12.0,17770.0,2019-01-13,GGOEGAFB035817,Google Men's  Zip Hoodie,Apparel,1.0,46.21,6.5,Clicked,0.18,1/13/2019,5000.0,2449.65,1,SALE10,10.0,Men,True
2859,16048.0,M,New Jersey,12.0,17771.0,2019-01-13,GGOEGAFB035814,Google Men's  Zip Hoodie,Apparel,1.0,46.21,6.5,Used,0.18,1/13/2019,5000.0,2449.65,1,SALE10,10.0,Men,True
2863,16274.0,F,California,43.0,17789.0,2019-01-13,GGOEGAFJ036214,Google Men's Pullover Hoodie Grey,Apparel,1.0,42.91,6.5,Clicked,0.18,1/13/2019,5000.0,2449.65,1,SALE10,10.0,Men,True
2864,16274.0,F,California,43.0,17789.0,2019-01-13,GGOEGAFJ036215,Google Men's Pullover Hoodie Grey,Apparel,2.0,42.91,6.5,Clicked,0.18,1/13/2019,5000.0,2449.65,1,SALE10,10.0,Men,True
2866,16274.0,F,California,43.0,17800.0,2019-01-13,GGOEGAFB035816,Google Men's  Zip Hoodie,Apparel,1.0,46.21,6.5,Clicked,0.18,1/13/2019,5000.0,2449.65,1,SALE10,10.0,Men,True
2867,16274.0,F,California,43.0,17800.0,2019-01-13,GGOEGAFJ036216,Google Men's Pullover Hoodie Grey,Apparel,1.0,42.91,6.5,Used,0.18,1/13/2019,5000.0,2449.65,1,SALE10,10.0,Men,True
2878,16274.0,F,California,43.0,17815.0,2019-01-13,GGOEGAFB035815,Google Men's  Zip Hoodie,Apparel,2.0,57.76,6.5,Clicked,0.18,1/13/2019,5000.0,2449.65,1,SALE10,10.0,Men,True
2879,16274.0,F,California,43.0,17815.0,2019-01-13,GGOEGAFB035816,Google Men's  Zip Hoodie,Apparel,2.0,57.76,6.5,Used,0.18,1/13/2019,5000.0,2449.65,1,SALE10,10.0,Men,True
2882,14696.0,M,New York,48.0,17824.0,2019-01-13,GGOEGAFB035814,Google Men's  Zip Hoodie,Apparel,1.0,57.76,6.5,Clicked,0.18,1/13/2019,5000.0,2449.65,1,SALE10,10.0,Men,True
2887,16539.0,M,California,2.0,17842.0,2019-01-13,GGOEGAFB035814,Google Men's  Zip Hoodie,Apparel,1.0,46.21,6.5,Used,0.18,1/13/2019,5000.0,2449.65,1,SALE10,10.0,Men,True
2893,13777.0,F,California,7.0,17864.0,2019-01-14,GGOEGADB057316,Google Men's Lightweight Microfleece Jacket Black,Apparel,1.0,61.89,6.5,Not Used,0.18,1/14/2019,5000.0,1920.57,1,SALE10,10.0,Men,True
2898,13777.0,F,California,7.0,17865.0,2019-01-14,GGOEGAQB036014,Google Women's Fleece Hoodie,Apparel,1.0,57.76,6.5,Clicked,0.18,1/14/2019,5000.0,1920.57,1,SALE10,10.0,Women,True
2901,13777.0,F,California,7.0,17866.0,2019-01-14,GGOEGAFB035816,Google Men's  Zip Hoodie,Apparel,1.0,57.76,6.5,Clicked,0.18,1/14/2019,5000.0,1920.57,1,SALE10,10.0,Men,True
2916,17069.0,F,California,10.0,17940.0,2019-01-15,GGOEGADJ059416,Google Men's Microfiber 1/4 Zip Pullover Grey/Black,Apparel,2.0,77.36,6.5,Clicked,0.18,1/15/2019,3000.0,1734.68,1,SALE10,10.0,Men,True
2918,17069.0,F,California,10.0,17940.0,2019-01-15,GGOEGAPB058216,Google Women's Lightweight Microfleece Jacket,Apparel,1.0,77.36,6.5,Clicked,0.18,1/15/2019,3000.0,1734.68,1,SALE10,10.0,Women,True
2926,18041.0,M,Washington DC,30.0,18319.0,2019-01-19,GGOEAAFB035914,Android Men's  Zip Hoodie,Apparel,1.0,57.76,6.5,Not Used,0.18,1/19/2019,3000.0,2753.56,1,SALE10,10.0,Men,True
2930,18041.0,M,Washington DC,30.0,18323.0,2019-01-19,GGOEGAFJ036215,Google Men's Pullover Hoodie Grey,Apparel,1.0,42.91,13.78,Clicked,0.18,1/19/2019,3000.0,2753.56,1,SALE10,10.0,Men,True
2941,16244.0,F,New York,36.0,18367.0,2019-01-19,GGOEGADB059617,Google Men's Quilted Insulated Vest Black,Apparel,1.0,77.36,28.78,Not Used,0.18,1/19/2019,3000.0,2753.56,1,SALE10,10.0,Men,True
2944,14031.0,F,Chicago,17.0,19078.0,2019-01-29,GGOEGAFB035816,Google Men's  Zip Hoodie,Apparel,1.0,57.76,6.5,Used,0.18,1/29/2019,700.0,836.13,1,SALE10,10.0,Men,True
2945,14031.0,F,Chicago,17.0,19079.0,2019-01-29,GGOEGAFJ036215,Google Men's Pullover Hoodie Grey,Apparel,1.0,53.64,6.5,Clicked,0.18,1/29/2019,700.0,836.13,1,SALE10,10.0,Men,True
2948,14775.0,F,Chicago,25.0,19094.0,2019-01-29,GGOEGATB060215,Google Women's 1/4 Zip Performance Pullover Black,Apparel,1.0,67.05,6.5,Clicked,0.18,1/29/2019,700.0,836.13,1,SALE10,10.0,Women,True
2969,13117.0,M,New Jersey,30.0,18593.0,2019-01-23,GGOEGAEJ033315,Google Men's Long Sleeve Pullover Badge Tee Heather,Apparel,1.0,36.1,6.5,Clicked,0.18,1/23/2019,1000.0,1356.59,1,SALE10,10.0,Men,True
2982,16916.0,F,New York,7.0,18607.0,2019-01-23,GGOEGATJ060516,Google Women's Quilted Insulated Vest White,Apparel,1.0,77.36,6.5,Used,0.18,1/23/2019,1000.0,1356.59,1,SALE10,10.0,Women,True
2985,16916.0,F,New York,7.0,18617.0,2019-01-23,GGOEGAFB035814,Google Men's  Zip Hoodie,Apparel,1.0,46.21,13.78,Used,0.18,1/23/2019,1000.0,1356.59,1,SALE10,10.0,Men,True
2986,16916.0,F,New York,7.0,18617.0,2019-01-23,GGOEGAFB035815,Google Men's  Zip Hoodie,Apparel,1.0,46.21,13.78,Used,0.18,1/23/2019,1000.0,1356.59,1,SALE10,10.0,Men,True
2989,16916.0,F,New York,7.0,18620.0,2019-01-23,GGOEGAFB035815,Google Men's  Zip Hoodie,Apparel,1.0,46.21,6.5,Used,0.18,1/23/2019,1000.0,1356.59,1,SALE10,10.0,Men,True
2994,17964.0,M,New Jersey,5.0,18641.0,2019-01-23,GGOEGAFB035817,Google Men's  Zip Hoodie,Apparel,1.0,46.21,6.5,Clicked,0.18,1/23/2019,1000.0,1356.59,1,SALE10,10.0,Men,True
2995,17964.0,M,New Jersey,5.0,18641.0,2019-01-23,GGOEGAQB036015,Google Women's Fleece Hoodie,Apparel,1.0,46.21,6.5,Used,0.18,1/23/2019,1000.0,1356.59,1,SALE10,10.0,Women,True
2996,17964.0,M,New Jersey,5.0,18656.0,2019-01-23,GGOEAAFB035914,Android Men's  Zip Hoodie,Apparel,1.0,46.21,6.5,Clicked,0.18,1/23/2019,1000.0,1356.59,1,SALE10,10.0,Men,True
3016,15574.0,F,New York,5.0,18975.0,2019-01-27,GGOEGAFB035814,Google Men's  Zip Hoodie,Apparel,1.0,46.21,6.5,Clicked,0.18,1/27/2019,1000.0,687.86,1,SALE10,10.0,Men,True
3020,15574.0,F,New York,5.0,18980.0,2019-01-27,GGOEGAQB036015,Google Women's Fleece Hoodie,Apparel,1.0,46.21,6.5,Clicked,0.18,1/27/2019,1000.0,687.86,1,SALE10,10.0,Women,True
3022,15574.0,F,New York,5.0,18981.0,2019-01-27,GGOEYAEJ033514,YouTube Men's Long Sleeve Pullover Badge Tee Heather,Apparel,1.0,28.88,6.5,Clicked,0.18,1/27/2019,1000.0,687.86,1,SALE10,10.0,Men,True
3025,15574.0,F,New York,5.0,18994.0,2019-01-27,GGOEGADB056915,Google Men's Performance Full Zip Jacket Black,Apparel,1.0,99.03,13.78,Used,0.18,1/27/2019,1000.0,687.86,1,SALE10,10.0,Men,True
3026,15574.0,F,New York,5.0,18995.0,2019-01-27,GGOEGADJ059714,Google Men's Quilted Insulated Vest Battleship Grey,Apparel,1.0,61.89,6.5,Used,0.18,1/27/2019,1000.0,687.86,1,SALE10,10.0,Men,True
3028,15574.0,F,New York,5.0,19004.0,2019-01-27,GGOEYAEJ033515,YouTube Men's Long Sleeve Pullover Badge Tee Heather,Apparel,1.0,28.88,28.78,Clicked,0.18,1/27/2019,1000.0,687.86,1,SALE10,10.0,Men,True
3029,15574.0,F,New York,5.0,19004.0,2019-01-27,GGOEYAFB073115,YouTube Men's Fleece Hoodie Black,Apparel,1.0,46.21,28.78,Not Used,0.18,1/27/2019,1000.0,687.86,1,SALE10,10.0,Men,True
3039,15574.0,F,New York,5.0,19017.0,2019-01-27,GGOEYAFB073115,YouTube Men's Fleece Hoodie Black,Apparel,5.0,46.21,182.74,Clicked,0.18,1/27/2019,1000.0,687.86,1,SALE10,10.0,Men,True
3040,15574.0,F,New York,5.0,19017.0,2019-01-27,GGOEYAQB073214,YouTube Women's Fleece Hoodie Black,Apparel,5.0,46.21,182.74,Not Used,0.18,1/27/2019,1000.0,687.86,1,SALE10,10.0,Women,True
3041,16770.0,F,Chicago,26.0,19017.0,2019-01-27,GGOEYAQB073215,YouTube Women's Fleece Hoodie Black,Apparel,5.0,46.21,182.74,Clicked,0.18,1/27/2019,1000.0,687.86,1,SALE10,10.0,Women,True
3045,17838.0,F,California,14.0,19026.0,2019-01-27,GGOEGADB059215,Google Men's Airflow 1/4 Zip Pullover Black,Apparel,2.0,72.2,6.5,Clicked,0.18,1/27/2019,1000.0,687.86,1,SALE10,10.0,Men,True
3046,17838.0,F,California,14.0,19026.0,2019-01-27,GGOEGADB059216,Google Men's Airflow 1/4 Zip Pullover Black,Apparel,2.0,72.2,6.5,Clicked,0.18,1/27/2019,1000.0,687.86,1,SALE10,10.0,Men,True
3047,17838.0,F,California,14.0,19026.0,2019-01-27,GGOEGADC059315,Google Men's Airflow 1/4 Zip Pullover Lapis,Apparel,2.0,72.2,6.5,Used,0.18,1/27/2019,1000.0,687.86,1,SALE10,10.0,Men,True
3048,17838.0,F,California,14.0,19026.0,2019-01-27,GGOEGAPB058215,Google Women's Lightweight Microfleece Jacket,Apparel,1.0,77.36,6.5,Used,0.18,1/27/2019,1000.0,687.86,1,SALE10,10.0,Women,True
3063,13408.0,M,Chicago,30.0,19349.0,2019-01-31,GGOEGADC059515,Google Men's Microfiber 1/4 Zip Pullover Blue/Indigo,Apparel,1.0,61.89,6.5,Used,0.18,1/31/2019,700.0,1380.14,1,SALE10,10.0,Men,True
3074,17552.0,F,New York,44.0,19287.0,2019-01-31,GGOEGADB056617,Men's Weatherblock Shell Jacket Black,Apparel,1.0,95.93,6.5,Used,0.18,1/31/2019,700.0,1380.14,1,SALE10,10.0,Men,True
3101,14573.0,M,California,40.0,19326.0,2019-01-31,GGOEGADJ059715,Google Men's Quilted Insulated Vest Battleship Grey,Apparel,1.0,61.89,6.5,Used,0.18,1/31/2019,700.0,1380.14,1,SALE10,10.0,Men,True
3102,14573.0,M,California,40.0,19326.0,2019-01-31,GGOEGAFB035815,Google Men's  Zip Hoodie,Apparel,1.0,46.21,6.5,Clicked,0.18,1/31/2019,700.0,1380.14,1,SALE10,10.0,Men,True
3103,14573.0,M,California,40.0,19326.0,2019-01-31,GGOEGAFJ036215,Google Men's Pullover Hoodie Grey,Apparel,1.0,42.91,6.5,Used,0.18,1/31/2019,700.0,1380.14,1,SALE10,10.0,Men,True
3104,14573.0,M,California,40.0,19327.0,2019-01-31,GGOEGAPB058613,Google Women's Yoga Jacket Black,Apparel,1.0,86.65,6.5,Used,0.18,1/31/2019,700.0,1380.14,1,SALE10,10.0,Women,True
3109,14573.0,M,California,40.0,19335.0,2019-01-31,GGOEGAFB035815,Google Men's  Zip Hoodie,Apparel,1.0,57.76,6.5,Clicked,0.18,1/31/2019,700.0,1380.14,1,SALE10,10.0,Men,True
3110,14573.0,M,California,40.0,19338.0,2019-01-31,GGOEGAFB035815,Google Men's  Zip Hoodie,Apparel,1.0,46.21,6.5,Not Used,0.18,1/31/2019,700.0,1380.14,1,SALE10,10.0,Men,True
3111,14573.0,M,California,40.0,19338.0,2019-01-31,GGOEGAFB035816,Google Men's  Zip Hoodie,Apparel,1.0,46.21,6.5,Clicked,0.18,1/31/2019,700.0,1380.14,1,SALE10,10.0,Men,True
3112,14573.0,M,California,40.0,19338.0,2019-01-31,GGOEGAQB036014,Google Women's Fleece Hoodie,Apparel,1.0,46.21,6.5,Not Used,0.18,1/31/2019,700.0,1380.14,1,SALE10,10.0,Women,True
3114,17135.0,F,California,45.0,19342.0,2019-01-31,GGOEGAQB036014,Google Women's Fleece Hoodie,Apparel,1.0,57.76,6.5,Clicked,0.18,1/31/2019,700.0,1380.14,1,SALE10,10.0,Women,True
3119,12967.0,F,New York,34.0,19357.0,2019-01-31,GGOEGAFB035814,Google Men's  Zip Hoodie,Apparel,1.0,46.21,6.5,Clicked,0.18,1/31/2019,700.0,1380.14,1,SALE10,10.0,Men,True
3121,12967.0,F,New York,34.0,19360.0,2019-01-31,GGOEGAFB035814,Google Men's  Zip Hoodie,Apparel,1.0,57.76,6.5,Used,0.18,1/31/2019,700.0,1380.14,1,SALE10,10.0,Men,True
3126,12686.0,M,Chicago,30.0,19361.0,2019-01-31,GGOEYAFB073115,YouTube Men's Fleece Hoodie Black,Apparel,1.0,46.21,18.47,Not Used,0.18,1/31/2019,700.0,1380.14,1,SALE10,10.0,Men,True
3128,15240.0,M,New York,40.0,19368.0,2019-01-31,GGOEGAFB035814,Google Men's  Zip Hoodie,Apparel,1.0,57.76,6.5,Used,0.18,1/31/2019,700.0,1380.14,1,SALE10,10.0,Men,True
6097,17035.0,F,New York,10.0,45938.0,2019-12-07,GGOEGADB056917,Google Men's Performance Full Zip Jacket Black,Apparel,1.0,24.46,6.5,Used,0.18,12/7/2019,3500.0,3396.14,12,SALE30,30.0,Men,True
6176,14549.0,F,Chicago,22.0,46132.0,2019-12-08,GGOEGATH060714,Google Women's Convertible Vest-Jacket Sea Foam Green,Apparel,1.0,24.22,6.5,Not Used,0.18,12/8/2019,3500.0,2671.9,12,SALE30,30.0,Women,True
6904,14606.0,F,Chicago,33.0,45878.0,2019-12-06,GGOEGADC059314,Google Men's Airflow 1/4 Zip Pullover Lapis,Apparel,1.0,28.54,6.5,Clicked,0.18,12/6/2019,3500.0,1957.58,12,SALE30,30.0,Men,True
6906,14606.0,F,Chicago,33.0,45878.0,2019-12-06,GGOEGAPB057614,Google Women's Softshell Jacket Black/Grey,Apparel,1.0,22.02,6.5,Clicked,0.18,12/6/2019,3500.0,1957.58,12,SALE30,30.0,Women,True
7003,13494.0,M,California,33.0,45894.0,2019-12-06,GGOEGADC059314,Google Men's Airflow 1/4 Zip Pullover Lapis,Apparel,1.0,28.54,6.5,Used,0.18,12/6/2019,3500.0,1957.58,12,SALE30,30.0,Men,True
10157,12583.0,M,Chicago,33.0,34491.0,2019-08-02,GGOEGADJ056814,Google Men's Watershed Full Zip Hoodie Grey,Apparel,1.0,44.0,6.0,Clicked,0.18,8/2/2019,1500.0,2155.96,8,SALE20,20.0,Men,True
10159,12583.0,M,Chicago,33.0,34492.0,2019-08-02,GGOEGADB059614,Google Men's Quilted Insulated Vest Black,Apparel,1.0,52.49,6.0,Used,0.18,8/2/2019,1500.0,2155.96,8,SALE20,20.0,Men,True
10162,12583.0,M,Chicago,33.0,34494.0,2019-08-02,GGOEGAFB035815,Google Men's  Zip Hoodie,Apparel,1.0,44.79,6.0,Used,0.18,8/2/2019,1500.0,2155.96,8,SALE20,20.0,Men,True
10165,12583.0,M,Chicago,33.0,34496.0,2019-08-02,GGOEGADC059314,Google Men's Airflow 1/4 Zip Pullover Lapis,Apparel,1.0,28.0,6.0,Clicked,0.18,8/2/2019,1500.0,2155.96,8,SALE20,20.0,Men,True
10166,12583.0,M,Chicago,33.0,34496.0,2019-08-02,GGOEGADJ056814,Google Men's Watershed Full Zip Hoodie Grey,Apparel,1.0,44.0,6.0,Clicked,0.18,8/2/2019,1500.0,2155.96,8,SALE20,20.0,Men,True
10171,12583.0,M,Chicago,33.0,34501.0,2019-08-02,GGOEGAPB058612,Google Women's Yoga Jacket Black,Apparel,1.0,42.0,6.0,Clicked,0.18,8/2/2019,1500.0,2155.96,8,SALE20,20.0,Women,True
10176,16839.0,F,New York,10.0,34398.0,2019-08-02,GGOEGADC059317,Google Men's Airflow 1/4 Zip Pullover Lapis,Apparel,1.0,34.99,19.99,Clicked,0.18,8/2/2019,1500.0,2155.96,8,SALE20,20.0,Men,True
10177,16839.0,F,New York,10.0,34398.0,2019-08-02,GGOEGADC059514,Google Men's Microfiber 1/4 Zip Pullover Blue/Indigo,Apparel,1.0,37.49,19.99,Used,0.18,8/2/2019,1500.0,2155.96,8,SALE20,20.0,Men,True
10202,12481.0,F,California,49.0,34437.0,2019-08-02,GGOEGADJ056815,Google Men's Watershed Full Zip Hoodie Grey,Apparel,1.0,44.0,106.38,Clicked,0.18,8/2/2019,1500.0,2155.96,8,SALE20,20.0,Men,True
10203,12481.0,F,California,49.0,34437.0,2019-08-02,GGOEGADJ056816,Google Men's Watershed Full Zip Hoodie Grey,Apparel,1.0,44.0,106.38,Clicked,0.18,8/2/2019,1500.0,2155.96,8,SALE20,20.0,Men,True
10206,12481.0,F,California,49.0,34437.0,2019-08-02,GGOEGATH060714,Google Women's Convertible Vest-Jacket Sea Foam Green,Apparel,1.0,23.76,106.38,Not Used,0.18,8/2/2019,1500.0,2155.96,8,SALE20,20.0,Women,True
10209,16019.0,F,California,34.0,34404.0,2019-08-02,GGOEGADB059617,Google Men's Quilted Insulated Vest Black,Apparel,1.0,41.99,6.0,Used,0.18,8/2/2019,1500.0,2155.96,8,SALE20,20.0,Men,True
10222,16191.0,M,Chicago,19.0,34490.0,2019-08-02,GGOEYAFB073113,YouTube Men's Fleece Hoodie Black,Apparel,1.0,31.35,6.0,Not Used,0.18,8/2/2019,1500.0,2155.96,8,SALE20,20.0,Men,True
10224,12829.0,M,New Jersey,15.0,34472.0,2019-08-02,GGOEGADB056916,Google Men's Performance Full Zip Jacket Black,Apparel,1.0,48.0,6.0,Used,0.18,8/2/2019,1500.0,2155.96,8,SALE20,20.0,Men,True
10225,12829.0,M,New Jersey,15.0,34472.0,2019-08-02,GGOEGADJ056816,Google Men's Watershed Full Zip Hoodie Grey,Apparel,1.0,44.0,6.0,Clicked,0.18,8/2/2019,1500.0,2155.96,8,SALE20,20.0,Men,True
10231,13426.0,M,Chicago,38.0,34487.0,2019-08-02,GGOEGADC059514,Google Men's Microfiber 1/4 Zip Pullover Blue/Indigo,Apparel,1.0,30.0,6.0,Clicked,0.18,8/2/2019,1500.0,2155.96,8,SALE20,20.0,Men,True
10233,13426.0,M,Chicago,38.0,34489.0,2019-08-02,GGOEGADB059615,Google Men's Quilted Insulated Vest Black,Apparel,1.0,41.99,6.0,Clicked,0.18,8/2/2019,1500.0,2155.96,8,SALE20,20.0,Men,True
10234,13426.0,M,Chicago,38.0,34489.0,2019-08-02,GGOEGADJ056815,Google Men's Watershed Full Zip Hoodie Grey,Apparel,1.0,44.0,6.0,Clicked,0.18,8/2/2019,1500.0,2155.96,8,SALE20,20.0,Men,True
10238,13680.0,M,Washington DC,34.0,34470.0,2019-08-02,GGOEGADJ056814,Google Men's Watershed Full Zip Hoodie Grey,Apparel,1.0,44.0,6.0,Clicked,0.18,8/2/2019,1500.0,2155.96,8,SALE20,20.0,Men,True
10240,13680.0,M,Washington DC,34.0,34470.0,2019-08-02,GGOEGATB060213,Google Women's 1/4 Zip Performance Pullover Black,Apparel,1.0,26.0,6.0,Clicked,0.18,8/2/2019,1500.0,2155.96,8,SALE20,20.0,Women,True
10249,16551.0,F,California,10.0,34413.0,2019-08-02,GGOEGAPJ058014,Google Women's 1/4 Zip Jacket Charcoal,Apparel,1.0,44.0,6.0,Clicked,0.18,8/2/2019,1500.0,2155.96,8,SALE20,20.0,Women,True
10251,16889.0,F,Chicago,23.0,34441.0,2019-08-02,GGOEGAFB035814,Google Men's  Zip Hoodie,Apparel,1.0,55.99,6.0,Used,0.18,8/2/2019,1500.0,2155.96,8,SALE20,20.0,Men,True
10254,16889.0,F,Chicago,23.0,34444.0,2019-08-02,GGOEGAFB035814,Google Men's  Zip Hoodie,Apparel,1.0,44.79,6.0,Used,0.18,8/2/2019,1500.0,2155.96,8,SALE20,20.0,Men,True
10255,16889.0,F,Chicago,23.0,34444.0,2019-08-02,GGOEGAPB058213,Google Women's Lightweight Microfleece Jacket,Apparel,1.0,41.99,6.0,Clicked,0.18,8/2/2019,1500.0,2155.96,8,SALE20,20.0,Women,True
10273,16889.0,F,Chicago,23.0,34457.0,2019-08-02,GGOEGATB060413,Google Women's Quilted Insulated Vest Black,Apparel,1.0,59.99,6.0,Used,0.18,8/2/2019,1500.0,2155.96,8,SALE20,20.0,Women,True
10276,16889.0,F,Chicago,23.0,34458.0,2019-08-02,GGOEYAFB073115,YouTube Men's Fleece Hoodie Black,Apparel,1.0,31.35,40.74,Used,0.18,8/2/2019,1500.0,2155.96,8,SALE20,20.0,Men,True
10278,16889.0,F,Chicago,23.0,34459.0,2019-08-02,GGOEGAPB058616,Google Women's Yoga Jacket Black,Apparel,1.0,42.0,6.0,Clicked,0.18,8/2/2019,1500.0,2155.96,8,SALE20,20.0,Women,True
10283,15291.0,M,California,32.0,36617.0,2019-08-25,GGOEGADJ059713,Google Men's Quilted Insulated Vest Battleship Grey,Apparel,1.0,30.0,6.0,Used,0.18,8/25/2019,2500.0,1941.38,8,SALE20,20.0,Men,True
10297,12868.0,F,California,8.0,36598.0,2019-08-25,GGOEGADJ057116,Google Men's Performance 1/4 Zip Pullover Heather/Black,Apparel,1.0,26.4,6.0,Used,0.18,8/25/2019,2500.0,1941.38,8,SALE20,20.0,Men,True
10302,13089.0,F,New Jersey,25.0,36653.0,2019-08-25,GGOEGAFJ036216,Google Men's Pullover Hoodie Grey,Apparel,1.0,29.11,6.0,Clicked,0.18,8/25/2019,2500.0,1941.38,8,SALE20,20.0,Men,True
10307,15727.0,F,Chicago,40.0,36567.0,2019-08-25,GGOEYAFB073113,YouTube Men's Fleece Hoodie Black,Apparel,1.0,31.35,6.0,Used,0.18,8/25/2019,2500.0,1941.38,8,SALE20,20.0,Men,True
10309,15727.0,F,Chicago,40.0,36569.0,2019-08-25,GGOEGAPB058216,Google Women's Lightweight Microfleece Jacket,Apparel,1.0,41.99,6.0,Clicked,0.18,8/25/2019,2500.0,1941.38,8,SALE20,20.0,Women,True
10310,15727.0,F,Chicago,40.0,36569.0,2019-08-25,GGOEGATB060216,Google Women's 1/4 Zip Performance Pullover Black,Apparel,1.0,26.0,6.0,Used,0.18,8/25/2019,2500.0,1941.38,8,SALE20,20.0,Women,True
10315,12652.0,M,New York,21.0,36556.0,2019-08-25,GGOEGADB056613,Men's Weatherblock Shell Jacket Black,Apparel,1.0,37.2,12.99,Clicked,0.18,8/25/2019,2500.0,1941.38,8,SALE20,20.0,Men,True
10316,12652.0,M,New York,21.0,36556.0,2019-08-25,GGOEGADJ056813,Google Men's Watershed Full Zip Hoodie Grey,Apparel,1.0,44.0,12.99,Used,0.18,8/25/2019,2500.0,1941.38,8,SALE20,20.0,Men,True
10321,12652.0,M,New York,21.0,36564.0,2019-08-25,GGOEYAFB073113,YouTube Men's Fleece Hoodie Black,Apparel,3.0,31.35,6.0,Used,0.18,8/25/2019,2500.0,1941.38,8,SALE20,20.0,Men,True
10322,12652.0,M,New York,21.0,36564.0,2019-08-25,GGOEYAFB073115,YouTube Men's Fleece Hoodie Black,Apparel,1.0,31.35,6.0,Used,0.18,8/25/2019,2500.0,1941.38,8,SALE20,20.0,Men,True
10323,12652.0,M,New York,21.0,36564.0,2019-08-25,GGOEYAQB073217,YouTube Women's Fleece Hoodie Black,Apparel,1.0,31.35,6.0,Clicked,0.18,8/25/2019,2500.0,1941.38,8,SALE20,20.0,Women,True
10337,14514.0,F,Chicago,29.0,36594.0,2019-08-25,GGOEGAFJ036213,Google Men's Pullover Hoodie Grey,Apparel,1.0,29.11,6.0,Used,0.18,8/25/2019,2500.0,1941.38,8,SALE20,20.0,Men,True
10343,14167.0,M,California,29.0,36607.0,2019-08-25,GGOEGAPC058814,Google Women's Shell Jacket Blue/Black,Apparel,1.0,28.5,6.0,Used,0.18,8/25/2019,2500.0,1941.38,8,SALE20,20.0,Women,True
10344,14167.0,M,California,29.0,36607.0,2019-08-25,GGOEGATH060714,Google Women's Convertible Vest-Jacket Sea Foam Green,Apparel,1.0,29.7,6.0,Not Used,0.18,8/25/2019,2500.0,1941.38,8,SALE20,20.0,Women,True
10348,14167.0,M,California,29.0,36612.0,2019-08-25,GGOEGADB056613,Men's Weatherblock Shell Jacket Black,Apparel,1.0,46.5,19.99,Not Used,0.18,8/25/2019,2500.0,1941.38,8,SALE20,20.0,Men,True
10375,17364.0,M,New York,39.0,36641.0,2019-08-25,GGOEGADB056616,Men's Weatherblock Shell Jacket Black,Apparel,1.0,37.2,6.0,Not Used,0.18,8/25/2019,2500.0,1941.38,8,SALE20,20.0,Men,True
10376,17364.0,M,New York,39.0,36642.0,2019-08-25,GGOEGADC059313,Google Men's Airflow 1/4 Zip Pullover Lapis,Apparel,1.0,28.0,6.0,Used,0.18,8/25/2019,2500.0,1941.38,8,SALE20,20.0,Men,True
10388,15311.0,F,Chicago,40.0,34778.0,2019-08-05,GGOEYAFB073113,YouTube Men's Fleece Hoodie Black,Apparel,1.0,31.35,6.0,Clicked,0.18,8/5/2019,1500.0,2016.04,8,SALE20,20.0,Men,True
10391,15311.0,F,Chicago,40.0,34782.0,2019-08-05,GGOEGADB056714,Men's Softshell Jacket Black/Grey,Apparel,1.0,79.19,6.0,Not Used,0.18,8/5/2019,1500.0,2016.04,8,SALE20,20.0,Men,True
10410,17284.0,F,New York,38.0,34759.0,2019-08-05,GGOEYAFB073115,YouTube Men's Fleece Hoodie Black,Apparel,1.0,31.35,6.5,Used,0.18,8/5/2019,1500.0,2016.04,8,SALE20,20.0,Men,True
10411,17284.0,F,New York,38.0,34761.0,2019-08-05,GGOEGAPJ058016,Google Women's 1/4 Zip Jacket Charcoal,Apparel,1.0,44.0,6.0,Used,0.18,8/5/2019,1500.0,2016.04,8,SALE20,20.0,Women,True
10412,17284.0,F,New York,38.0,34761.0,2019-08-05,GGOEGATC060316,Google Women's 1/4 Zip Performance Pullover Two-Tone Blue,Apparel,1.0,26.0,6.0,Clicked,0.18,8/5/2019,1500.0,2016.04,8,SALE20,20.0,Women,True
10413,17284.0,F,New York,38.0,34761.0,2019-08-05,GGOEGATH060716,Google Women's Convertible Vest-Jacket Sea Foam Green,Apparel,1.0,23.76,6.0,Clicked,0.18,8/5/2019,1500.0,2016.04,8,SALE20,20.0,Women,True
10432,17284.0,F,New York,38.0,34773.0,2019-08-05,GGOEGATH060714,Google Women's Convertible Vest-Jacket Sea Foam Green,Apparel,1.0,23.76,6.0,Used,0.18,8/5/2019,1500.0,2016.04,8,SALE20,20.0,Women,True
10437,13233.0,M,Chicago,30.0,34782.0,2019-08-05,GGOEGADJ056814,Google Men's Watershed Full Zip Hoodie Grey,Apparel,1.0,44.0,6.0,Clicked,0.18,8/5/2019,1500.0,2016.04,8,SALE20,20.0,Men,True
10439,13233.0,M,Chicago,30.0,34782.0,2019-08-05,GGOEGATB060414,Google Women's Quilted Insulated Vest Black,Apparel,1.0,59.99,6.0,Used,0.18,8/5/2019,1500.0,2016.04,8,SALE20,20.0,Women,True
10442,15311.0,F,Chicago,40.0,35805.0,2019-08-16,GGOEGAFB035814,Google Men's  Zip Hoodie,Apparel,1.0,44.79,6.5,Clicked,0.18,8/16/2019,3500.0,1692.8,8,SALE20,20.0,Men,True
10443,15311.0,F,Chicago,40.0,35806.0,2019-08-16,GGOEGATC060315,Google Women's 1/4 Zip Performance Pullover Two-Tone Blue,Apparel,1.0,26.0,6.0,Not Used,0.18,8/16/2019,3500.0,1692.8,8,SALE20,20.0,Women,True
10444,15311.0,F,Chicago,40.0,35808.0,2019-08-16,GGOEGAFB035814,Google Men's  Zip Hoodie,Apparel,1.0,44.79,6.5,Clicked,0.18,8/16/2019,3500.0,1692.8,8,SALE20,20.0,Men,True
10448,15311.0,F,Chicago,40.0,35811.0,2019-08-16,GGOEGAPB057813,Women's Performance Full Zip Jacket Black,Apparel,1.0,67.19,50.0,Clicked,0.18,8/16/2019,3500.0,1692.8,8,SALE20,20.0,Women,True
10454,15311.0,F,Chicago,40.0,35815.0,2019-08-16,GGOEGADB056614,Men's Weatherblock Shell Jacket Black,Apparel,2.0,37.2,6.0,Used,0.18,8/16/2019,3500.0,1692.8,8,SALE20,20.0,Men,True
10455,15311.0,F,Chicago,40.0,35815.0,2019-08-16,GGOEGAFB035816,Google Men's  Zip Hoodie,Apparel,1.0,44.79,6.0,Used,0.18,8/16/2019,3500.0,1692.8,8,SALE20,20.0,Men,True
10456,15311.0,F,Chicago,40.0,35815.0,2019-08-16,GGOEGAPB058613,Google Women's Yoga Jacket Black,Apparel,1.0,42.0,6.0,Used,0.18,8/16/2019,3500.0,1692.8,8,SALE20,20.0,Women,True
10471,15061.0,M,California,7.0,35762.0,2019-08-16,GGOEGADJ057113,Google Men's Performance 1/4 Zip Pullover Heather/Black,Apparel,1.0,26.4,6.0,Clicked,0.18,8/16/2019,3500.0,1692.8,8,SALE20,20.0,Men,True
10472,15061.0,M,California,7.0,35762.0,2019-08-16,GGOEGADJ057114,Google Men's Performance 1/4 Zip Pullover Heather/Black,Apparel,2.0,26.4,6.0,Used,0.18,8/16/2019,3500.0,1692.8,8,SALE20,20.0,Men,True
10478,15867.0,M,New York,11.0,35828.0,2019-08-16,GGOEGADJ057116,Google Men's Performance 1/4 Zip Pullover Heather/Black,Apparel,1.0,33.0,6.0,Not Used,0.18,8/16/2019,3500.0,1692.8,8,SALE20,20.0,Men,True
10495,17450.0,F,California,17.0,35842.0,2019-08-16,GGOEGADB059616,Google Men's Quilted Insulated Vest Black,Apparel,1.0,41.99,6.0,Used,0.18,8/16/2019,3500.0,1692.8,8,SALE20,20.0,Men,True
10498,17450.0,F,California,17.0,35843.0,2019-08-16,GGOEGATH060713,Google Women's Convertible Vest-Jacket Sea Foam Green,Apparel,1.0,29.7,6.0,Not Used,0.18,8/16/2019,3500.0,1692.8,8,SALE20,20.0,Women,True
10500,17450.0,F,California,17.0,35846.0,2019-08-16,GGOEGAFB035815,Google Men's  Zip Hoodie,Apparel,1.0,44.79,6.0,Used,0.18,8/16/2019,3500.0,1692.8,8,SALE20,20.0,Men,True
10513,17406.0,F,Chicago,3.0,35751.0,2019-08-16,GGOEGAFB035815,Google Men's  Zip Hoodie,Apparel,1.0,44.79,12.48,Used,0.18,8/16/2019,3500.0,1692.8,8,SALE20,20.0,Men,True
10525,15044.0,F,California,31.0,35772.0,2019-08-16,GGOEGADB059616,Google Men's Quilted Insulated Vest Black,Apparel,1.0,41.99,6.0,Clicked,0.18,8/16/2019,3500.0,1692.8,8,SALE20,20.0,Men,True
10530,17739.0,F,California,7.0,35774.0,2019-08-16,GGOEGADB056613,Men's Weatherblock Shell Jacket Black,Apparel,1.0,37.2,6.0,Used,0.18,8/16/2019,3500.0,1692.8,8,SALE20,20.0,Men,True
10534,17739.0,F,California,7.0,35774.0,2019-08-16,GGOEGATH060714,Google Women's Convertible Vest-Jacket Sea Foam Green,Apparel,1.0,23.76,6.0,Clicked,0.18,8/16/2019,3500.0,1692.8,8,SALE20,20.0,Women,True
10539,16112.0,F,Chicago,16.0,35822.0,2019-08-16,GGOEGAPJ058014,Google Women's 1/4 Zip Jacket Charcoal,Apparel,1.0,44.0,6.0,Used,0.18,8/16/2019,3500.0,1692.8,8,SALE20,20.0,Women,True
10545,15281.0,F,California,36.0,35782.0,2019-08-16,GGOEGADJ057113,Google Men's Performance 1/4 Zip Pullover Heather/Black,Apparel,1.0,26.4,6.0,Used,0.18,8/16/2019,3500.0,1692.8,8,SALE20,20.0,Men,True
10550,15281.0,F,California,36.0,35786.0,2019-08-16,GGOEGADJ059718,Google Men's Quilted Insulated Vest Battleship Grey,Apparel,1.0,30.0,6.0,Used,0.18,8/16/2019,3500.0,1692.8,8,SALE20,20.0,Men,True
10559,15281.0,F,California,36.0,35798.0,2019-08-16,GGOEGAFB035813,Google Men's  Zip Hoodie,Apparel,1.0,44.79,30.0,Clicked,0.18,8/16/2019,3500.0,1692.8,8,SALE20,20.0,Men,True
10560,15281.0,F,California,36.0,35799.0,2019-08-16,GGOEGADB056915,Google Men's Performance Full Zip Jacket Black,Apparel,1.0,48.0,6.0,Clicked,0.18,8/16/2019,3500.0,1692.8,8,SALE20,20.0,Men,True
10561,15281.0,F,California,36.0,35800.0,2019-08-16,GGOEGAFB035814,Google Men's  Zip Hoodie,Apparel,1.0,44.79,30.0,Clicked,0.18,8/16/2019,3500.0,1692.8,8,SALE20,20.0,Men,True
10562,15281.0,F,California,36.0,35801.0,2019-08-16,GGOEGAFB035813,Google Men's  Zip Hoodie,Apparel,1.0,44.79,30.0,Used,0.18,8/16/2019,3500.0,1692.8,8,SALE20,20.0,Men,True
10563,15281.0,F,California,36.0,35802.0,2019-08-16,GGOEGAFB035814,Google Men's  Zip Hoodie,Apparel,1.0,44.79,30.0,Clicked,0.18,8/16/2019,3500.0,1692.8,8,SALE20,20.0,Men,True
10575,14320.0,F,Chicago,29.0,35848.0,2019-08-16,GGOEGATJ060515,Google Women's Quilted Insulated Vest White,Apparel,1.0,30.0,6.0,Used,0.18,8/16/2019,3500.0,1692.8,8,SALE20,20.0,Women,True
10578,14320.0,F,Chicago,29.0,35851.0,2019-08-16,GGOEGADJ057114,Google Men's Performance 1/4 Zip Pullover Heather/Black,Apparel,1.0,26.4,6.0,Clicked,0.18,8/16/2019,3500.0,1692.8,8,SALE20,20.0,Men,True
10579,14320.0,F,Chicago,29.0,35851.0,2019-08-16,GGOEGAFB035814,Google Men's  Zip Hoodie,Apparel,1.0,44.79,6.0,Clicked,0.18,8/16/2019,3500.0,1692.8,8,SALE20,20.0,Men,True
10592,15311.0,F,Chicago,40.0,36472.0,2019-08-24,GGOEGAPB057514,Women's Weatherblock Shell Jacket Black,Apparel,1.0,37.2,6.0,Used,0.18,8/24/2019,2500.0,2168.34,8,SALE20,20.0,Women,True
10598,14606.0,F,Chicago,33.0,36452.0,2019-08-24,GGOEGADC059314,Google Men's Airflow 1/4 Zip Pullover Lapis,Apparel,1.0,28.0,6.0,Clicked,0.18,8/24/2019,2500.0,2168.34,8,SALE20,20.0,Men,True
10599,14606.0,F,Chicago,33.0,36452.0,2019-08-24,GGOEGADJ057114,Google Men's Performance 1/4 Zip Pullover Heather/Black,Apparel,1.0,26.4,6.0,Used,0.18,8/24/2019,2500.0,2168.34,8,SALE20,20.0,Men,True
10600,12971.0,F,Washington DC,43.0,36529.0,2019-08-24,GGOEGAFB035814,Google Men's  Zip Hoodie,Apparel,1.0,44.79,6.0,Clicked,0.18,8/24/2019,2500.0,2168.34,8,SALE20,20.0,Men,True
10647,12383.0,M,New York,32.0,36522.0,2019-08-24,GGOEGAFB035814,Google Men's  Zip Hoodie,Apparel,1.0,44.79,6.0,Clicked,0.18,8/24/2019,2500.0,2168.34,8,SALE20,20.0,Men,True
10649,14715.0,F,New Jersey,2.0,36452.0,2019-08-24,GGOEGAFB035814,Google Men's  Zip Hoodie,Apparel,1.0,44.79,6.0,Not Used,0.18,8/24/2019,2500.0,2168.34,8,SALE20,20.0,Men,True
10656,14715.0,F,New Jersey,2.0,36457.0,2019-08-24,GGOEGAPB058213,Google Women's Lightweight Microfleece Jacket,Apparel,1.0,41.99,6.0,Used,0.18,8/24/2019,2500.0,2168.34,8,SALE20,20.0,Women,True
10661,12437.0,F,New Jersey,50.0,36526.0,2019-08-24,GGOEGAPB058614,Google Women's Yoga Jacket Black,Apparel,1.0,42.0,6.5,Clicked,0.18,8/24/2019,2500.0,2168.34,8,SALE20,20.0,Women,True
10667,14040.0,F,New York,10.0,36532.0,2019-08-24,GGOEGADC059516,Google Men's Microfiber 1/4 Zip Pullover Blue/Indigo,Apparel,1.0,30.0,6.0,Used,0.18,8/24/2019,2500.0,2168.34,8,SALE20,20.0,Men,True
10668,14040.0,F,New York,10.0,36532.0,2019-08-24,GGOEGAFJ036217,Google Men's Pullover Hoodie Grey,Apparel,1.0,29.11,6.0,Clicked,0.18,8/24/2019,2500.0,2168.34,8,SALE20,20.0,Men,True
10681,12652.0,M,New York,21.0,36540.0,2019-08-24,GGOEGADB056614,Men's Weatherblock Shell Jacket Black,Apparel,1.0,37.2,6.0,Not Used,0.18,8/24/2019,2500.0,2168.34,8,SALE20,20.0,Men,True
10682,12652.0,M,New York,21.0,36540.0,2019-08-24,GGOEGAPB057512,Women's Weatherblock Shell Jacket Black,Apparel,1.0,37.2,6.0,Clicked,0.18,8/24/2019,2500.0,2168.34,8,SALE20,20.0,Women,True
10683,12652.0,M,New York,21.0,36540.0,2019-08-24,GGOEGAPC058812,Google Women's Shell Jacket Blue/Black,Apparel,1.0,22.8,6.0,Not Used,0.18,8/24/2019,2500.0,2168.34,8,SALE20,20.0,Women,True
10712,14215.0,F,New York,29.0,36859.0,2019-08-29,GGOEGADJ056818,Google Men's Watershed Full Zip Hoodie Grey,Apparel,1.0,44.0,6.0,Clicked,0.18,8/29/2019,3000.0,1056.67,8,SALE20,20.0,Men,True
10737,15916.0,F,Chicago,37.0,36884.0,2019-08-29,GGOEGATH060717,Google Women's Convertible Vest-Jacket Sea Foam Green,Apparel,1.0,23.76,6.0,Clicked,0.18,8/29/2019,3000.0,1056.67,8,SALE20,20.0,Women,True
10740,15916.0,F,Chicago,37.0,36889.0,2019-08-29,GGOEGAPB058614,Google Women's Yoga Jacket Black,Apparel,1.0,42.0,6.0,Clicked,0.18,8/29/2019,3000.0,1056.67,8,SALE20,20.0,Women,True
10741,15916.0,F,Chicago,37.0,36892.0,2019-08-29,GGOEAAFB035913,Android Men's  Zip Hoodie,Apparel,1.0,31.35,6.0,Used,0.18,8/29/2019,3000.0,1056.67,8,SALE20,20.0,Men,True
10742,15916.0,F,Chicago,37.0,36892.0,2019-08-29,GGOEGATH060713,Google Women's Convertible Vest-Jacket Sea Foam Green,Apparel,1.0,23.76,6.0,Clicked,0.18,8/29/2019,3000.0,1056.67,8,SALE20,20.0,Women,True
10754,17744.0,F,New York,42.0,36871.0,2019-08-29,GGOEGAFB035814,Google Men's  Zip Hoodie,Apparel,1.0,55.99,6.0,Clicked,0.18,8/29/2019,3000.0,1056.67,8,SALE20,20.0,Men,True
10767,12578.0,F,Chicago,8.0,36941.0,2019-08-29,GGOEGADB056616,Men's Weatherblock Shell Jacket Black,Apparel,1.0,46.5,6.0,Clicked,0.18,8/29/2019,3000.0,1056.67,8,SALE20,20.0,Men,True
10800,15708.0,F,Chicago,49.0,35012.0,2019-08-08,GGOEGAPB057514,Women's Weatherblock Shell Jacket Black,Apparel,1.0,37.2,6.0,Clicked,0.18,8/8/2019,3000.0,1486.8,8,SALE20,20.0,Women,True
10815,15708.0,F,Chicago,49.0,35023.0,2019-08-08,GGOEGATB060213,Google Women's 1/4 Zip Performance Pullover Black,Apparel,1.0,26.0,6.0,Clicked,0.18,8/8/2019,3000.0,1486.8,8,SALE20,20.0,Women,True
10816,15708.0,F,Chicago,49.0,35023.0,2019-08-08,GGOEGATJ060513,Google Women's Quilted Insulated Vest White,Apparel,1.0,30.0,6.0,Used,0.18,8/8/2019,3000.0,1486.8,8,SALE20,20.0,Women,True
10817,15708.0,F,Chicago,49.0,35028.0,2019-08-08,GGOEGADJ056818,Google Men's Watershed Full Zip Hoodie Grey,Apparel,1.0,44.0,6.0,Clicked,0.18,8/8/2019,3000.0,1486.8,8,SALE20,20.0,Men,True
10818,15708.0,F,Chicago,49.0,35028.0,2019-08-08,GGOEYAFB073113,YouTube Men's Fleece Hoodie Black,Apparel,1.0,31.35,6.0,Used,0.18,8/8/2019,3000.0,1486.8,8,SALE20,20.0,Men,True
10825,14800.0,M,Chicago,21.0,34968.0,2019-08-08,GGOEGADJ056816,Google Men's Watershed Full Zip Hoodie Grey,Apparel,1.0,44.0,6.0,Clicked,0.18,8/8/2019,3000.0,1486.8,8,SALE20,20.0,Men,True
10832,14800.0,M,Chicago,21.0,34973.0,2019-08-08,GGOEGAPB058613,Google Women's Yoga Jacket Black,Apparel,1.0,42.0,6.0,Used,0.18,8/8/2019,3000.0,1486.8,8,SALE20,20.0,Women,True
10833,14800.0,M,Chicago,21.0,34973.0,2019-08-08,GGOEGATB060213,Google Women's 1/4 Zip Performance Pullover Black,Apparel,1.0,26.0,6.0,Used,0.18,8/8/2019,3000.0,1486.8,8,SALE20,20.0,Women,True
10840,14800.0,M,Chicago,21.0,34981.0,2019-08-08,GGOEGAPB058613,Google Women's Yoga Jacket Black,Apparel,1.0,42.0,12.99,Clicked,0.18,8/8/2019,3000.0,1486.8,8,SALE20,20.0,Women,True
10872,14472.0,F,Washington DC,10.0,34996.0,2019-08-08,GGOEGADJ056816,Google Men's Watershed Full Zip Hoodie Grey,Apparel,1.0,55.0,12.99,Clicked,0.18,8/8/2019,3000.0,1486.8,8,SALE20,20.0,Men,True
10880,15611.0,F,New York,4.0,34983.0,2019-08-08,GGOEGAPB057514,Women's Weatherblock Shell Jacket Black,Apparel,1.0,46.5,6.0,Not Used,0.18,8/8/2019,3000.0,1486.8,8,SALE20,20.0,Women,True
10881,15611.0,F,New York,4.0,34983.0,2019-08-08,GGOEGAPC058814,Google Women's Shell Jacket Blue/Black,Apparel,1.0,28.5,6.0,Clicked,0.18,8/8/2019,3000.0,1486.8,8,SALE20,20.0,Women,True
10882,17114.0,M,California,19.0,34996.0,2019-08-08,GGOEGATH060713,Google Women's Convertible Vest-Jacket Sea Foam Green,Apparel,1.0,29.7,12.99,Clicked,0.18,8/8/2019,3000.0,1486.8,8,SALE20,20.0,Women,True
10888,15059.0,F,Chicago,20.0,35036.0,2019-08-08,GGOEYAQB073216,YouTube Women's Fleece Hoodie Black,Apparel,1.0,39.19,12.99,Clicked,0.18,8/8/2019,3000.0,1486.8,8,SALE20,20.0,Women,True
10892,15059.0,F,Chicago,20.0,35037.0,2019-08-08,GGOEGATH060714,Google Women's Convertible Vest-Jacket Sea Foam Green,Apparel,1.0,23.76,6.0,Not Used,0.18,8/8/2019,3000.0,1486.8,8,SALE20,20.0,Women,True
10893,15059.0,F,Chicago,20.0,35038.0,2019-08-08,GGOEYAFB073115,YouTube Men's Fleece Hoodie Black,Apparel,1.0,31.35,6.0,Clicked,0.18,8/8/2019,3000.0,1486.8,8,SALE20,20.0,Men,True
10896,15059.0,F,Chicago,20.0,35049.0,2019-08-08,GGOEGAFB035816,Google Men's  Zip Hoodie,Apparel,1.0,44.79,6.0,Clicked,0.18,8/8/2019,3000.0,1486.8,8,SALE20,20.0,Men,True
10900,15059.0,F,Chicago,20.0,35051.0,2019-08-08,GGOEGADJ056814,Google Men's Watershed Full Zip Hoodie Grey,Apparel,2.0,44.0,6.0,Clicked,0.18,8/8/2019,3000.0,1486.8,8,SALE20,20.0,Men,True
10913,13694.0,F,California,44.0,36681.0,2019-08-26,GGOEGAFB035815,Google Men's  Zip Hoodie,Apparel,1.0,55.99,6.0,Used,0.18,8/26/2019,2500.0,1094.77,8,SALE20,20.0,Men,True
10914,13694.0,F,California,44.0,36683.0,2019-08-26,GGOEGAFB035814,Google Men's  Zip Hoodie,Apparel,1.0,44.79,6.0,Used,0.18,8/26/2019,2500.0,1094.77,8,SALE20,20.0,Men,True
10920,13089.0,F,New Jersey,25.0,36657.0,2019-08-26,GGOEGATH060714,Google Women's Convertible Vest-Jacket Sea Foam Green,Apparel,1.0,23.76,6.0,Clicked,0.18,8/26/2019,2500.0,1094.77,8,SALE20,20.0,Women,True
10931,13089.0,F,New Jersey,25.0,36663.0,2019-08-26,GGOEGATH060713,Google Women's Convertible Vest-Jacket Sea Foam Green,Apparel,1.0,23.76,6.0,Used,0.18,8/26/2019,2500.0,1094.77,8,SALE20,20.0,Women,True
10932,13089.0,F,New Jersey,25.0,36672.0,2019-08-26,GGOEGAPB058216,Google Women's Lightweight Microfleece Jacket,Apparel,1.0,41.99,6.0,Clicked,0.18,8/26/2019,2500.0,1094.77,8,SALE20,20.0,Women,True
10944,16161.0,M,New York,10.0,36699.0,2019-08-26,GGOEGAFB035814,Google Men's  Zip Hoodie,Apparel,1.0,44.79,6.0,Used,0.18,8/26/2019,2500.0,1094.77,8,SALE20,20.0,Men,True
10981,18190.0,M,California,8.0,36691.0,2019-08-26,GGOEYAFB073113,YouTube Men's Fleece Hoodie Black,Apparel,1.0,39.19,6.0,Used,0.18,8/26/2019,2500.0,1094.77,8,SALE20,20.0,Men,True
11000,12480.0,M,California,22.0,34802.0,2019-08-06,GGOEGADB056915,Google Men's Performance Full Zip Jacket Black,Apparel,1.0,60.0,6.0,Clicked,0.18,8/6/2019,3000.0,1143.02,8,SALE20,20.0,Men,True
11008,12480.0,M,California,22.0,34812.0,2019-08-06,GGOEGATB060216,Google Women's 1/4 Zip Performance Pullover Black,Apparel,1.0,32.49,6.0,Clicked,0.18,8/6/2019,3000.0,1143.02,8,SALE20,20.0,Women,True
11018,14672.0,M,New York,8.0,34828.0,2019-08-06,GGOEGADB056918,Google Men's Performance Full Zip Jacket Black,Apparel,2.0,48.0,6.0,Not Used,0.18,8/6/2019,3000.0,1143.02,8,SALE20,20.0,Men,True
11019,14672.0,M,New York,8.0,34828.0,2019-08-06,GGOEGADB059618,Google Men's Quilted Insulated Vest Black,Apparel,2.0,41.99,6.0,Used,0.18,8/6/2019,3000.0,1143.02,8,SALE20,20.0,Men,True
11020,14672.0,M,New York,8.0,34828.0,2019-08-06,GGOEGATB060414,Google Women's Quilted Insulated Vest Black,Apparel,1.0,59.99,6.0,Clicked,0.18,8/6/2019,3000.0,1143.02,8,SALE20,20.0,Women,True
11034,17841.0,M,California,21.0,35307.0,2019-08-11,GGOEGATH060714,Google Women's Convertible Vest-Jacket Sea Foam Green,Apparel,1.0,23.76,6.0,Used,0.18,8/11/2019,3000.0,2563.83,8,SALE20,20.0,Women,True
11040,17757.0,F,New York,45.0,35283.0,2019-08-11,GGOEGAFJ036213,Google Men's Pullover Hoodie Grey,Apparel,1.0,29.11,6.0,Clicked,0.18,8/11/2019,3000.0,2563.83,8,SALE20,20.0,Men,True
11041,17757.0,F,New York,45.0,35286.0,2019-08-11,GGOEGAFB035814,Google Men's  Zip Hoodie,Apparel,1.0,44.79,6.0,Clicked,0.18,8/11/2019,3000.0,2563.83,8,SALE20,20.0,Men,True
11043,17757.0,F,New York,45.0,35287.0,2019-08-11,GGOEGADC059315,Google Men's Airflow 1/4 Zip Pullover Lapis,Apparel,1.0,28.0,6.5,Clicked,0.18,8/11/2019,3000.0,2563.83,8,SALE20,20.0,Men,True
11044,17757.0,F,New York,45.0,35287.0,2019-08-11,GGOEGAPB058614,Google Women's Yoga Jacket Black,Apparel,1.0,42.0,6.5,Used,0.18,8/11/2019,3000.0,2563.83,8,SALE20,20.0,Women,True
11046,17757.0,F,New York,45.0,35288.0,2019-08-11,GGOEGADJ059713,Google Men's Quilted Insulated Vest Battleship Grey,Apparel,1.0,30.0,6.0,Used,0.18,8/11/2019,3000.0,2563.83,8,SALE20,20.0,Men,True
11050,14395.0,M,New Jersey,4.0,35362.0,2019-08-11,GGOEGADJ057114,Google Men's Performance 1/4 Zip Pullover Heather/Black,Apparel,1.0,26.4,6.0,Used,0.18,8/11/2019,3000.0,2563.83,8,SALE20,20.0,Men,True
11051,14395.0,M,New Jersey,4.0,35363.0,2019-08-11,GGOEGAPC058812,Google Women's Shell Jacket Blue/Black,Apparel,1.0,22.8,6.0,Clicked,0.18,8/11/2019,3000.0,2563.83,8,SALE20,20.0,Women,True
11053,14395.0,M,New Jersey,4.0,35364.0,2019-08-11,GGOEGAFJ036213,Google Men's Pullover Hoodie Grey,Apparel,1.0,29.11,6.0,Clicked,0.18,8/11/2019,3000.0,2563.83,8,SALE20,20.0,Men,True
11057,14395.0,M,New Jersey,4.0,35367.0,2019-08-11,GGOEGAPB058212,Google Women's Lightweight Microfleece Jacket,Apparel,1.0,41.99,6.0,Clicked,0.18,8/11/2019,3000.0,2563.83,8,SALE20,20.0,Women,True
11069,14395.0,M,New Jersey,4.0,35371.0,2019-08-11,GGOEGAFB035813,Google Men's  Zip Hoodie,Apparel,1.0,44.79,6.0,Clicked,0.18,8/11/2019,3000.0,2563.83,8,SALE20,20.0,Men,True
11075,17218.0,F,Chicago,31.0,35330.0,2019-08-11,GGOEGAFB035814,Google Men's  Zip Hoodie,Apparel,1.0,55.99,6.0,Used,0.18,8/11/2019,3000.0,2563.83,8,SALE20,20.0,Men,True
11089,12766.0,F,Chicago,22.0,35404.0,2019-08-11,GGOEGADJ057113,Google Men's Performance 1/4 Zip Pullover Heather/Black,Apparel,1.0,26.4,6.0,Not Used,0.18,8/11/2019,3000.0,2563.83,8,SALE20,20.0,Men,True
11090,12766.0,F,Chicago,22.0,35404.0,2019-08-11,GGOEGAPB058614,Google Women's Yoga Jacket Black,Apparel,1.0,42.0,6.0,Used,0.18,8/11/2019,3000.0,2563.83,8,SALE20,20.0,Women,True
11093,12766.0,F,Chicago,22.0,35410.0,2019-08-11,GGOEGATH060713,Google Women's Convertible Vest-Jacket Sea Foam Green,Apparel,1.0,23.76,6.0,Clicked,0.18,8/11/2019,3000.0,2563.83,8,SALE20,20.0,Women,True
11099,12766.0,F,Chicago,22.0,35411.0,2019-08-11,GGOEGAFJ036213,Google Men's Pullover Hoodie Grey,Apparel,1.0,29.11,6.0,Clicked,0.18,8/11/2019,3000.0,2563.83,8,SALE20,20.0,Men,True
11110,15005.0,F,New York,30.0,35279.0,2019-08-11,GGOEGADC059315,Google Men's Airflow 1/4 Zip Pullover Lapis,Apparel,1.0,28.0,6.0,Not Used,0.18,8/11/2019,3000.0,2563.83,8,SALE20,20.0,Men,True
11112,15005.0,F,New York,30.0,35279.0,2019-08-11,GGOEGAFJ036215,Google Men's Pullover Hoodie Grey,Apparel,1.0,29.11,6.0,Not Used,0.18,8/11/2019,3000.0,2563.83,8,SALE20,20.0,Men,True
11115,18260.0,M,New York,43.0,35322.0,2019-08-11,GGOEGAFB035815,Google Men's  Zip Hoodie,Apparel,1.0,44.79,6.0,Clicked,0.18,8/11/2019,3000.0,2563.83,8,SALE20,20.0,Men,True
11116,18260.0,M,New York,43.0,35324.0,2019-08-11,GGOEGAFJ036215,Google Men's Pullover Hoodie Grey,Apparel,1.0,29.11,6.0,Used,0.18,8/11/2019,3000.0,2563.83,8,SALE20,20.0,Men,True
11123,18260.0,M,New York,43.0,35328.0,2019-08-11,GGOEYAFB073113,YouTube Men's Fleece Hoodie Black,Apparel,1.0,39.19,6.0,Clicked,0.18,8/11/2019,3000.0,2563.83,8,SALE20,20.0,Men,True
11136,15799.0,M,New Jersey,31.0,35356.0,2019-08-11,GGOEGADB059613,Google Men's Quilted Insulated Vest Black,Apparel,1.0,41.99,6.0,Clicked,0.18,8/11/2019,3000.0,2563.83,8,SALE20,20.0,Men,True
11143,15799.0,M,New Jersey,31.0,35359.0,2019-08-11,GGOEGADB056614,Men's Weatherblock Shell Jacket Black,Apparel,2.0,37.2,6.0,Clicked,0.18,8/11/2019,3000.0,2563.83,8,SALE20,20.0,Men,True
11144,15799.0,M,New Jersey,31.0,35359.0,2019-08-11,GGOEGADC059314,Google Men's Airflow 1/4 Zip Pullover Lapis,Apparel,1.0,28.0,6.0,Used,0.18,8/11/2019,3000.0,2563.83,8,SALE20,20.0,Men,True
11165,13451.0,M,California,12.0,35391.0,2019-08-11,GGOEGAFB035814,Google Men's  Zip Hoodie,Apparel,1.0,44.79,6.0,Clicked,0.18,8/11/2019,3000.0,2563.83,8,SALE20,20.0,Men,True
11166,13451.0,M,California,12.0,35391.0,2019-08-11,GGOEGAPB058614,Google Women's Yoga Jacket Black,Apparel,1.0,42.0,6.0,Clicked,0.18,8/11/2019,3000.0,2563.83,8,SALE20,20.0,Women,True
11167,13451.0,M,California,12.0,35391.0,2019-08-11,GGOEGATJ060513,Google Women's Quilted Insulated Vest White,Apparel,1.0,30.0,6.0,Clicked,0.18,8/11/2019,3000.0,2563.83,8,SALE20,20.0,Women,True
11177,13451.0,M,California,12.0,35400.0,2019-08-11,GGOEGAFJ036213,Google Men's Pullover Hoodie Grey,Apparel,1.0,29.11,12.99,Used,0.18,8/11/2019,3000.0,2563.83,8,SALE20,20.0,Men,True
11182,13451.0,M,California,12.0,35401.0,2019-08-11,GGOEGAFB035814,Google Men's  Zip Hoodie,Apparel,1.0,44.79,6.0,Used,0.18,8/11/2019,3000.0,2563.83,8,SALE20,20.0,Men,True
11184,14911.0,F,California,34.0,35421.0,2019-08-12,GGOEGAPJ058015,Google Women's 1/4 Zip Jacket Charcoal,Apparel,1.0,44.0,6.0,Used,0.18,8/12/2019,3000.0,1890.41,8,SALE20,20.0,Women,True
11188,12539.0,M,Chicago,13.0,35433.0,2019-08-12,GGOEGAPB058215,Google Women's Lightweight Microfleece Jacket,Apparel,1.0,52.49,6.0,Used,0.18,8/12/2019,3000.0,1890.41,8,SALE20,20.0,Women,True
11206,12539.0,M,Chicago,13.0,35456.0,2019-08-12,GGOEGADB059214,Google Men's Airflow 1/4 Zip Pullover Black,Apparel,1.0,28.0,12.99,Used,0.18,8/12/2019,3000.0,1890.41,8,SALE20,20.0,Men,True
11207,12539.0,M,Chicago,13.0,35456.0,2019-08-12,GGOEGAPC058814,Google Women's Shell Jacket Blue/Black,Apparel,1.0,22.8,12.99,Used,0.18,8/12/2019,3000.0,1890.41,8,SALE20,20.0,Women,True
11238,14606.0,F,Chicago,33.0,36434.0,2019-08-23,GGOEGADC059314,Google Men's Airflow 1/4 Zip Pullover Lapis,Apparel,1.0,28.0,6.0,Used,0.18,8/23/2019,2500.0,1901.56,8,SALE20,20.0,Men,True
11242,14606.0,F,Chicago,33.0,36441.0,2019-08-23,GGOEGATC060314,Google Women's 1/4 Zip Performance Pullover Two-Tone Blue,Apparel,1.0,26.0,6.0,Used,0.18,8/23/2019,2500.0,1901.56,8,SALE20,20.0,Women,True
11251,18109.0,F,New York,9.0,36369.0,2019-08-23,GGOEGADJ057117,Google Men's Performance 1/4 Zip Pullover Heather/Black,Apparel,1.0,26.4,6.0,Clicked,0.18,8/23/2019,2500.0,1901.56,8,SALE20,20.0,Men,True
11252,18109.0,F,New York,9.0,36370.0,2019-08-23,GGOEGAPB058213,Google Women's Lightweight Microfleece Jacket,Apparel,1.0,52.49,6.0,Used,0.18,8/23/2019,2500.0,1901.56,8,SALE20,20.0,Women,True
11255,14748.0,F,Chicago,31.0,36363.0,2019-08-23,GGOEGAPB058212,Google Women's Lightweight Microfleece Jacket,Apparel,1.0,52.49,6.0,Clicked,0.18,8/23/2019,2500.0,1901.56,8,SALE20,20.0,Women,True
11261,13488.0,F,California,22.0,36350.0,2019-08-23,GGOEYAFB073116,YouTube Men's Fleece Hoodie Black,Apparel,1.0,39.19,6.0,Used,0.18,8/23/2019,2500.0,1901.56,8,SALE20,20.0,Men,True
11266,13267.0,M,California,46.0,36356.0,2019-08-23,GGOEGADC059314,Google Men's Airflow 1/4 Zip Pullover Lapis,Apparel,1.0,28.0,6.0,Clicked,0.18,8/23/2019,2500.0,1901.56,8,SALE20,20.0,Men,True
11290,15939.0,F,California,11.0,36389.0,2019-08-23,GGOEGAPC058814,Google Women's Shell Jacket Blue/Black,Apparel,1.0,22.8,6.0,Used,0.18,8/23/2019,2500.0,1901.56,8,SALE20,20.0,Women,True
11313,14587.0,F,Chicago,30.0,36425.0,2019-08-23,GGOEGADB056614,Men's Weatherblock Shell Jacket Black,Apparel,1.0,37.2,6.0,Not Used,0.18,8/23/2019,2500.0,1901.56,8,SALE20,20.0,Men,True
11316,14587.0,F,Chicago,30.0,36431.0,2019-08-23,GGOEYAFB073113,YouTube Men's Fleece Hoodie Black,Apparel,1.0,39.19,30.0,Used,0.18,8/23/2019,2500.0,1901.56,8,SALE20,20.0,Men,True
11317,14587.0,F,Chicago,30.0,36432.0,2019-08-23,GGOEGADB056614,Men's Weatherblock Shell Jacket Black,Apparel,1.0,37.2,6.0,Clicked,0.18,8/23/2019,2500.0,1901.56,8,SALE20,20.0,Men,True
11342,12471.0,F,California,11.0,36824.0,2019-08-28,GGOEAAFB035913,Android Men's  Zip Hoodie,Apparel,1.0,31.35,6.0,Clicked,0.18,8/28/2019,3000.0,2178.57,8,SALE20,20.0,Men,True
11360,14229.0,M,Chicago,29.0,36815.0,2019-08-28,GGOEGAFJ036216,Google Men's Pullover Hoodie Grey,Apparel,1.0,29.11,6.0,Used,0.18,8/28/2019,3000.0,2178.57,8,SALE20,20.0,Men,True
11375,16395.0,M,Washington DC,18.0,36782.0,2019-08-28,GGOEGAFB035814,Google Men's  Zip Hoodie,Apparel,1.0,44.79,6.0,Used,0.18,8/28/2019,3000.0,2178.57,8,SALE20,20.0,Men,True
11390,13246.0,F,California,25.0,36835.0,2019-08-28,GGOEGADJ059713,Google Men's Quilted Insulated Vest Battleship Grey,Apparel,1.0,30.0,6.0,Clicked,0.18,8/28/2019,3000.0,2178.57,8,SALE20,20.0,Men,True
11394,13246.0,F,California,25.0,36835.0,2019-08-28,GGOEGAPJ058015,Google Women's 1/4 Zip Jacket Charcoal,Apparel,1.0,44.0,6.0,Clicked,0.18,8/28/2019,3000.0,2178.57,8,SALE20,20.0,Women,True
11450,12490.0,F,New York,26.0,36979.0,2019-08-30,GGOEGAPC058814,Google Women's Shell Jacket Blue/Black,Apparel,1.0,22.8,6.0,Clicked,0.18,8/30/2019,3000.0,2223.08,8,SALE20,20.0,Women,True
11465,13385.0,F,Chicago,26.0,37016.0,2019-08-30,GGOEGATB060213,Google Women's 1/4 Zip Performance Pullover Black,Apparel,1.0,26.0,6.0,Used,0.18,8/30/2019,3000.0,2223.08,8,SALE20,20.0,Women,True
11468,13385.0,F,Chicago,26.0,37017.0,2019-08-30,GGOEGAPB058615,Google Women's Yoga Jacket Black,Apparel,1.0,42.0,12.48,Clicked,0.18,8/30/2019,3000.0,2223.08,8,SALE20,20.0,Women,True
11483,15626.0,F,New Jersey,8.0,37025.0,2019-08-30,GGOEGAFB035815,Google Men's  Zip Hoodie,Apparel,1.0,55.99,6.0,Clicked,0.18,8/30/2019,3000.0,2223.08,8,SALE20,20.0,Men,True
11484,15626.0,F,New Jersey,8.0,37026.0,2019-08-30,GGOEGADJ056818,Google Men's Watershed Full Zip Hoodie Grey,Apparel,1.0,55.0,6.0,Clicked,0.18,8/30/2019,3000.0,2223.08,8,SALE20,20.0,Men,True
11487,12553.0,F,Chicago,8.0,37057.0,2019-08-30,GGOEGADB059613,Google Men's Quilted Insulated Vest Black,Apparel,1.0,52.49,6.0,Clicked,0.18,8/30/2019,3000.0,2223.08,8,SALE20,20.0,Men,True
11496,14031.0,F,Chicago,17.0,34346.0,2019-08-01,GGOEGAPB057813,Women's Performance Full Zip Jacket Black,Apparel,1.0,67.19,6.0,Clicked,0.18,8/1/2019,1500.0,641.12,8,SALE20,20.0,Women,True
11503,14031.0,F,Chicago,17.0,34347.0,2019-08-01,GGOEGAFB035814,Google Men's  Zip Hoodie,Apparel,1.0,44.79,6.0,Used,0.18,8/1/2019,1500.0,641.12,8,SALE20,20.0,Men,True
11507,13081.0,F,New York,5.0,34280.0,2019-08-01,GGOEGAFB035817,Google Men's  Zip Hoodie,Apparel,1.0,44.79,6.0,Used,0.18,8/1/2019,1500.0,641.12,8,SALE20,20.0,Men,True
11509,13081.0,F,New York,5.0,34285.0,2019-08-01,GGOEGAPB057816,Women's Performance Full Zip Jacket Black,Apparel,1.0,67.19,6.0,Clicked,0.18,8/1/2019,1500.0,641.12,8,SALE20,20.0,Women,True
11511,16422.0,F,California,35.0,34313.0,2019-08-01,GGOEGATB060213,Google Women's 1/4 Zip Performance Pullover Black,Apparel,1.0,32.49,6.0,Clicked,0.18,8/1/2019,1500.0,641.12,8,SALE20,20.0,Women,True
11512,17428.0,F,California,14.0,34332.0,2019-08-01,GGOEGAFB035817,Google Men's  Zip Hoodie,Apparel,1.0,55.99,6.0,Clicked,0.18,8/1/2019,1500.0,641.12,8,SALE20,20.0,Men,True
11516,16306.0,M,New York,13.0,34325.0,2019-08-01,GGOEGADB056915,Google Men's Performance Full Zip Jacket Black,Apparel,1.0,48.0,12.48,Clicked,0.18,8/1/2019,1500.0,641.12,8,SALE20,20.0,Men,True
11517,16306.0,M,New York,13.0,34325.0,2019-08-01,GGOEGATB060214,Google Women's 1/4 Zip Performance Pullover Black,Apparel,1.0,26.0,12.48,Clicked,0.18,8/1/2019,1500.0,641.12,8,SALE20,20.0,Women,True
11520,16306.0,M,New York,13.0,34326.0,2019-08-01,GGOEGADJ056814,Google Men's Watershed Full Zip Hoodie Grey,Apparel,1.0,55.0,6.0,Used,0.18,8/1/2019,1500.0,641.12,8,SALE20,20.0,Men,True
11524,14702.0,F,New York,50.0,34340.0,2019-08-01,GGOEYAFB073115,YouTube Men's Fleece Hoodie Black,Apparel,1.0,31.35,6.0,Used,0.18,8/1/2019,1500.0,641.12,8,SALE20,20.0,Men,True
11527,14702.0,F,New York,50.0,34345.0,2019-08-01,GGOEGADJ056815,Google Men's Watershed Full Zip Hoodie Grey,Apparel,1.0,55.0,6.0,Clicked,0.18,8/1/2019,1500.0,641.12,8,SALE20,20.0,Men,True
11543,13280.0,F,California,43.0,34289.0,2019-08-01,GGOEGATB060213,Google Women's 1/4 Zip Performance Pullover Black,Apparel,1.0,26.0,6.0,Clicked,0.18,8/1/2019,1500.0,641.12,8,SALE20,20.0,Women,True
11552,15845.0,M,Chicago,22.0,34306.0,2019-08-01,GGOEGADJ056813,Google Men's Watershed Full Zip Hoodie Grey,Apparel,1.0,44.0,6.0,Clicked,0.18,8/1/2019,1500.0,641.12,8,SALE20,20.0,Men,True
11553,15845.0,M,Chicago,22.0,34307.0,2019-08-01,GGOEGATB060213,Google Women's 1/4 Zip Performance Pullover Black,Apparel,1.0,26.0,6.0,Clicked,0.18,8/1/2019,1500.0,641.12,8,SALE20,20.0,Women,True
11567,13187.0,F,Chicago,50.0,34350.0,2019-08-01,GGOEGATJ060516,Google Women's Quilted Insulated Vest White,Apparel,1.0,37.49,6.0,Not Used,0.18,8/1/2019,1500.0,641.12,8,SALE20,20.0,Women,True
11576,13187.0,F,Chicago,50.0,34355.0,2019-08-01,GGOEYAFB073113,YouTube Men's Fleece Hoodie Black,Apparel,1.0,31.35,6.0,Used,0.18,8/1/2019,1500.0,641.12,8,SALE20,20.0,Men,True
11577,13187.0,F,Chicago,50.0,34355.0,2019-08-01,GGOEYAFB073116,YouTube Men's Fleece Hoodie Black,Apparel,1.0,31.35,6.0,Clicked,0.18,8/1/2019,1500.0,641.12,8,SALE20,20.0,Men,True
11594,14606.0,F,Chicago,33.0,35186.0,2019-08-10,GGOEGADJ056814,Google Men's Watershed Full Zip Hoodie Grey,Apparel,1.0,55.0,106.0,Used,0.18,8/10/2019,3000.0,1662.28,8,SALE20,20.0,Men,True
11596,14606.0,F,Chicago,33.0,35186.0,2019-08-10,GGOEGAFB035816,Google Men's  Zip Hoodie,Apparel,2.0,55.99,106.0,Not Used,0.18,8/10/2019,3000.0,1662.28,8,SALE20,20.0,Men,True
11598,14606.0,F,Chicago,33.0,35188.0,2019-08-10,GGOEGAPB058613,Google Women's Yoga Jacket Black,Apparel,1.0,42.0,6.0,Not Used,0.18,8/10/2019,3000.0,1662.28,8,SALE20,20.0,Women,True
11605,14606.0,F,Chicago,33.0,35194.0,2019-08-10,GGOEGADB056918,Google Men's Performance Full Zip Jacket Black,Apparel,1.0,48.0,6.0,Used,0.18,8/10/2019,3000.0,1662.28,8,SALE20,20.0,Men,True
11606,14606.0,F,Chicago,33.0,35194.0,2019-08-10,GGOEGADJ056818,Google Men's Watershed Full Zip Hoodie Grey,Apparel,1.0,44.0,6.0,Used,0.18,8/10/2019,3000.0,1662.28,8,SALE20,20.0,Men,True
11624,14702.0,F,New York,50.0,35253.0,2019-08-10,GGOEGAFB035816,Google Men's  Zip Hoodie,Apparel,1.0,44.79,12.99,Clicked,0.18,8/10/2019,3000.0,1662.28,8,SALE20,20.0,Men,True
11625,14702.0,F,New York,50.0,35253.0,2019-08-10,GGOEGAFB035817,Google Men's  Zip Hoodie,Apparel,1.0,44.79,12.99,Clicked,0.18,8/10/2019,3000.0,1662.28,8,SALE20,20.0,Men,True
11638,16833.0,F,California,46.0,35171.0,2019-08-10,GGOEGAFB035816,Google Men's  Zip Hoodie,Apparel,15.0,44.79,13.75,Used,0.18,8/10/2019,3000.0,1662.28,8,SALE20,20.0,Men,True
11650,16748.0,M,Chicago,41.0,35206.0,2019-08-10,GGOEGADB056614,Men's Weatherblock Shell Jacket Black,Apparel,1.0,37.2,6.0,Not Used,0.18,8/10/2019,3000.0,1662.28,8,SALE20,20.0,Men,True
11651,16748.0,M,Chicago,41.0,35210.0,2019-08-10,GGOEGADB056917,Google Men's Performance Full Zip Jacket Black,Apparel,2.0,48.0,12.99,Used,0.18,8/10/2019,3000.0,1662.28,8,SALE20,20.0,Men,True
11657,14755.0,F,New Jersey,50.0,35211.0,2019-08-10,GGOEGADJ059714,Google Men's Quilted Insulated Vest Battleship Grey,Apparel,1.0,30.0,6.0,Used,0.18,8/10/2019,3000.0,1662.28,8,SALE20,20.0,Men,True
11661,14755.0,F,New Jersey,50.0,35225.0,2019-08-10,GGOEGAFB035813,Google Men's  Zip Hoodie,Apparel,1.0,44.79,6.0,Used,0.18,8/10/2019,3000.0,1662.28,8,SALE20,20.0,Men,True
11662,14755.0,F,New Jersey,50.0,35227.0,2019-08-10,GGOEGATB060214,Google Women's 1/4 Zip Performance Pullover Black,Apparel,1.0,26.0,6.0,Clicked,0.18,8/10/2019,3000.0,1662.28,8,SALE20,20.0,Women,True
11673,16549.0,F,New Jersey,17.0,35245.0,2019-08-10,GGOEYAQB073216,YouTube Women's Fleece Hoodie Black,Apparel,1.0,31.35,6.0,Not Used,0.18,8/10/2019,3000.0,1662.28,8,SALE20,20.0,Women,True
11685,16549.0,F,New Jersey,17.0,35253.0,2019-08-10,GGOEGADJ056816,Google Men's Watershed Full Zip Hoodie Grey,Apparel,1.0,44.0,12.99,Clicked,0.18,8/10/2019,3000.0,1662.28,8,SALE20,20.0,Men,True
11688,13576.0,M,New York,23.0,35947.0,2019-08-18,GGOEGADJ057114,Google Men's Performance 1/4 Zip Pullover Heather/Black,Apparel,1.0,33.0,6.0,Used,0.18,8/18/2019,3500.0,1696.64,8,SALE20,20.0,Men,True
11699,12540.0,F,Chicago,25.0,35991.0,2019-08-18,GGOEGAFJ036216,Google Men's Pullover Hoodie Grey,Apparel,1.0,29.11,6.0,Used,0.18,8/18/2019,3500.0,1696.64,8,SALE20,20.0,Men,True
11715,12540.0,F,Chicago,25.0,36005.0,2019-08-18,GGOEGAPB058213,Google Women's Lightweight Microfleece Jacket,Apparel,1.0,41.99,6.0,Clicked,0.18,8/18/2019,3500.0,1696.64,8,SALE20,20.0,Women,True
11718,12643.0,M,New York,48.0,35951.0,2019-08-18,GGOEGAPJ058014,Google Women's 1/4 Zip Jacket Charcoal,Apparel,1.0,44.0,6.0,Used,0.18,8/18/2019,3500.0,1696.64,8,SALE20,20.0,Women,True
11726,17365.0,F,New York,11.0,35964.0,2019-08-18,GGOEGATB060413,Google Women's Quilted Insulated Vest Black,Apparel,1.0,59.99,12.99,Used,0.18,8/18/2019,3500.0,1696.64,8,SALE20,20.0,Women,True
11727,17365.0,F,New York,11.0,35969.0,2019-08-18,GGOEGAFB035814,Google Men's  Zip Hoodie,Apparel,1.0,44.79,6.0,Used,0.18,8/18/2019,3500.0,1696.64,8,SALE20,20.0,Men,True
11743,17365.0,F,New York,11.0,35978.0,2019-08-18,GGOEGAFJ036217,Google Men's Pullover Hoodie Grey,Apparel,1.0,29.11,6.0,Used,0.18,8/18/2019,3500.0,1696.64,8,SALE20,20.0,Men,True
11746,17365.0,F,New York,11.0,35983.0,2019-08-18,GGOEGAPB057812,Women's Performance Full Zip Jacket Black,Apparel,1.0,67.19,6.5,Clicked,0.18,8/18/2019,3500.0,1696.64,8,SALE20,20.0,Women,True
11754,17365.0,F,New York,11.0,35987.0,2019-08-18,GGOEGAFB035815,Google Men's  Zip Hoodie,Apparel,1.0,44.79,6.0,Used,0.18,8/18/2019,3500.0,1696.64,8,SALE20,20.0,Men,True
11758,14669.0,F,New York,39.0,36021.0,2019-08-18,GGOEGATH060713,Google Women's Convertible Vest-Jacket Sea Foam Green,Apparel,1.0,23.76,6.0,Used,0.18,8/18/2019,3500.0,1696.64,8,SALE20,20.0,Women,True
11759,14669.0,F,New York,39.0,36022.0,2019-08-18,GGOEGAFJ036216,Google Men's Pullover Hoodie Grey,Apparel,1.0,29.11,6.0,Clicked,0.18,8/18/2019,3500.0,1696.64,8,SALE20,20.0,Men,True
11761,14669.0,F,New York,39.0,36024.0,2019-08-18,GGOEGAPB057812,Women's Performance Full Zip Jacket Black,Apparel,1.0,67.19,6.0,Used,0.18,8/18/2019,3500.0,1696.64,8,SALE20,20.0,Women,True
11762,14669.0,F,New York,39.0,36024.0,2019-08-18,GGOEGAPB058212,Google Women's Lightweight Microfleece Jacket,Apparel,1.0,41.99,6.0,Used,0.18,8/18/2019,3500.0,1696.64,8,SALE20,20.0,Women,True
11772,14669.0,F,New York,39.0,36030.0,2019-08-18,GGOEGADC059314,Google Men's Airflow 1/4 Zip Pullover Lapis,Apparel,1.0,28.0,6.0,Used,0.18,8/18/2019,3500.0,1696.64,8,SALE20,20.0,Men,True
11773,14669.0,F,New York,39.0,36030.0,2019-08-18,GGOEGATH060713,Google Women's Convertible Vest-Jacket Sea Foam Green,Apparel,1.0,23.76,6.0,Clicked,0.18,8/18/2019,3500.0,1696.64,8,SALE20,20.0,Women,True
11774,14669.0,F,New York,39.0,36030.0,2019-08-18,GGOEGATH060714,Google Women's Convertible Vest-Jacket Sea Foam Green,Apparel,1.0,23.76,6.0,Clicked,0.18,8/18/2019,3500.0,1696.64,8,SALE20,20.0,Women,True
11794,18095.0,F,Chicago,14.0,36042.0,2019-08-18,GGOEGAFB035815,Google Men's  Zip Hoodie,Apparel,1.0,44.79,6.0,Clicked,0.18,8/18/2019,3500.0,1696.64,8,SALE20,20.0,Men,True
11795,18095.0,F,Chicago,14.0,36047.0,2019-08-18,GGOEGADJ059713,Google Men's Quilted Insulated Vest Battleship Grey,Apparel,1.0,37.49,6.0,Used,0.18,8/18/2019,3500.0,1696.64,8,SALE20,20.0,Men,True
11818,16161.0,M,New York,10.0,36706.0,2019-08-27,GGOEGADB056614,Men's Weatherblock Shell Jacket Black,Apparel,1.0,37.2,12.99,Clicked,0.18,8/27/2019,3000.0,2117.28,8,SALE20,20.0,Men,True
11819,16161.0,M,New York,10.0,36706.0,2019-08-27,GGOEGADC059314,Google Men's Airflow 1/4 Zip Pullover Lapis,Apparel,1.0,28.0,12.99,Clicked,0.18,8/27/2019,3000.0,2117.28,8,SALE20,20.0,Men,True
11828,14085.0,F,New York,5.0,36748.0,2019-08-27,GGOEGAFB035814,Google Men's  Zip Hoodie,Apparel,1.0,44.79,6.5,Used,0.18,8/27/2019,3000.0,2117.28,8,SALE20,20.0,Men,True
11834,17019.0,M,New York,25.0,36721.0,2019-08-27,GGOEGATC060313,Google Women's 1/4 Zip Performance Pullover Two-Tone Blue,Apparel,1.0,26.0,6.0,Used,0.18,8/27/2019,3000.0,2117.28,8,SALE20,20.0,Women,True
11835,17019.0,M,New York,25.0,36729.0,2019-08-27,GGOEGADC059516,Google Men's Microfiber 1/4 Zip Pullover Blue/Indigo,Apparel,1.0,30.0,6.0,Used,0.18,8/27/2019,3000.0,2117.28,8,SALE20,20.0,Men,True
11849,17019.0,M,New York,25.0,36737.0,2019-08-27,GGOEAAFB035917,Android Men's  Zip Hoodie,Apparel,1.0,31.35,12.99,Clicked,0.18,8/27/2019,3000.0,2117.28,8,SALE20,20.0,Men,True
11852,17848.0,M,Chicago,25.0,36711.0,2019-08-27,GGOEYAFB073113,YouTube Men's Fleece Hoodie Black,Apparel,1.0,31.35,15.72,Used,0.18,8/27/2019,3000.0,2117.28,8,SALE20,20.0,Men,True
11861,13993.0,M,Chicago,49.0,36710.0,2019-08-27,GGOEGAFB035815,Google Men's  Zip Hoodie,Apparel,1.0,44.79,6.0,Clicked,0.18,8/27/2019,3000.0,2117.28,8,SALE20,20.0,Men,True
11865,15447.0,F,California,34.0,36717.0,2019-08-27,GGOEAAFB035913,Android Men's  Zip Hoodie,Apparel,1.0,39.19,6.0,Used,0.18,8/27/2019,3000.0,2117.28,8,SALE20,20.0,Men,True
11868,15447.0,F,California,34.0,36721.0,2019-08-27,GGOEGADC059314,Google Men's Airflow 1/4 Zip Pullover Lapis,Apparel,1.0,28.0,6.0,Clicked,0.18,8/27/2019,3000.0,2117.28,8,SALE20,20.0,Men,True
11870,15447.0,F,California,34.0,36721.0,2019-08-27,GGOEGAPB058614,Google Women's Yoga Jacket Black,Apparel,1.0,42.0,6.0,Clicked,0.18,8/27/2019,3000.0,2117.28,8,SALE20,20.0,Women,True
11895,14978.0,M,Chicago,36.0,36765.0,2019-08-27,GGOEGADB056614,Men's Weatherblock Shell Jacket Black,Apparel,1.0,37.2,6.0,Used,0.18,8/27/2019,3000.0,2117.28,8,SALE20,20.0,Men,True
11896,13468.0,M,New York,33.0,35931.0,2019-08-17,GGOEGADB056616,Men's Weatherblock Shell Jacket Black,Apparel,1.0,46.5,6.0,Clicked,0.18,8/17/2019,3500.0,3352.38,8,SALE20,20.0,Men,True
11914,17428.0,F,California,14.0,35920.0,2019-08-17,GGOEGAPJ058017,Google Women's 1/4 Zip Jacket Charcoal,Apparel,1.0,44.0,6.0,Clicked,0.18,8/17/2019,3500.0,3352.38,8,SALE20,20.0,Women,True
11917,17428.0,F,California,14.0,35922.0,2019-08-17,GGOEGAFB035815,Google Men's  Zip Hoodie,Apparel,1.0,44.79,6.0,Used,0.18,8/17/2019,3500.0,3352.38,8,SALE20,20.0,Men,True
11946,14217.0,F,New York,10.0,35920.0,2019-08-17,GGOEGAFB035815,Google Men's  Zip Hoodie,Apparel,1.0,44.79,6.0,Used,0.18,8/17/2019,3500.0,3352.38,8,SALE20,20.0,Men,True
11950,16670.0,F,Chicago,48.0,35860.0,2019-08-17,GGOEGATJ060515,Google Women's Quilted Insulated Vest White,Apparel,1.0,37.49,6.0,Used,0.18,8/17/2019,3500.0,3352.38,8,SALE20,20.0,Women,True
11954,16670.0,F,Chicago,48.0,35864.0,2019-08-17,GGOEGADB056918,Google Men's Performance Full Zip Jacket Black,Apparel,2.0,48.0,6.5,Used,0.18,8/17/2019,3500.0,3352.38,8,SALE20,20.0,Men,True
11970,17742.0,F,Chicago,35.0,35905.0,2019-08-17,GGOEGADC059313,Google Men's Airflow 1/4 Zip Pullover Lapis,Apparel,1.0,28.0,6.0,Used,0.18,8/17/2019,3500.0,3352.38,8,SALE20,20.0,Men,True
11971,17742.0,F,Chicago,35.0,35907.0,2019-08-17,GGOEAAFB035913,Android Men's  Zip Hoodie,Apparel,1.0,31.35,6.0,Used,0.18,8/17/2019,3500.0,3352.38,8,SALE20,20.0,Men,True
11976,16351.0,F,New York,20.0,35917.0,2019-08-17,GGOEGADJ056813,Google Men's Watershed Full Zip Hoodie Grey,Apparel,1.0,44.0,6.0,Used,0.18,8/17/2019,3500.0,3352.38,8,SALE20,20.0,Men,True
11979,16351.0,F,New York,20.0,35919.0,2019-08-17,GGOEGAPB057813,Women's Performance Full Zip Jacket Black,Apparel,1.0,67.19,19.02,Not Used,0.18,8/17/2019,3500.0,3352.38,8,SALE20,20.0,Women,True
11998,15601.0,F,Chicago,46.0,34693.0,2019-08-04,GGOEYAQB073216,YouTube Women's Fleece Hoodie Black,Apparel,1.0,31.35,6.0,Used,0.18,8/4/2019,1500.0,2688.98,8,SALE20,20.0,Women,True
12006,15601.0,F,Chicago,46.0,34695.0,2019-08-04,GGOEGADC059315,Google Men's Airflow 1/4 Zip Pullover Lapis,Apparel,1.0,34.99,6.0,Used,0.18,8/4/2019,1500.0,2688.98,8,SALE20,20.0,Men,True
12014,15601.0,F,Chicago,46.0,34705.0,2019-08-04,GGOEGAFB035814,Google Men's  Zip Hoodie,Apparel,1.0,44.79,6.0,Clicked,0.18,8/4/2019,1500.0,2688.98,8,SALE20,20.0,Men,True
12015,15601.0,F,Chicago,46.0,34710.0,2019-08-04,GGOEGADB059613,Google Men's Quilted Insulated Vest Black,Apparel,1.0,41.99,6.0,Used,0.18,8/4/2019,1500.0,2688.98,8,SALE20,20.0,Men,True
12016,15601.0,F,Chicago,46.0,34710.0,2019-08-04,GGOEGATB060413,Google Women's Quilted Insulated Vest Black,Apparel,1.0,59.99,6.0,Clicked,0.18,8/4/2019,1500.0,2688.98,8,SALE20,20.0,Women,True
12026,14298.0,M,Chicago,41.0,34636.0,2019-08-04,GGOEGAPB057513,Women's Weatherblock Shell Jacket Black,Apparel,1.0,37.2,12.48,Clicked,0.18,8/4/2019,1500.0,2688.98,8,SALE20,20.0,Women,True
12027,14298.0,M,Chicago,41.0,34636.0,2019-08-04,GGOEGAPB057514,Women's Weatherblock Shell Jacket Black,Apparel,1.0,37.2,12.48,Clicked,0.18,8/4/2019,1500.0,2688.98,8,SALE20,20.0,Women,True
12028,14298.0,M,Chicago,41.0,34636.0,2019-08-04,GGOEGAPB057515,Women's Weatherblock Shell Jacket Black,Apparel,1.0,37.2,12.48,Used,0.18,8/4/2019,1500.0,2688.98,8,SALE20,20.0,Women,True
12029,14298.0,M,Chicago,41.0,34636.0,2019-08-04,GGOEGATC060314,Google Women's 1/4 Zip Performance Pullover Two-Tone Blue,Apparel,1.0,26.0,12.48,Not Used,0.18,8/4/2019,1500.0,2688.98,8,SALE20,20.0,Women,True
12030,14298.0,M,Chicago,41.0,34636.0,2019-08-04,GGOEGATC060315,Google Women's 1/4 Zip Performance Pullover Two-Tone Blue,Apparel,1.0,26.0,12.48,Clicked,0.18,8/4/2019,1500.0,2688.98,8,SALE20,20.0,Women,True
12042,18198.0,F,Chicago,29.0,34644.0,2019-08-04,GGOEGADC059317,Google Men's Airflow 1/4 Zip Pullover Lapis,Apparel,1.0,28.0,49.73,Clicked,0.18,8/4/2019,1500.0,2688.98,8,SALE20,20.0,Men,True
12044,18198.0,F,Chicago,29.0,34649.0,2019-08-04,GGOEGADJ059715,Google Men's Quilted Insulated Vest Battleship Grey,Apparel,1.0,30.0,6.0,Used,0.18,8/4/2019,1500.0,2688.98,8,SALE20,20.0,Men,True
12046,18198.0,F,Chicago,29.0,34651.0,2019-08-04,GGOEGADJ056814,Google Men's Watershed Full Zip Hoodie Grey,Apparel,1.0,44.0,6.5,Clicked,0.18,8/4/2019,1500.0,2688.98,8,SALE20,20.0,Men,True
12054,12484.0,M,California,44.0,34658.0,2019-08-04,GGOEGADB056915,Google Men's Performance Full Zip Jacket Black,Apparel,1.0,48.0,6.0,Clicked,0.18,8/4/2019,1500.0,2688.98,8,SALE20,20.0,Men,True
12072,12484.0,M,California,44.0,34680.0,2019-08-04,GGOEGAFB035815,Google Men's  Zip Hoodie,Apparel,1.0,44.79,6.0,Clicked,0.18,8/4/2019,1500.0,2688.98,8,SALE20,20.0,Men,True
12074,12484.0,M,California,44.0,34682.0,2019-08-04,GGOEGADB059614,Google Men's Quilted Insulated Vest Black,Apparel,1.0,41.99,6.0,Clicked,0.18,8/4/2019,1500.0,2688.98,8,SALE20,20.0,Men,True
12076,12484.0,M,California,44.0,34686.0,2019-08-04,GGOEGATJ060516,Google Women's Quilted Insulated Vest White,Apparel,1.0,37.49,6.0,Used,0.18,8/4/2019,1500.0,2688.98,8,SALE20,20.0,Women,True
12083,18179.0,F,New York,6.0,34718.0,2019-08-04,GGOEGATH060713,Google Women's Convertible Vest-Jacket Sea Foam Green,Apparel,1.0,23.76,6.0,Used,0.18,8/4/2019,1500.0,2688.98,8,SALE20,20.0,Women,True
12088,17284.0,F,New York,38.0,34724.0,2019-08-04,GGOEGAFB035816,Google Men's  Zip Hoodie,Apparel,2.0,44.79,6.5,Not Used,0.18,8/4/2019,1500.0,2688.98,8,SALE20,20.0,Men,True
12090,17284.0,F,New York,38.0,34726.0,2019-08-04,GGOEGAFB035815,Google Men's  Zip Hoodie,Apparel,1.0,55.99,6.0,Not Used,0.18,8/4/2019,1500.0,2688.98,8,SALE20,20.0,Men,True
12117,14527.0,M,California,43.0,35652.0,2019-08-15,GGOEGADC059316,Google Men's Airflow 1/4 Zip Pullover Lapis,Apparel,1.0,28.0,6.0,Used,0.18,8/15/2019,3500.0,1122.49,8,SALE20,20.0,Men,True
12121,14060.0,F,Chicago,22.0,35714.0,2019-08-15,GGOEGAPB058616,Google Women's Yoga Jacket Black,Apparel,1.0,42.0,6.0,Used,0.18,8/15/2019,3500.0,1122.49,8,SALE20,20.0,Women,True
12122,14060.0,F,Chicago,22.0,35715.0,2019-08-15,GGOEGADB056613,Men's Weatherblock Shell Jacket Black,Apparel,1.0,37.2,6.0,Used,0.18,8/15/2019,3500.0,1122.49,8,SALE20,20.0,Men,True
12123,14060.0,F,Chicago,22.0,35715.0,2019-08-15,GGOEGADJ056813,Google Men's Watershed Full Zip Hoodie Grey,Apparel,1.0,44.0,6.0,Not Used,0.18,8/15/2019,3500.0,1122.49,8,SALE20,20.0,Men,True
12124,14060.0,F,Chicago,22.0,35715.0,2019-08-15,GGOEGAPB057513,Women's Weatherblock Shell Jacket Black,Apparel,1.0,37.2,6.0,Not Used,0.18,8/15/2019,3500.0,1122.49,8,SALE20,20.0,Women,True
12125,12681.0,M,Chicago,27.0,35661.0,2019-08-15,GGOEGAPB058213,Google Women's Lightweight Microfleece Jacket,Apparel,1.0,41.99,6.0,Not Used,0.18,8/15/2019,3500.0,1122.49,8,SALE20,20.0,Women,True
12127,12681.0,M,Chicago,27.0,35665.0,2019-08-15,GGOEGATB060213,Google Women's 1/4 Zip Performance Pullover Black,Apparel,1.0,26.0,6.0,Clicked,0.18,8/15/2019,3500.0,1122.49,8,SALE20,20.0,Women,True
12132,12681.0,M,Chicago,27.0,35670.0,2019-08-15,GGOEGATB060414,Google Women's Quilted Insulated Vest Black,Apparel,1.0,59.99,6.0,Not Used,0.18,8/15/2019,3500.0,1122.49,8,SALE20,20.0,Women,True
12134,12681.0,M,Chicago,27.0,35675.0,2019-08-15,GGOEGAFJ036213,Google Men's Pullover Hoodie Grey,Apparel,1.0,29.11,6.0,Clicked,0.18,8/15/2019,3500.0,1122.49,8,SALE20,20.0,Men,True
12135,12681.0,M,Chicago,27.0,35675.0,2019-08-15,GGOEGAQB036016,Google Women's Fleece Hoodie,Apparel,1.0,44.79,6.0,Clicked,0.18,8/15/2019,3500.0,1122.49,8,SALE20,20.0,Women,True
12138,12681.0,M,Chicago,27.0,35679.0,2019-08-15,GGOEGADC059513,Google Men's Microfiber 1/4 Zip Pullover Blue/Indigo,Apparel,1.0,30.0,6.0,Used,0.18,8/15/2019,3500.0,1122.49,8,SALE20,20.0,Men,True
12140,12681.0,M,Chicago,27.0,35679.0,2019-08-15,GGOEGAPB058213,Google Women's Lightweight Microfleece Jacket,Apparel,1.0,41.99,6.0,Used,0.18,8/15/2019,3500.0,1122.49,8,SALE20,20.0,Women,True
12146,17406.0,F,Chicago,3.0,35717.0,2019-08-15,GGOEYAFB073113,YouTube Men's Fleece Hoodie Black,Apparel,1.0,39.19,6.0,Clicked,0.18,8/15/2019,3500.0,1122.49,8,SALE20,20.0,Men,True
12150,17406.0,F,Chicago,3.0,35721.0,2019-08-15,GGOEGADB056915,Google Men's Performance Full Zip Jacket Black,Apparel,1.0,60.0,6.0,Clicked,0.18,8/15/2019,3500.0,1122.49,8,SALE20,20.0,Men,True
12154,17406.0,F,Chicago,3.0,35722.0,2019-08-15,GGOEGAFB035815,Google Men's  Zip Hoodie,Apparel,1.0,44.79,6.5,Used,0.18,8/15/2019,3500.0,1122.49,8,SALE20,20.0,Men,True
12155,17406.0,F,Chicago,3.0,35725.0,2019-08-15,GGOEGAFJ036217,Google Men's Pullover Hoodie Grey,Apparel,1.0,29.11,6.0,Used,0.18,8/15/2019,3500.0,1122.49,8,SALE20,20.0,Men,True
12168,17406.0,F,Chicago,3.0,35737.0,2019-08-15,GGOEGATC060313,Google Women's 1/4 Zip Performance Pullover Two-Tone Blue,Apparel,1.0,26.0,6.0,Clicked,0.18,8/15/2019,3500.0,1122.49,8,SALE20,20.0,Women,True
12169,17406.0,F,Chicago,3.0,35738.0,2019-08-15,GGOEGAPJ058014,Google Women's 1/4 Zip Jacket Charcoal,Apparel,1.0,44.0,6.0,Not Used,0.18,8/15/2019,3500.0,1122.49,8,SALE20,20.0,Women,True
12175,17406.0,F,Chicago,3.0,35745.0,2019-08-15,GGOEGADJ059715,Google Men's Quilted Insulated Vest Battleship Grey,Apparel,1.0,30.0,6.0,Clicked,0.18,8/15/2019,3500.0,1122.49,8,SALE20,20.0,Men,True
12176,16497.0,F,California,16.0,35656.0,2019-08-15,GGOEGAQB036016,Google Women's Fleece Hoodie,Apparel,3.0,44.79,13.38,Clicked,0.18,8/15/2019,3500.0,1122.49,8,SALE20,20.0,Women,True
12187,16303.0,F,Chicago,12.0,35692.0,2019-08-15,GGOEGAFB035816,Google Men's  Zip Hoodie,Apparel,1.0,44.79,6.0,Clicked,0.18,8/15/2019,3500.0,1122.49,8,SALE20,20.0,Men,True
12192,16303.0,F,Chicago,12.0,35697.0,2019-08-15,GGOEGAFJ036213,Google Men's Pullover Hoodie Grey,Apparel,1.0,36.39,6.0,Clicked,0.18,8/15/2019,3500.0,1122.49,8,SALE20,20.0,Men,True
12201,16303.0,F,Chicago,12.0,35705.0,2019-08-15,GGOEGATH060713,Google Women's Convertible Vest-Jacket Sea Foam Green,Apparel,1.0,23.76,6.0,Not Used,0.18,8/15/2019,3500.0,1122.49,8,SALE20,20.0,Women,True
12203,16422.0,F,California,35.0,35521.0,2019-08-14,GGOEGAFB035814,Google Men's  Zip Hoodie,Apparel,1.0,44.79,6.0,Clicked,0.18,8/14/2019,3500.0,1984.92,8,SALE20,20.0,Men,True
12212,15039.0,F,Chicago,19.0,35584.0,2019-08-14,GGOEGAFB035815,Google Men's  Zip Hoodie,Apparel,2.0,55.99,6.0,Clicked,0.18,8/14/2019,3500.0,1984.92,8,SALE20,20.0,Men,True
12213,15039.0,F,Chicago,19.0,35589.0,2019-08-14,GGOEGAPB057514,Women's Weatherblock Shell Jacket Black,Apparel,1.0,37.2,6.0,Used,0.18,8/14/2019,3500.0,1984.92,8,SALE20,20.0,Women,True
12214,15039.0,F,Chicago,19.0,35589.0,2019-08-14,GGOEGAPB057813,Women's Performance Full Zip Jacket Black,Apparel,1.0,67.19,6.0,Clicked,0.18,8/14/2019,3500.0,1984.92,8,SALE20,20.0,Women,True
12225,17811.0,M,California,35.0,35529.0,2019-08-14,GGOEGAPB058614,Google Women's Yoga Jacket Black,Apparel,1.0,42.0,6.0,Not Used,0.18,8/14/2019,3500.0,1984.92,8,SALE20,20.0,Women,True
12229,17811.0,M,California,35.0,35541.0,2019-08-14,GGOEGAFB035814,Google Men's  Zip Hoodie,Apparel,1.0,44.79,6.0,Used,0.18,8/14/2019,3500.0,1984.92,8,SALE20,20.0,Men,True
12238,17811.0,M,California,35.0,35548.0,2019-08-14,GGOEAAFB035913,Android Men's  Zip Hoodie,Apparel,1.0,39.19,6.0,Used,0.18,8/14/2019,3500.0,1984.92,8,SALE20,20.0,Men,True
12257,14321.0,F,Washington DC,24.0,35593.0,2019-08-14,GGOEGADJ059713,Google Men's Quilted Insulated Vest Battleship Grey,Apparel,1.0,30.0,6.0,Clicked,0.18,8/14/2019,3500.0,1984.92,8,SALE20,20.0,Men,True
12259,14321.0,F,Washington DC,24.0,35599.0,2019-08-14,GGOEGAFB035817,Google Men's  Zip Hoodie,Apparel,1.0,44.79,6.0,Clicked,0.18,8/14/2019,3500.0,1984.92,8,SALE20,20.0,Men,True
12272,15326.0,M,Chicago,45.0,35612.0,2019-08-14,GGOEGAFB035815,Google Men's  Zip Hoodie,Apparel,1.0,55.99,6.0,Used,0.18,8/14/2019,3500.0,1984.92,8,SALE20,20.0,Men,True
12290,13672.0,F,New Jersey,45.0,35624.0,2019-08-14,GGOEGADB056616,Men's Weatherblock Shell Jacket Black,Apparel,1.0,37.2,6.0,Clicked,0.18,8/14/2019,3500.0,1984.92,8,SALE20,20.0,Men,True
12294,14229.0,M,Chicago,29.0,35624.0,2019-08-14,GGOEGAPC058814,Google Women's Shell Jacket Blue/Black,Apparel,1.0,22.8,6.0,Clicked,0.18,8/14/2019,3500.0,1984.92,8,SALE20,20.0,Women,True
12299,14229.0,M,Chicago,29.0,35630.0,2019-08-14,GGOEGATJ060515,Google Women's Quilted Insulated Vest White,Apparel,1.0,30.0,6.0,Clicked,0.18,8/14/2019,3500.0,1984.92,8,SALE20,20.0,Women,True
12302,13107.0,F,California,20.0,35634.0,2019-08-14,GGOEGAFB035815,Google Men's  Zip Hoodie,Apparel,1.0,44.79,19.99,Clicked,0.18,8/14/2019,3500.0,1984.92,8,SALE20,20.0,Men,True
12303,13107.0,F,California,20.0,35634.0,2019-08-14,GGOEGAFJ036215,Google Men's Pullover Hoodie Grey,Apparel,1.0,29.11,19.99,Used,0.18,8/14/2019,3500.0,1984.92,8,SALE20,20.0,Men,True
12304,13107.0,F,California,20.0,35634.0,2019-08-14,GGOEGAFJ036216,Google Men's Pullover Hoodie Grey,Apparel,1.0,29.11,19.99,Clicked,0.18,8/14/2019,3500.0,1984.92,8,SALE20,20.0,Men,True
12308,13107.0,F,California,20.0,35639.0,2019-08-14,GGOEGAPB058215,Google Women's Lightweight Microfleece Jacket,Apparel,1.0,41.99,6.0,Clicked,0.18,8/14/2019,3500.0,1984.92,8,SALE20,20.0,Women,True
12331,14646.0,M,California,45.0,37163.0,2019-08-31,GGOEGADC059314,Google Men's Airflow 1/4 Zip Pullover Lapis,Apparel,1.0,34.99,6.0,Not Used,0.18,8/31/2019,3000.0,1296.81,8,SALE20,20.0,Men,True
12332,14646.0,M,California,45.0,37163.0,2019-08-31,GGOEGADJ057116,Google Men's Performance 1/4 Zip Pullover Heather/Black,Apparel,1.0,33.0,6.0,Clicked,0.18,8/31/2019,3000.0,1296.81,8,SALE20,20.0,Men,True
12333,14646.0,M,California,45.0,37163.0,2019-08-31,GGOEGAFB035814,Google Men's  Zip Hoodie,Apparel,1.0,55.99,6.0,Used,0.18,8/31/2019,3000.0,1296.81,8,SALE20,20.0,Men,True
12334,14646.0,M,California,45.0,37163.0,2019-08-31,GGOEGAFB035815,Google Men's  Zip Hoodie,Apparel,2.0,55.99,6.0,Clicked,0.18,8/31/2019,3000.0,1296.81,8,SALE20,20.0,Men,True
12355,15213.0,M,Washington DC,41.0,37074.0,2019-08-31,GGOEGAPB058614,Google Women's Yoga Jacket Black,Apparel,1.0,42.0,6.0,Used,0.18,8/31/2019,3000.0,1296.81,8,SALE20,20.0,Women,True
12356,15213.0,M,Washington DC,41.0,37074.0,2019-08-31,GGOEGATH060714,Google Women's Convertible Vest-Jacket Sea Foam Green,Apparel,1.0,23.76,6.0,Clicked,0.18,8/31/2019,3000.0,1296.81,8,SALE20,20.0,Women,True
12379,18106.0,F,California,49.0,37121.0,2019-08-31,GGOEGADB056613,Men's Weatherblock Shell Jacket Black,Apparel,1.0,46.5,6.0,Used,0.18,8/31/2019,3000.0,1296.81,8,SALE20,20.0,Men,True
12380,18106.0,F,California,49.0,37121.0,2019-08-31,GGOEGADJ057113,Google Men's Performance 1/4 Zip Pullover Heather/Black,Apparel,1.0,33.0,6.0,Clicked,0.18,8/31/2019,3000.0,1296.81,8,SALE20,20.0,Men,True
12383,18106.0,F,California,49.0,37124.0,2019-08-31,GGOEGAPB058213,Google Women's Lightweight Microfleece Jacket,Apparel,1.0,41.99,6.0,Clicked,0.18,8/31/2019,3000.0,1296.81,8,SALE20,20.0,Women,True
12388,12971.0,F,Washington DC,43.0,36226.0,2019-08-22,GGOEYAFB073116,YouTube Men's Fleece Hoodie Black,Apparel,1.0,39.19,6.0,Used,0.18,8/22/2019,2500.0,1172.96,8,SALE20,20.0,Men,True
12390,12712.0,M,Chicago,37.0,36307.0,2019-08-22,GGOEGAFB035814,Google Men's  Zip Hoodie,Apparel,1.0,44.79,6.0,Clicked,0.18,8/22/2019,2500.0,1172.96,8,SALE20,20.0,Men,True
12393,12712.0,M,Chicago,37.0,36308.0,2019-08-22,GGOEGADJ057114,Google Men's Performance 1/4 Zip Pullover Heather/Black,Apparel,1.0,26.4,6.0,Used,0.18,8/22/2019,2500.0,1172.96,8,SALE20,20.0,Men,True
12396,12712.0,M,Chicago,37.0,36310.0,2019-08-22,GGOEGAFJ036216,Google Men's Pullover Hoodie Grey,Apparel,1.0,29.11,6.0,Clicked,0.18,8/22/2019,2500.0,1172.96,8,SALE20,20.0,Men,True
12409,17965.0,F,Chicago,7.0,36275.0,2019-08-22,GGOEGADC059513,Google Men's Microfiber 1/4 Zip Pullover Blue/Indigo,Apparel,1.0,30.0,6.0,Clicked,0.18,8/22/2019,2500.0,1172.96,8,SALE20,20.0,Men,True
12411,17965.0,F,Chicago,7.0,36275.0,2019-08-22,GGOEGAPB058213,Google Women's Lightweight Microfleece Jacket,Apparel,1.0,41.99,6.0,Clicked,0.18,8/22/2019,2500.0,1172.96,8,SALE20,20.0,Women,True
12418,17965.0,F,Chicago,7.0,36281.0,2019-08-22,GGOEGAFB035814,Google Men's  Zip Hoodie,Apparel,1.0,44.79,12.99,Not Used,0.18,8/22/2019,2500.0,1172.96,8,SALE20,20.0,Men,True
12419,17965.0,F,Chicago,7.0,36288.0,2019-08-22,GGOEYAFB073113,YouTube Men's Fleece Hoodie Black,Apparel,1.0,31.35,6.0,Clicked,0.18,8/22/2019,2500.0,1172.96,8,SALE20,20.0,Men,True
12420,17965.0,F,Chicago,7.0,36289.0,2019-08-22,GGOEGAPB058615,Google Women's Yoga Jacket Black,Apparel,1.0,52.5,6.0,Used,0.18,8/22/2019,2500.0,1172.96,8,SALE20,20.0,Women,True
12422,17965.0,F,Chicago,7.0,36289.0,2019-08-22,GGOEYAFB073116,YouTube Men's Fleece Hoodie Black,Apparel,1.0,39.19,6.0,Clicked,0.18,8/22/2019,2500.0,1172.96,8,SALE20,20.0,Men,True
12426,17965.0,F,Chicago,7.0,36292.0,2019-08-22,GGOEGATB060416,Google Women's Quilted Insulated Vest Black,Apparel,1.0,59.99,6.0,Not Used,0.18,8/22/2019,2500.0,1172.96,8,SALE20,20.0,Women,True
12427,17965.0,F,Chicago,7.0,36293.0,2019-08-22,GGOEYAFB073116,YouTube Men's Fleece Hoodie Black,Apparel,1.0,39.19,6.0,Used,0.18,8/22/2019,2500.0,1172.96,8,SALE20,20.0,Men,True
12437,13488.0,F,California,22.0,36315.0,2019-08-22,GGOEGADJ059713,Google Men's Quilted Insulated Vest Battleship Grey,Apparel,1.0,37.49,6.0,Clicked,0.18,8/22/2019,2500.0,1172.96,8,SALE20,20.0,Men,True
12441,13488.0,F,California,22.0,36321.0,2019-08-22,GGOEGATB060214,Google Women's 1/4 Zip Performance Pullover Black,Apparel,1.0,26.0,6.0,Not Used,0.18,8/22/2019,2500.0,1172.96,8,SALE20,20.0,Women,True
12454,13488.0,F,California,22.0,36336.0,2019-08-22,GGOEGAFB035814,Google Men's  Zip Hoodie,Apparel,1.0,44.79,6.0,Not Used,0.18,8/22/2019,2500.0,1172.96,8,SALE20,20.0,Men,True
12455,13488.0,F,California,22.0,36337.0,2019-08-22,GGOEGADJ059713,Google Men's Quilted Insulated Vest Battleship Grey,Apparel,1.0,30.0,6.0,Not Used,0.18,8/22/2019,2500.0,1172.96,8,SALE20,20.0,Men,True
12459,13488.0,F,California,22.0,36338.0,2019-08-22,GGOEGADJ056813,Google Men's Watershed Full Zip Hoodie Grey,Apparel,1.0,44.0,6.0,Used,0.18,8/22/2019,2500.0,1172.96,8,SALE20,20.0,Men,True
12460,13488.0,F,California,22.0,36339.0,2019-08-22,GGOEGADB056713,Men's Softshell Jacket Black/Grey,Apparel,1.0,79.19,6.0,Used,0.18,8/22/2019,2500.0,1172.96,8,SALE20,20.0,Men,True
12461,13488.0,F,California,22.0,36339.0,2019-08-22,GGOEGAPB058213,Google Women's Lightweight Microfleece Jacket,Apparel,2.0,41.99,6.0,Clicked,0.18,8/22/2019,2500.0,1172.96,8,SALE20,20.0,Women,True
12462,13488.0,F,California,22.0,36339.0,2019-08-22,GGOEGAPB058614,Google Women's Yoga Jacket Black,Apparel,1.0,42.0,6.0,Clicked,0.18,8/22/2019,2500.0,1172.96,8,SALE20,20.0,Women,True
12464,13488.0,F,California,22.0,36340.0,2019-08-22,GGOEGADJ057114,Google Men's Performance 1/4 Zip Pullover Heather/Black,Apparel,1.0,26.4,6.0,Clicked,0.18,8/22/2019,2500.0,1172.96,8,SALE20,20.0,Men,True
12466,13488.0,F,California,22.0,36340.0,2019-08-22,GGOEGAPB057813,Women's Performance Full Zip Jacket Black,Apparel,1.0,67.19,6.0,Not Used,0.18,8/22/2019,2500.0,1172.96,8,SALE20,20.0,Women,True
12472,13488.0,F,California,22.0,36343.0,2019-08-22,GGOEGATH060713,Google Women's Convertible Vest-Jacket Sea Foam Green,Apparel,1.0,23.76,6.0,Used,0.18,8/22/2019,2500.0,1172.96,8,SALE20,20.0,Women,True
12487,17095.0,M,California,35.0,36305.0,2019-08-22,GGOEGADJ059713,Google Men's Quilted Insulated Vest Battleship Grey,Apparel,1.0,30.0,6.0,Not Used,0.18,8/22/2019,2500.0,1172.96,8,SALE20,20.0,Men,True
12497,14270.0,M,New York,6.0,36246.0,2019-08-22,GGOEGADC059516,Google Men's Microfiber 1/4 Zip Pullover Blue/Indigo,Apparel,1.0,30.0,6.0,Not Used,0.18,8/22/2019,2500.0,1172.96,8,SALE20,20.0,Men,True
12500,14270.0,M,New York,6.0,36246.0,2019-08-22,GGOEGATC060315,Google Women's 1/4 Zip Performance Pullover Two-Tone Blue,Apparel,1.0,26.0,6.0,Used,0.18,8/22/2019,2500.0,1172.96,8,SALE20,20.0,Women,True
12501,16655.0,M,Chicago,40.0,36255.0,2019-08-22,GGOEGAPB058213,Google Women's Lightweight Microfleece Jacket,Apparel,1.0,41.99,6.0,Used,0.18,8/22/2019,2500.0,1172.96,8,SALE20,20.0,Women,True
12506,16655.0,M,Chicago,40.0,36263.0,2019-08-22,GGOEYAFB073116,YouTube Men's Fleece Hoodie Black,Apparel,1.0,31.35,6.0,Clicked,0.18,8/22/2019,2500.0,1172.96,8,SALE20,20.0,Men,True
12516,12793.0,F,Chicago,39.0,35075.0,2019-08-09,GGOEGAPB058215,Google Women's Lightweight Microfleece Jacket,Apparel,1.0,41.99,12.99,Clicked,0.18,8/9/2019,3000.0,2285.79,8,SALE20,20.0,Women,True
12517,12793.0,F,Chicago,39.0,35076.0,2019-08-09,GGOEGAPJ058014,Google Women's 1/4 Zip Jacket Charcoal,Apparel,1.0,44.0,12.99,Used,0.18,8/9/2019,3000.0,2285.79,8,SALE20,20.0,Women,True
12520,13069.0,F,New York,38.0,35120.0,2019-08-09,GGOEGADJ056813,Google Men's Watershed Full Zip Hoodie Grey,Apparel,1.0,44.0,6.0,Clicked,0.18,8/9/2019,3000.0,2285.79,8,SALE20,20.0,Men,True
12522,13069.0,F,New York,38.0,35120.0,2019-08-09,GGOEGAFB035813,Google Men's  Zip Hoodie,Apparel,1.0,44.79,6.0,Clicked,0.18,8/9/2019,3000.0,2285.79,8,SALE20,20.0,Men,True
12523,13069.0,F,New York,38.0,35121.0,2019-08-09,GGOEGAPB058613,Google Women's Yoga Jacket Black,Apparel,1.0,42.0,6.0,Used,0.18,8/9/2019,3000.0,2285.79,8,SALE20,20.0,Women,True
12527,13069.0,F,New York,38.0,35123.0,2019-08-09,GGOEGAPB058614,Google Women's Yoga Jacket Black,Apparel,1.0,42.0,12.48,Clicked,0.18,8/9/2019,3000.0,2285.79,8,SALE20,20.0,Women,True
12528,13069.0,F,New York,38.0,35123.0,2019-08-09,GGOEYAFB073113,YouTube Men's Fleece Hoodie Black,Apparel,3.0,31.35,12.48,Not Used,0.18,8/9/2019,3000.0,2285.79,8,SALE20,20.0,Men,True
12529,13069.0,F,New York,38.0,35123.0,2019-08-09,GGOEYAFB073115,YouTube Men's Fleece Hoodie Black,Apparel,2.0,31.35,12.48,Used,0.18,8/9/2019,3000.0,2285.79,8,SALE20,20.0,Men,True
12536,13069.0,F,New York,38.0,35130.0,2019-08-09,GGOEGAPB057515,Women's Weatherblock Shell Jacket Black,Apparel,1.0,46.5,6.0,Clicked,0.18,8/9/2019,3000.0,2285.79,8,SALE20,20.0,Women,True
12550,13102.0,F,New York,10.0,35118.0,2019-08-09,GGOEGATC060314,Google Women's 1/4 Zip Performance Pullover Two-Tone Blue,Apparel,1.0,26.0,6.0,Clicked,0.18,8/9/2019,3000.0,2285.79,8,SALE20,20.0,Women,True
12555,16326.0,M,Washington DC,6.0,35057.0,2019-08-09,GGOEGADC059314,Google Men's Airflow 1/4 Zip Pullover Lapis,Apparel,1.0,34.99,6.0,Clicked,0.18,8/9/2019,3000.0,2285.79,8,SALE20,20.0,Men,True
12556,16326.0,M,Washington DC,6.0,35057.0,2019-08-09,GGOEGADJ056814,Google Men's Watershed Full Zip Hoodie Grey,Apparel,1.0,55.0,6.0,Clicked,0.18,8/9/2019,3000.0,2285.79,8,SALE20,20.0,Men,True
12575,17555.0,F,Chicago,27.0,35086.0,2019-08-09,GGOEGADJ056813,Google Men's Watershed Full Zip Hoodie Grey,Apparel,1.0,44.0,6.0,Clicked,0.18,8/9/2019,3000.0,2285.79,8,SALE20,20.0,Men,True
12576,17555.0,F,Chicago,27.0,35088.0,2019-08-09,GGOEYAFB073115,YouTube Men's Fleece Hoodie Black,Apparel,1.0,31.35,19.99,Used,0.18,8/9/2019,3000.0,2285.79,8,SALE20,20.0,Men,True
12592,17555.0,F,Chicago,27.0,35095.0,2019-08-09,GGOEYAFB073116,YouTube Men's Fleece Hoodie Black,Apparel,1.0,31.35,6.0,Clicked,0.18,8/9/2019,3000.0,2285.79,8,SALE20,20.0,Men,True
12594,17555.0,F,Chicago,27.0,35099.0,2019-08-09,GGOEGATB060214,Google Women's 1/4 Zip Performance Pullover Black,Apparel,1.0,26.0,6.0,Used,0.18,8/9/2019,3000.0,2285.79,8,SALE20,20.0,Women,True
12595,17555.0,F,Chicago,27.0,35103.0,2019-08-09,GGOEGAFB035813,Google Men's  Zip Hoodie,Apparel,2.0,44.79,6.5,Clicked,0.18,8/9/2019,3000.0,2285.79,8,SALE20,20.0,Men,True
12599,12651.0,M,New York,44.0,35109.0,2019-08-09,GGOEGAPC058814,Google Women's Shell Jacket Blue/Black,Apparel,1.0,22.8,6.0,Not Used,0.18,8/9/2019,3000.0,2285.79,8,SALE20,20.0,Women,True
12600,12651.0,M,New York,44.0,35111.0,2019-08-09,GGOEYAFB073113,YouTube Men's Fleece Hoodie Black,Apparel,1.0,31.35,6.0,Clicked,0.18,8/9/2019,3000.0,2285.79,8,SALE20,20.0,Men,True
12610,16735.0,M,New Jersey,42.0,35147.0,2019-08-09,GGOEGAFB035813,Google Men's  Zip Hoodie,Apparel,1.0,55.99,6.0,Clicked,0.18,8/9/2019,3000.0,2285.79,8,SALE20,20.0,Men,True
12643,14867.0,F,Chicago,50.0,34859.0,2019-08-07,GGOEYAFB073116,YouTube Men's Fleece Hoodie Black,Apparel,1.0,31.35,6.0,Used,0.18,8/7/2019,3000.0,1946.56,8,SALE20,20.0,Men,True
12659,13593.0,M,California,28.0,34848.0,2019-08-07,GGOEGADJ056814,Google Men's Watershed Full Zip Hoodie Grey,Apparel,1.0,55.0,6.0,Clicked,0.18,8/7/2019,3000.0,1946.56,8,SALE20,20.0,Men,True
12679,13183.0,F,New York,42.0,34905.0,2019-08-07,GGOEYAFB073115,YouTube Men's Fleece Hoodie Black,Apparel,1.0,31.35,19.99,Used,0.18,8/7/2019,3000.0,1946.56,8,SALE20,20.0,Men,True
12680,13183.0,F,New York,42.0,34906.0,2019-08-07,GGOEGAPB058212,Google Women's Lightweight Microfleece Jacket,Apparel,1.0,41.99,6.0,Clicked,0.18,8/7/2019,3000.0,1946.56,8,SALE20,20.0,Women,True
12681,13183.0,F,New York,42.0,34906.0,2019-08-07,GGOEGAPJ058012,Google Women's 1/4 Zip Jacket Charcoal,Apparel,1.0,44.0,6.0,Clicked,0.18,8/7/2019,3000.0,1946.56,8,SALE20,20.0,Women,True
12744,16791.0,F,Chicago,7.0,36210.0,2019-08-21,GGOEGADB057313,Google Men's Lightweight Microfleece Jacket Black,Apparel,1.0,59.99,6.0,Clicked,0.18,8/21/2019,2500.0,1528.1,8,SALE20,20.0,Men,True
12748,16235.0,M,California,34.0,36219.0,2019-08-21,GGOEGAPC058814,Google Women's Shell Jacket Blue/Black,Apparel,1.0,28.5,6.0,Clicked,0.18,8/21/2019,2500.0,1528.1,8,SALE20,20.0,Women,True
12750,16779.0,M,Washington DC,11.0,34614.0,2019-08-03,GGOEGADJ056814,Google Men's Watershed Full Zip Hoodie Grey,Apparel,1.0,44.0,6.0,Clicked,0.18,8/3/2019,1500.0,2493.64,8,SALE20,20.0,Men,True
12777,14298.0,M,Chicago,41.0,34630.0,2019-08-03,GGOEGADB059613,Google Men's Quilted Insulated Vest Black,Apparel,1.0,52.49,6.0,Clicked,0.18,8/3/2019,1500.0,2493.64,8,SALE20,20.0,Men,True
12789,12501.0,M,Chicago,8.0,34550.0,2019-08-03,GGOEGAFB035815,Google Men's  Zip Hoodie,Apparel,1.0,44.79,6.0,Used,0.18,8/3/2019,1500.0,2493.64,8,SALE20,20.0,Men,True
12797,12501.0,M,Chicago,8.0,34566.0,2019-08-03,GGOEGADB059614,Google Men's Quilted Insulated Vest Black,Apparel,1.0,41.99,12.99,Not Used,0.18,8/3/2019,1500.0,2493.64,8,SALE20,20.0,Men,True
12809,12501.0,M,Chicago,8.0,34572.0,2019-08-03,GGOEGAPB058213,Google Women's Lightweight Microfleece Jacket,Apparel,1.0,41.99,6.0,Used,0.18,8/3/2019,1500.0,2493.64,8,SALE20,20.0,Women,True
12812,12501.0,M,Chicago,8.0,34574.0,2019-08-03,GGOEGADB056915,Google Men's Performance Full Zip Jacket Black,Apparel,1.0,60.0,6.0,Clicked,0.18,8/3/2019,1500.0,2493.64,8,SALE20,20.0,Men,True
12818,12501.0,M,Chicago,8.0,34578.0,2019-08-03,GGOEGAPB058614,Google Women's Yoga Jacket Black,Apparel,1.0,42.0,6.0,Clicked,0.18,8/3/2019,1500.0,2493.64,8,SALE20,20.0,Women,True
12820,12501.0,M,Chicago,8.0,34579.0,2019-08-03,GGOEGAFB035814,Google Men's  Zip Hoodie,Apparel,1.0,44.79,6.0,Not Used,0.18,8/3/2019,1500.0,2493.64,8,SALE20,20.0,Men,True
12828,12501.0,M,Chicago,8.0,34585.0,2019-08-03,GGOEGAPB058213,Google Women's Lightweight Microfleece Jacket,Apparel,1.0,41.99,6.5,Clicked,0.18,8/3/2019,1500.0,2493.64,8,SALE20,20.0,Women,True
12831,12501.0,M,Chicago,8.0,34588.0,2019-08-03,GGOEGADJ056814,Google Men's Watershed Full Zip Hoodie Grey,Apparel,1.0,44.0,6.0,Used,0.18,8/3/2019,1500.0,2493.64,8,SALE20,20.0,Men,True
12833,15607.0,F,Chicago,40.0,34598.0,2019-08-03,GGOEGAPB058617,Google Women's Yoga Jacket Black,Apparel,1.0,52.5,6.0,Clicked,0.18,8/3/2019,1500.0,2493.64,8,SALE20,20.0,Women,True
12837,15607.0,F,Chicago,40.0,34608.0,2019-08-03,GGOEGADC059513,Google Men's Microfiber 1/4 Zip Pullover Blue/Indigo,Apparel,1.0,30.0,6.0,Used,0.18,8/3/2019,1500.0,2493.64,8,SALE20,20.0,Men,True
12839,15607.0,F,Chicago,40.0,34608.0,2019-08-03,GGOEGAPB058213,Google Women's Lightweight Microfleece Jacket,Apparel,1.0,41.99,6.0,Clicked,0.18,8/3/2019,1500.0,2493.64,8,SALE20,20.0,Women,True
12842,15139.0,M,New Jersey,16.0,34609.0,2019-08-03,GGOEGADC059513,Google Men's Microfiber 1/4 Zip Pullover Blue/Indigo,Apparel,1.0,30.0,6.0,Clicked,0.18,8/3/2019,1500.0,2493.64,8,SALE20,20.0,Men,True
12858,13102.0,F,New York,10.0,36119.0,2019-08-20,GGOEGADB056614,Men's Weatherblock Shell Jacket Black,Apparel,1.0,46.5,12.99,Used,0.18,8/20/2019,2500.0,1480.23,8,SALE20,20.0,Men,True
12864,17569.0,F,California,41.0,36129.0,2019-08-20,GGOEGAFB035815,Google Men's  Zip Hoodie,Apparel,1.0,55.99,6.0,Clicked,0.18,8/20/2019,2500.0,1480.23,8,SALE20,20.0,Men,True
12868,16350.0,F,Chicago,31.0,35481.0,2019-08-13,GGOEGAPB058614,Google Women's Yoga Jacket Black,Apparel,1.0,42.0,6.0,Clicked,0.18,8/13/2019,3500.0,1846.18,8,SALE20,20.0,Women,True
12869,16350.0,F,Chicago,31.0,35481.0,2019-08-13,GGOEGATJ060515,Google Women's Quilted Insulated Vest White,Apparel,1.0,30.0,6.0,Clicked,0.18,8/13/2019,3500.0,1846.18,8,SALE20,20.0,Women,True
12877,16350.0,F,Chicago,31.0,35486.0,2019-08-13,GGOEGADB056614,Men's Weatherblock Shell Jacket Black,Apparel,1.0,37.2,6.0,Used,0.18,8/13/2019,3500.0,1846.18,8,SALE20,20.0,Men,True
12910,12500.0,F,Washington DC,46.0,35489.0,2019-08-13,GGOEGAFJ036213,Google Men's Pullover Hoodie Grey,Apparel,1.0,29.11,6.0,Not Used,0.18,8/13/2019,3500.0,1846.18,8,SALE20,20.0,Men,True
12916,18171.0,M,New York,21.0,35495.0,2019-08-13,GGOEGATH060714,Google Women's Convertible Vest-Jacket Sea Foam Green,Apparel,1.0,23.76,6.0,Used,0.18,8/13/2019,3500.0,1846.18,8,SALE20,20.0,Women,True
12923,12524.0,F,Washington DC,20.0,35516.0,2019-08-13,GGOEGATB060214,Google Women's 1/4 Zip Performance Pullover Black,Apparel,1.0,32.49,6.0,Used,0.18,8/13/2019,3500.0,1846.18,8,SALE20,20.0,Women,True
12937,14669.0,F,New York,39.0,36064.0,2019-08-19,GGOEGATJ060515,Google Women's Quilted Insulated Vest White,Apparel,1.0,30.0,6.0,Not Used,0.18,8/19/2019,3500.0,2574.56,8,SALE20,20.0,Women,True
12950,14669.0,F,New York,39.0,36070.0,2019-08-19,GGOEGAPB058614,Google Women's Yoga Jacket Black,Apparel,1.0,42.0,6.0,Clicked,0.18,8/19/2019,3500.0,2574.56,8,SALE20,20.0,Women,True
12953,15518.0,F,New Jersey,7.0,36077.0,2019-08-19,GGOEGADC059314,Google Men's Airflow 1/4 Zip Pullover Lapis,Apparel,1.0,28.0,6.0,Used,0.18,8/19/2019,3500.0,2574.56,8,SALE20,20.0,Men,True
12954,15518.0,F,New Jersey,7.0,36077.0,2019-08-19,GGOEGADJ057114,Google Men's Performance 1/4 Zip Pullover Heather/Black,Apparel,1.0,26.4,6.0,Not Used,0.18,8/19/2019,3500.0,2574.56,8,SALE20,20.0,Men,True
12955,15518.0,F,New Jersey,7.0,36077.0,2019-08-19,GGOEGATC060313,Google Women's 1/4 Zip Performance Pullover Two-Tone Blue,Apparel,1.0,26.0,6.0,Clicked,0.18,8/19/2019,3500.0,2574.56,8,SALE20,20.0,Women,True
12959,14209.0,F,California,29.0,36092.0,2019-08-19,GGOEGADJ057114,Google Men's Performance 1/4 Zip Pullover Heather/Black,Apparel,1.0,26.4,6.0,Not Used,0.18,8/19/2019,3500.0,2574.56,8,SALE20,20.0,Men,True
12970,12728.0,F,California,5.0,36102.0,2019-08-19,GGOEGAFB035815,Google Men's  Zip Hoodie,Apparel,1.0,44.79,6.0,Used,0.18,8/19/2019,3500.0,2574.56,8,SALE20,20.0,Men,True
16315,17897.0,M,Washington DC,19.0,24109.0,2019-03-26,GGOEGADJ056817,Google Men's Watershed Full Zip Hoodie Grey,Apparel,1.0,76.99,6.5,Clicked,0.18,3/26/2019,2000.0,1672.79,3,SALE30,30.0,Men,True
16324,17897.0,M,Washington DC,19.0,24115.0,2019-03-26,GGOEGADB056914,Google Men's Performance Full Zip Jacket Black,Apparel,1.0,67.19,12.48,Used,0.18,3/26/2019,2000.0,1672.79,3,SALE30,30.0,Men,True
16325,17897.0,M,Washington DC,19.0,24116.0,2019-03-26,GGOEGADC059514,Google Men's Microfiber 1/4 Zip Pullover Blue/Indigo,Apparel,1.0,41.99,6.5,Used,0.18,3/26/2019,2000.0,1672.79,3,SALE30,30.0,Men,True
16326,17897.0,M,Washington DC,19.0,24116.0,2019-03-26,GGOEGAPB058213,Google Women's Lightweight Microfleece Jacket,Apparel,1.0,59.99,6.5,Not Used,0.18,3/26/2019,2000.0,1672.79,3,SALE30,30.0,Women,True
16329,17897.0,M,Washington DC,19.0,24121.0,2019-03-26,GGOEGAFB035813,Google Men's  Zip Hoodie,Apparel,1.0,44.79,6.5,Used,0.18,3/26/2019,2000.0,1672.79,3,SALE30,30.0,Men,True
16331,17897.0,M,Washington DC,19.0,24124.0,2019-03-26,GGOEGADJ056815,Google Men's Watershed Full Zip Hoodie Grey,Apparel,1.0,76.99,6.5,Not Used,0.18,3/26/2019,2000.0,1672.79,3,SALE30,30.0,Men,True
16337,16125.0,M,California,22.0,24104.0,2019-03-26,GGOEGADB056614,Men's Weatherblock Shell Jacket Black,Apparel,1.0,52.07,6.5,Clicked,0.18,3/26/2019,2000.0,1672.79,3,SALE30,30.0,Men,True
16339,15081.0,M,Chicago,24.0,24124.0,2019-03-26,GGOEGAPB057513,Women's Weatherblock Shell Jacket Black,Apparel,1.0,65.09,6.5,Clicked,0.18,3/26/2019,2000.0,1672.79,3,SALE30,30.0,Women,True
16346,17511.0,F,Chicago,25.0,23376.0,2019-03-19,GGOEGAPB058216,Google Women's Lightweight Microfleece Jacket,Apparel,1.0,74.99,6.5,Used,0.18,3/19/2019,2000.0,982.2,3,SALE30,30.0,Women,True
16347,17228.0,M,Chicago,42.0,23390.0,2019-03-19,GGOEGAPB057815,Women's Performance Full Zip Jacket Black,Apparel,1.0,67.19,6.5,Used,0.18,3/19/2019,2000.0,982.2,3,SALE30,30.0,Women,True
16349,18055.0,F,Washington DC,18.0,23333.0,2019-03-19,GGOEYAFB073115,YouTube Men's Fleece Hoodie Black,Apparel,1.0,44.79,6.5,Clicked,0.18,3/19/2019,2000.0,982.2,3,SALE30,30.0,Men,True
16350,18055.0,F,Washington DC,18.0,23334.0,2019-03-19,GGOEYAQB073214,YouTube Women's Fleece Hoodie Black,Apparel,1.0,55.99,6.5,Used,0.18,3/19/2019,2000.0,982.2,3,SALE30,30.0,Women,True
16351,18055.0,F,Washington DC,18.0,23335.0,2019-03-19,GGOEGAFB035815,Google Men's  Zip Hoodie,Apparel,1.0,44.79,6.5,Not Used,0.18,3/19/2019,2000.0,982.2,3,SALE30,30.0,Men,True
16356,18055.0,F,Washington DC,18.0,23339.0,2019-03-19,GGOEGADJ059814,Google Men's Convertible Vest-Jacket Pewter,Apparel,1.0,69.29,22.71,Clicked,0.18,3/19/2019,2000.0,982.2,3,SALE30,30.0,Men,True
16359,18055.0,F,Washington DC,18.0,23343.0,2019-03-19,GGOEGAEJ033314,Google Men's Long Sleeve Pullover Badge Tee Heather,Apparel,1.0,34.99,42.67,Used,0.18,3/19/2019,2000.0,982.2,3,SALE30,30.0,Men,True
16360,18055.0,F,Washington DC,18.0,23345.0,2019-03-19,GGOEGADB057314,Google Men's Lightweight Microfleece Jacket Black,Apparel,1.0,59.99,6.5,Clicked,0.18,3/19/2019,2000.0,982.2,3,SALE30,30.0,Men,True
16361,17869.0,M,California,50.0,23256.0,2019-03-19,GGOEGADB056614,Men's Weatherblock Shell Jacket Black,Apparel,1.0,65.09,6.5,Not Used,0.18,3/19/2019,2000.0,982.2,3,SALE30,30.0,Men,True
16362,17869.0,M,California,50.0,23256.0,2019-03-19,GGOEGADJ056814,Google Men's Watershed Full Zip Hoodie Grey,Apparel,1.0,76.99,6.5,Not Used,0.18,3/19/2019,2000.0,982.2,3,SALE30,30.0,Men,True
16364,17869.0,M,California,50.0,23261.0,2019-03-19,GGOEGAEJ033315,Google Men's Long Sleeve Pullover Badge Tee Heather,Apparel,1.0,34.99,42.67,Used,0.18,3/19/2019,2000.0,982.2,3,SALE30,30.0,Men,True
16371,13564.0,M,California,26.0,23265.0,2019-03-19,GGOEGAEJ033314,Google Men's Long Sleeve Pullover Badge Tee Heather,Apparel,1.0,34.99,42.67,Not Used,0.18,3/19/2019,2000.0,982.2,3,SALE30,30.0,Men,True
16392,17920.0,F,California,18.0,23245.0,2019-03-18,GGOEYAQB073215,YouTube Women's Fleece Hoodie Black,Apparel,1.0,44.79,6.5,Used,0.18,3/18/2019,2000.0,659.57,3,SALE30,30.0,Women,True
16393,17920.0,F,California,18.0,23252.0,2019-03-18,GGOEAAFB035914,Android Men's  Zip Hoodie,Apparel,1.0,55.99,6.5,Used,0.18,3/18/2019,2000.0,659.57,3,SALE30,30.0,Men,True
16395,12748.0,F,Chicago,28.0,23233.0,2019-03-18,GGOEGADB056616,Men's Weatherblock Shell Jacket Black,Apparel,1.0,52.07,6.5,Used,0.18,3/18/2019,2000.0,659.57,3,SALE30,30.0,Men,True
16412,15602.0,F,New Jersey,10.0,23167.0,2019-03-18,GGOEGAPB057513,Women's Weatherblock Shell Jacket Black,Apparel,1.0,65.09,44.06,Clicked,0.18,3/18/2019,2000.0,659.57,3,SALE30,30.0,Women,True
16419,17320.0,F,California,40.0,23214.0,2019-03-18,GGOEYAFB073116,YouTube Men's Fleece Hoodie Black,Apparel,1.0,55.99,6.5,Clicked,0.18,3/18/2019,2000.0,659.57,3,SALE30,30.0,Men,True
16421,16782.0,F,New York,45.0,23244.0,2019-03-18,GGOEGATB060614,Google Women's Convertible Vest-Jacket Black,Apparel,1.0,79.19,6.5,Clicked,0.18,3/18/2019,2000.0,659.57,3,SALE30,30.0,Women,True
16422,12913.0,F,New York,21.0,23245.0,2019-03-18,GGOEAAQB036115,Android Women's Fleece Hoodie,Apparel,1.0,44.79,6.5,Not Used,0.18,3/18/2019,2000.0,659.57,3,SALE30,30.0,Women,True
16431,12708.0,F,California,25.0,22046.0,2019-03-05,GGOEGADC059515,Google Men's Microfiber 1/4 Zip Pullover Blue/Indigo,Apparel,1.0,41.99,6.5,Clicked,0.18,3/5/2019,2500.0,1153.36,3,SALE30,30.0,Men,True
16441,15898.0,M,Chicago,27.0,22055.0,2019-03-05,GGOEGAEJ033314,Google Men's Long Sleeve Pullover Badge Tee Heather,Apparel,1.0,34.99,6.5,Clicked,0.18,3/5/2019,2500.0,1153.36,3,SALE30,30.0,Men,True
16443,15898.0,M,Chicago,27.0,22057.0,2019-03-05,GGOEGADJ056814,Google Men's Watershed Full Zip Hoodie Grey,Apparel,1.0,76.99,6.5,Used,0.18,3/5/2019,2500.0,1153.36,3,SALE30,30.0,Men,True
16444,15898.0,M,Chicago,27.0,22057.0,2019-03-05,GGOEGAFB035814,Google Men's  Zip Hoodie,Apparel,1.0,55.99,6.5,Not Used,0.18,3/5/2019,2500.0,1153.36,3,SALE30,30.0,Men,True
16453,15898.0,M,Chicago,27.0,22079.0,2019-03-05,GGOEGAFB035816,Google Men's  Zip Hoodie,Apparel,1.0,55.99,6.5,Not Used,0.18,3/5/2019,2500.0,1153.36,3,SALE30,30.0,Men,True
16454,15898.0,M,Chicago,27.0,22081.0,2019-03-05,GGOEGADJ056817,Google Men's Watershed Full Zip Hoodie Grey,Apparel,1.0,76.99,6.5,Clicked,0.18,3/5/2019,2500.0,1153.36,3,SALE30,30.0,Men,True
16457,15898.0,M,Chicago,27.0,22091.0,2019-03-05,GGOEGAFB035813,Google Men's  Zip Hoodie,Apparel,1.0,44.79,6.5,Clicked,0.18,3/5/2019,2500.0,1153.36,3,SALE30,30.0,Men,True
16459,15898.0,M,Chicago,27.0,22092.0,2019-03-05,GGOEGAQB036013,Google Women's Fleece Hoodie,Apparel,1.0,55.99,6.5,Used,0.18,3/5/2019,2500.0,1153.36,3,SALE30,30.0,Women,True
16477,14606.0,F,Chicago,33.0,21611.0,2019-03-01,GGOEGAQB036014,Google Women's Fleece Hoodie,Apparel,1.0,44.79,6.5,Not Used,0.18,3/1/2019,4000.0,1880.22,3,SALE30,30.0,Women,True
16495,12720.0,F,Chicago,20.0,21645.0,2019-03-01,GGOEGAPB058215,Google Women's Lightweight Microfleece Jacket,Apparel,1.0,59.99,6.5,Used,0.18,3/1/2019,4000.0,1880.22,3,SALE30,30.0,Women,True
16496,12720.0,F,Chicago,20.0,21651.0,2019-03-01,GGOEGADB059614,Google Men's Quilted Insulated Vest Black,Apparel,1.0,59.99,6.5,Clicked,0.18,3/1/2019,4000.0,1880.22,3,SALE30,30.0,Men,True
16498,12720.0,F,Chicago,20.0,21652.0,2019-03-01,GGOEGAFB035815,Google Men's  Zip Hoodie,Apparel,1.0,44.79,6.5,Used,0.18,3/1/2019,4000.0,1880.22,3,SALE30,30.0,Men,True
16502,16422.0,F,California,35.0,21658.0,2019-03-01,GGOEGADB056616,Men's Weatherblock Shell Jacket Black,Apparel,1.0,92.99,6.5,Clicked,0.18,3/1/2019,4000.0,1880.22,3,SALE30,30.0,Men,True
16503,16422.0,F,California,35.0,21658.0,2019-03-01,GGOEGAFB035813,Google Men's  Zip Hoodie,Apparel,1.0,55.99,6.5,Clicked,0.18,3/1/2019,4000.0,1880.22,3,SALE30,30.0,Men,True
16504,16422.0,F,California,35.0,21658.0,2019-03-01,GGOEGAFB035815,Google Men's  Zip Hoodie,Apparel,3.0,55.99,6.5,Clicked,0.18,3/1/2019,4000.0,1880.22,3,SALE30,30.0,Men,True
16507,16422.0,F,California,35.0,21659.0,2019-03-01,GGOEGAQB036015,Google Women's Fleece Hoodie,Apparel,1.0,55.99,6.5,Clicked,0.18,3/1/2019,4000.0,1880.22,3,SALE30,30.0,Women,True
16508,16422.0,F,California,35.0,21667.0,2019-03-01,GGOEGADB057316,Google Men's Lightweight Microfleece Jacket Black,Apparel,1.0,59.99,6.5,Used,0.18,3/1/2019,4000.0,1880.22,3,SALE30,30.0,Men,True
16509,16422.0,F,California,35.0,21668.0,2019-03-01,GGOEAAQB036114,Android Women's Fleece Hoodie,Apparel,1.0,44.79,6.5,Used,0.18,3/1/2019,4000.0,1880.22,3,SALE30,30.0,Women,True
16515,15502.0,F,New York,27.0,21676.0,2019-03-01,GGOEGADB056914,Google Men's Performance Full Zip Jacket Black,Apparel,1.0,95.99,6.5,Used,0.18,3/1/2019,4000.0,1880.22,3,SALE30,30.0,Men,True
16528,12748.0,F,Chicago,28.0,21895.0,2019-03-04,GGOEGADJ056815,Google Men's Watershed Full Zip Hoodie Grey,Apparel,1.0,76.99,6.5,Used,0.18,3/4/2019,4000.0,642.34,3,SALE30,30.0,Men,True
16533,12748.0,F,Chicago,28.0,21896.0,2019-03-04,GGOEGAFB035817,Google Men's  Zip Hoodie,Apparel,1.0,44.79,75.0,Clicked,0.18,3/4/2019,4000.0,642.34,3,SALE30,30.0,Men,True
16534,12748.0,F,Chicago,28.0,21896.0,2019-03-04,GGOEGAFJ036217,Google Men's Pullover Hoodie Grey,Apparel,1.0,41.59,75.0,Clicked,0.18,3/4/2019,4000.0,642.34,3,SALE30,30.0,Men,True
16543,12748.0,F,Chicago,28.0,21911.0,2019-03-04,GGOEAAFB035915,Android Men's  Zip Hoodie,Apparel,1.0,55.99,6.5,Clicked,0.18,3/4/2019,4000.0,642.34,3,SALE30,30.0,Men,True
16544,12748.0,F,Chicago,28.0,21911.0,2019-03-04,GGOEGAFB035815,Google Men's  Zip Hoodie,Apparel,1.0,55.99,6.5,Used,0.18,3/4/2019,4000.0,642.34,3,SALE30,30.0,Men,True
16547,12748.0,F,Chicago,28.0,21912.0,2019-03-04,GGOEGAFJ036215,Google Men's Pullover Hoodie Grey,Apparel,1.0,51.99,6.5,Clicked,0.18,3/4/2019,4000.0,642.34,3,SALE30,30.0,Men,True
16558,15987.0,F,California,32.0,21917.0,2019-03-04,GGOEGAFJ036215,Google Men's Pullover Hoodie Grey,Apparel,1.0,51.99,6.5,Used,0.18,3/4/2019,4000.0,642.34,3,SALE30,30.0,Men,True
16573,17677.0,M,New York,3.0,21937.0,2019-03-04,GGOEGAEJ033313,Google Men's Long Sleeve Pullover Badge Tee Heather,Apparel,1.0,34.99,6.5,Used,0.18,3/4/2019,4000.0,642.34,3,SALE30,30.0,Men,True
16574,17677.0,M,New York,3.0,21937.0,2019-03-04,GGOEGAEJ033314,Google Men's Long Sleeve Pullover Badge Tee Heather,Apparel,1.0,34.99,6.5,Clicked,0.18,3/4/2019,4000.0,642.34,3,SALE30,30.0,Men,True
16575,17677.0,M,New York,3.0,21937.0,2019-03-04,GGOEGAEJ033316,Google Men's Long Sleeve Pullover Badge Tee Heather,Apparel,1.0,34.99,6.5,Used,0.18,3/4/2019,4000.0,642.34,3,SALE30,30.0,Men,True
16600,17428.0,F,California,14.0,21947.0,2019-03-04,GGOEYAEJ033514,YouTube Men's Long Sleeve Pullover Badge Tee Heather,Apparel,1.0,34.99,6.5,Clicked,0.18,3/4/2019,4000.0,642.34,3,SALE30,30.0,Men,True
16601,17428.0,F,California,14.0,21947.0,2019-03-04,GGOEYAEJ033516,YouTube Men's Long Sleeve Pullover Badge Tee Heather,Apparel,1.0,34.99,6.5,Clicked,0.18,3/4/2019,4000.0,642.34,3,SALE30,30.0,Men,True
16662,12808.0,M,California,32.0,22025.0,2019-03-04,GGOEGADB059214,Google Men's Airflow 1/4 Zip Pullover Black,Apparel,1.0,39.19,6.5,Clicked,0.18,3/4/2019,4000.0,642.34,3,SALE30,30.0,Men,True
16663,12808.0,M,California,32.0,22026.0,2019-03-04,GGOEGAFB035814,Google Men's  Zip Hoodie,Apparel,1.0,44.79,6.5,Clicked,0.18,3/4/2019,4000.0,642.34,3,SALE30,30.0,Men,True
16668,16719.0,F,New York,40.0,22246.0,2019-03-07,GGOEGADJ056813,Google Men's Watershed Full Zip Hoodie Grey,Apparel,1.0,61.59,6.5,Clicked,0.18,3/7/2019,2500.0,2335.35,3,SALE30,30.0,Men,True
16669,16719.0,F,New York,40.0,22251.0,2019-03-07,GGOEGADB056716,Men's Softshell Jacket Black/Grey,Apparel,1.0,79.19,6.5,Used,0.18,3/7/2019,2500.0,2335.35,3,SALE30,30.0,Men,True
16677,16719.0,F,New York,40.0,22271.0,2019-03-07,GGOEGAPB057814,Women's Performance Full Zip Jacket Black,Apparel,1.0,67.19,6.5,Clicked,0.18,3/7/2019,2500.0,2335.35,3,SALE30,30.0,Women,True
16687,15301.0,F,New Jersey,19.0,22287.0,2019-03-07,GGOEGADB056914,Google Men's Performance Full Zip Jacket Black,Apparel,1.0,67.19,6.5,Clicked,0.18,3/7/2019,2500.0,2335.35,3,SALE30,30.0,Men,True
16688,15301.0,F,New Jersey,19.0,22287.0,2019-03-07,GGOEGADB059214,Google Men's Airflow 1/4 Zip Pullover Black,Apparel,1.0,39.19,6.5,Used,0.18,3/7/2019,2500.0,2335.35,3,SALE30,30.0,Men,True
16689,15301.0,F,New Jersey,19.0,22287.0,2019-03-07,GGOEGADJ056814,Google Men's Watershed Full Zip Hoodie Grey,Apparel,1.0,61.59,6.5,Clicked,0.18,3/7/2019,2500.0,2335.35,3,SALE30,30.0,Men,True
16690,15301.0,F,New Jersey,19.0,22288.0,2019-03-07,GGOEGADJ059715,Google Men's Quilted Insulated Vest Battleship Grey,Apparel,1.0,41.99,6.5,Clicked,0.18,3/7/2019,2500.0,2335.35,3,SALE30,30.0,Men,True
16691,15301.0,F,New Jersey,19.0,22293.0,2019-03-07,GGOEGADJ056814,Google Men's Watershed Full Zip Hoodie Grey,Apparel,1.0,61.59,6.5,Not Used,0.18,3/7/2019,2500.0,2335.35,3,SALE30,30.0,Men,True
16702,12748.0,F,Chicago,28.0,22348.0,2019-03-08,GGOEYAFB073114,YouTube Men's Fleece Hoodie Black,Apparel,1.0,55.99,6.5,Clicked,0.18,3/8/2019,2500.0,1918.53,3,SALE30,30.0,Men,True
16704,12748.0,F,Chicago,28.0,22360.0,2019-03-08,GGOEYAFB073114,YouTube Men's Fleece Hoodie Black,Apparel,1.0,44.79,24.47,Used,0.18,3/8/2019,2500.0,1918.53,3,SALE30,30.0,Men,True
16717,17596.0,F,California,38.0,22413.0,2019-03-08,GGOEGAPB057513,Women's Weatherblock Shell Jacket Black,Apparel,1.0,52.07,6.5,Used,0.18,3/8/2019,2500.0,1918.53,3,SALE30,30.0,Women,True
16718,17596.0,F,California,38.0,22413.0,2019-03-08,GGOEGAPB057813,Women's Performance Full Zip Jacket Black,Apparel,1.0,67.19,6.5,Used,0.18,3/8/2019,2500.0,1918.53,3,SALE30,30.0,Women,True
16719,17596.0,F,California,38.0,22413.0,2019-03-08,GGOEGAPB057814,Women's Performance Full Zip Jacket Black,Apparel,1.0,67.19,6.5,Clicked,0.18,3/8/2019,2500.0,1918.53,3,SALE30,30.0,Women,True
16727,12748.0,F,Chicago,28.0,23941.0,2019-03-23,GGOEGADB056616,Men's Weatherblock Shell Jacket Black,Apparel,1.0,65.09,6.5,Not Used,0.18,3/23/2019,2000.0,1736.63,3,SALE30,30.0,Men,True
16728,12748.0,F,Chicago,28.0,23941.0,2019-03-23,GGOEYAEJ033516,YouTube Men's Long Sleeve Pullover Badge Tee Heather,Apparel,1.0,34.99,6.5,Clicked,0.18,3/23/2019,2000.0,1736.63,3,SALE30,30.0,Men,True
16729,12748.0,F,Chicago,28.0,23943.0,2019-03-23,GGOEGADJ056817,Google Men's Watershed Full Zip Hoodie Grey,Apparel,1.0,61.59,6.5,Clicked,0.18,3/23/2019,2000.0,1736.63,3,SALE30,30.0,Men,True
16740,12748.0,F,Chicago,28.0,23955.0,2019-03-23,GGOEGADB056914,Google Men's Performance Full Zip Jacket Black,Apparel,1.0,67.19,6.5,Clicked,0.18,3/23/2019,2000.0,1736.63,3,SALE30,30.0,Men,True
16741,12748.0,F,Chicago,28.0,23955.0,2019-03-23,GGOEGAPB057814,Women's Performance Full Zip Jacket Black,Apparel,1.0,67.19,6.5,Clicked,0.18,3/23/2019,2000.0,1736.63,3,SALE30,30.0,Women,True
16750,13786.0,M,Chicago,21.0,23889.0,2019-03-23,GGOEGAFB035815,Google Men's  Zip Hoodie,Apparel,1.0,44.79,6.5,Clicked,0.18,3/23/2019,2000.0,1736.63,3,SALE30,30.0,Men,True
16755,13173.0,F,California,8.0,23904.0,2019-03-23,GGOEGADB056616,Men's Weatherblock Shell Jacket Black,Apparel,1.0,65.09,6.5,Used,0.18,3/23/2019,2000.0,1736.63,3,SALE30,30.0,Men,True
16758,13173.0,F,California,8.0,23909.0,2019-03-23,GGOEGAFB035816,Google Men's  Zip Hoodie,Apparel,1.0,44.79,13.35,Clicked,0.18,3/23/2019,2000.0,1736.63,3,SALE30,30.0,Men,True
16761,13173.0,F,California,8.0,23913.0,2019-03-23,GGOEGAFB035816,Google Men's  Zip Hoodie,Apparel,1.0,44.79,12.48,Used,0.18,3/23/2019,2000.0,1736.63,3,SALE30,30.0,Men,True
16765,15858.0,F,California,18.0,23917.0,2019-03-23,GGOEAAQB036114,Android Women's Fleece Hoodie,Apparel,1.0,44.79,6.5,Clicked,0.18,3/23/2019,2000.0,1736.63,3,SALE30,30.0,Women,True
16766,15858.0,F,California,18.0,23917.0,2019-03-23,GGOEGAQB036014,Google Women's Fleece Hoodie,Apparel,1.0,44.79,6.5,Not Used,0.18,3/23/2019,2000.0,1736.63,3,SALE30,30.0,Women,True
16780,15858.0,F,California,18.0,23936.0,2019-03-23,GGOEGADB056714,Men's Softshell Jacket Black/Grey,Apparel,1.0,79.19,15.75,Clicked,0.18,3/23/2019,2000.0,1736.63,3,SALE30,30.0,Men,True
16796,12347.0,M,New York,20.0,23996.0,2019-03-24,GGOEGADB057317,Google Men's Lightweight Microfleece Jacket Black,Apparel,1.0,59.99,6.5,Clicked,0.18,3/24/2019,2000.0,1984.0,3,SALE30,30.0,Men,True
16804,14739.0,F,New York,27.0,24002.0,2019-03-24,GGOEGATB060414,Google Women's Quilted Insulated Vest Black,Apparel,1.0,74.99,6.5,Clicked,0.18,3/24/2019,2000.0,1984.0,3,SALE30,30.0,Women,True
16805,14739.0,F,New York,27.0,24003.0,2019-03-24,GGOEGADB057318,Google Men's Lightweight Microfleece Jacket Black,Apparel,1.0,59.99,6.5,Clicked,0.18,3/24/2019,2000.0,1984.0,3,SALE30,30.0,Men,True
16806,16293.0,M,Chicago,13.0,24006.0,2019-03-24,GGOEGADJ056816,Google Men's Watershed Full Zip Hoodie Grey,Apparel,1.0,61.59,6.5,Clicked,0.18,3/24/2019,2000.0,1984.0,3,SALE30,30.0,Men,True
16807,16293.0,M,Chicago,13.0,24007.0,2019-03-24,GGOEGAPJ058013,Google Women's 1/4 Zip Jacket Charcoal,Apparel,1.0,87.99,6.5,Used,0.18,3/24/2019,2000.0,1984.0,3,SALE30,30.0,Women,True
16810,16293.0,M,Chicago,13.0,24011.0,2019-03-24,GGOEGAPB057817,Women's Performance Full Zip Jacket Black,Apparel,1.0,83.99,6.5,Used,0.18,3/24/2019,2000.0,1984.0,3,SALE30,30.0,Women,True
16816,17419.0,F,New York,48.0,24013.0,2019-03-24,GGOEGADJ059714,Google Men's Quilted Insulated Vest Battleship Grey,Apparel,1.0,41.99,6.5,Clicked,0.18,3/24/2019,2000.0,1984.0,3,SALE30,30.0,Men,True
16821,17419.0,F,New York,48.0,24014.0,2019-03-24,GGOEGAFB035815,Google Men's  Zip Hoodie,Apparel,1.0,44.79,22.71,Not Used,0.18,3/24/2019,2000.0,1984.0,3,SALE30,30.0,Men,True
16823,16775.0,F,Chicago,19.0,24023.0,2019-03-24,GGOEGADJ056815,Google Men's Watershed Full Zip Hoodie Grey,Apparel,1.0,61.59,6.5,Clicked,0.18,3/24/2019,2000.0,1984.0,3,SALE30,30.0,Men,True
16832,14911.0,F,California,34.0,22448.0,2019-03-09,GGOEGADB059215,Google Men's Airflow 1/4 Zip Pullover Black,Apparel,1.0,39.19,6.5,Used,0.18,3/9/2019,2500.0,1768.28,3,SALE30,30.0,Men,True
16833,15078.0,F,New York,6.0,22430.0,2019-03-09,GGOEGAFB035814,Google Men's  Zip Hoodie,Apparel,2.0,44.79,13.78,Used,0.18,3/9/2019,2500.0,1768.28,3,SALE30,30.0,Men,True
16843,17860.0,F,New Jersey,49.0,22449.0,2019-03-09,GGOEGADB056916,Google Men's Performance Full Zip Jacket Black,Apparel,1.0,67.19,6.5,Not Used,0.18,3/9/2019,2500.0,1768.28,3,SALE30,30.0,Men,True
16844,17860.0,F,New Jersey,49.0,22450.0,2019-03-09,GGOEGAPB058213,Google Women's Lightweight Microfleece Jacket,Apparel,1.0,59.99,6.5,Used,0.18,3/9/2019,2500.0,1768.28,3,SALE30,30.0,Women,True
16847,17860.0,F,New Jersey,49.0,22463.0,2019-03-09,GGOEGADB056618,Men's Weatherblock Shell Jacket Black,Apparel,1.0,52.07,13.78,Used,0.18,3/9/2019,2500.0,1768.28,3,SALE30,30.0,Men,True
16863,13155.0,F,California,8.0,22496.0,2019-03-09,GGOEGADB056915,Google Men's Performance Full Zip Jacket Black,Apparel,1.0,67.19,6.5,Not Used,0.18,3/9/2019,2500.0,1768.28,3,SALE30,30.0,Men,True
16864,13155.0,F,California,8.0,22497.0,2019-03-09,GGOEGAQB036014,Google Women's Fleece Hoodie,Apparel,1.0,44.79,6.5,Clicked,0.18,3/9/2019,2500.0,1768.28,3,SALE30,30.0,Women,True
16866,13155.0,F,California,8.0,22500.0,2019-03-09,GGOEGADJ056817,Google Men's Watershed Full Zip Hoodie Grey,Apparel,1.0,76.99,6.5,Used,0.18,3/9/2019,2500.0,1768.28,3,SALE30,30.0,Men,True
16867,14911.0,F,California,34.0,22688.0,2019-03-13,GGOEGADB059616,Google Men's Quilted Insulated Vest Black,Apparel,1.0,59.99,6.5,Used,0.18,3/13/2019,2000.0,1498.01,3,SALE30,30.0,Men,True
16879,15882.0,F,New York,45.0,22688.0,2019-03-13,GGOEGADB056616,Men's Weatherblock Shell Jacket Black,Apparel,1.0,52.07,6.5,Used,0.18,3/13/2019,2000.0,1498.01,3,SALE30,30.0,Men,True
16881,14667.0,F,California,30.0,22697.0,2019-03-13,GGOEGAQB036013,Google Women's Fleece Hoodie,Apparel,1.0,44.79,6.5,Not Used,0.18,3/13/2019,2000.0,1498.01,3,SALE30,30.0,Women,True
16882,14667.0,F,California,30.0,22698.0,2019-03-13,GGOEGATJ060513,Google Women's Quilted Insulated Vest White,Apparel,1.0,52.49,6.5,Not Used,0.18,3/13/2019,2000.0,1498.01,3,SALE30,30.0,Women,True
16883,14667.0,F,California,30.0,22701.0,2019-03-13,GGOEGADB056917,Google Men's Performance Full Zip Jacket Black,Apparel,1.0,67.19,6.5,Clicked,0.18,3/13/2019,2000.0,1498.01,3,SALE30,30.0,Men,True
16884,14667.0,F,California,30.0,22701.0,2019-03-13,GGOEGADB059617,Google Men's Quilted Insulated Vest Black,Apparel,1.0,59.99,6.5,Clicked,0.18,3/13/2019,2000.0,1498.01,3,SALE30,30.0,Men,True
16885,14667.0,F,California,30.0,22701.0,2019-03-13,GGOEGADJ059717,Google Men's Quilted Insulated Vest Battleship Grey,Apparel,1.0,41.99,6.5,Clicked,0.18,3/13/2019,2000.0,1498.01,3,SALE30,30.0,Men,True
16902,16710.0,F,New York,30.0,22727.0,2019-03-13,GGOEGAFB035816,Google Men's  Zip Hoodie,Apparel,2.0,44.79,12.48,Clicked,0.18,3/13/2019,2000.0,1498.01,3,SALE30,30.0,Men,True
16903,16710.0,F,New York,30.0,22727.0,2019-03-13,GGOEGAFB035817,Google Men's  Zip Hoodie,Apparel,1.0,44.79,12.48,Clicked,0.18,3/13/2019,2000.0,1498.01,3,SALE30,30.0,Men,True
16906,16710.0,F,New York,30.0,22729.0,2019-03-13,GGOEGAPJ058013,Google Women's 1/4 Zip Jacket Charcoal,Apparel,1.0,87.99,6.5,Used,0.18,3/13/2019,2000.0,1498.01,3,SALE30,30.0,Women,True
16907,16710.0,F,New York,30.0,22729.0,2019-03-13,GGOEGAQB036013,Google Women's Fleece Hoodie,Apparel,1.0,44.79,6.5,Clicked,0.18,3/13/2019,2000.0,1498.01,3,SALE30,30.0,Women,True
16911,16710.0,F,New York,30.0,22734.0,2019-03-13,GGOEGADB056914,Google Men's Performance Full Zip Jacket Black,Apparel,1.0,67.19,6.5,Clicked,0.18,3/13/2019,2000.0,1498.01,3,SALE30,30.0,Men,True
16912,16710.0,F,New York,30.0,22735.0,2019-03-13,GGOEGADJ059715,Google Men's Quilted Insulated Vest Battleship Grey,Apparel,1.0,41.99,6.5,Used,0.18,3/13/2019,2000.0,1498.01,3,SALE30,30.0,Men,True
16913,16710.0,F,New York,30.0,22735.0,2019-03-13,GGOEGATJ060515,Google Women's Quilted Insulated Vest White,Apparel,1.0,41.99,6.5,Used,0.18,3/13/2019,2000.0,1498.01,3,SALE30,30.0,Women,True
16915,16710.0,F,New York,30.0,22738.0,2019-03-13,GGOEGATB060213,Google Women's 1/4 Zip Performance Pullover Black,Apparel,1.0,36.39,6.5,Used,0.18,3/13/2019,2000.0,1498.01,3,SALE30,30.0,Women,True
16916,15984.0,F,California,25.0,22740.0,2019-03-13,GGOEGADB056915,Google Men's Performance Full Zip Jacket Black,Apparel,1.0,67.19,6.5,Clicked,0.18,3/13/2019,2000.0,1498.01,3,SALE30,30.0,Men,True
16918,17841.0,M,California,21.0,23009.0,2019-03-16,GGOEGADB059614,Google Men's Quilted Insulated Vest Black,Apparel,1.0,59.99,6.5,Clicked,0.18,3/16/2019,2000.0,2435.12,3,SALE30,30.0,Men,True
16920,17841.0,M,California,21.0,23016.0,2019-03-16,GGOEGADB056915,Google Men's Performance Full Zip Jacket Black,Apparel,1.0,67.19,6.5,Used,0.18,3/16/2019,2000.0,2435.12,3,SALE30,30.0,Men,True
16921,17841.0,M,California,21.0,23017.0,2019-03-16,GGOEYAFB073113,YouTube Men's Fleece Hoodie Black,Apparel,1.0,55.99,6.5,Used,0.18,3/16/2019,2000.0,2435.12,3,SALE30,30.0,Men,True
16923,17841.0,M,California,21.0,23020.0,2019-03-16,GGOEGADB057316,Google Men's Lightweight Microfleece Jacket Black,Apparel,1.0,59.99,6.5,Used,0.18,3/16/2019,2000.0,2435.12,3,SALE30,30.0,Men,True
16924,17841.0,M,California,21.0,23020.0,2019-03-16,GGOEGATB060415,Google Women's Quilted Insulated Vest Black,Apparel,1.0,59.99,6.5,Used,0.18,3/16/2019,2000.0,2435.12,3,SALE30,30.0,Women,True
16925,17841.0,M,California,21.0,23021.0,2019-03-16,GGOEGADB059615,Google Men's Quilted Insulated Vest Black,Apparel,1.0,59.99,6.5,Clicked,0.18,3/16/2019,2000.0,2435.12,3,SALE30,30.0,Men,True
16938,17191.0,M,Chicago,13.0,22994.0,2019-03-16,GGOEGADB056615,Men's Weatherblock Shell Jacket Black,Apparel,1.0,65.09,6.5,Clicked,0.18,3/16/2019,2000.0,2435.12,3,SALE30,30.0,Men,True
16942,17191.0,M,Chicago,13.0,22995.0,2019-03-16,GGOEGADB056613,Men's Weatherblock Shell Jacket Black,Apparel,1.0,65.09,6.5,Clicked,0.18,3/16/2019,2000.0,2435.12,3,SALE30,30.0,Men,True
16947,17191.0,M,Chicago,13.0,22998.0,2019-03-16,GGOEGAFB035814,Google Men's  Zip Hoodie,Apparel,1.0,44.79,50.0,Clicked,0.18,3/16/2019,2000.0,2435.12,3,SALE30,30.0,Men,True
16949,15194.0,M,Chicago,33.0,23048.0,2019-03-16,GGOEGADC059314,Google Men's Airflow 1/4 Zip Pullover Lapis,Apparel,1.0,48.99,6.5,Used,0.18,3/16/2019,2000.0,2435.12,3,SALE30,30.0,Men,True
16952,15194.0,M,Chicago,33.0,23051.0,2019-03-16,GGOEGAFB035816,Google Men's  Zip Hoodie,Apparel,1.0,55.99,6.5,Clicked,0.18,3/16/2019,2000.0,2435.12,3,SALE30,30.0,Men,True
16955,16654.0,F,California,15.0,23057.0,2019-03-16,GGOEAAQB036113,Android Women's Fleece Hoodie,Apparel,1.0,44.79,6.5,Clicked,0.18,3/16/2019,2000.0,2435.12,3,SALE30,30.0,Women,True
16956,16654.0,F,California,15.0,23057.0,2019-03-16,GGOEGAPB057813,Women's Performance Full Zip Jacket Black,Apparel,1.0,67.19,6.5,Not Used,0.18,3/16/2019,2000.0,2435.12,3,SALE30,30.0,Women,True
16961,12921.0,M,New York,49.0,24240.0,2019-03-27,GGOEGADB056913,Google Men's Performance Full Zip Jacket Black,Apparel,2.0,67.19,6.5,Used,0.18,3/27/2019,2000.0,2639.99,3,SALE30,30.0,Men,True
16969,13078.0,F,California,28.0,24157.0,2019-03-27,GGOEGADB056714,Men's Softshell Jacket Black/Grey,Apparel,1.0,79.19,6.5,Clicked,0.18,3/27/2019,2000.0,2639.99,3,SALE30,30.0,Men,True
16970,13078.0,F,California,28.0,24159.0,2019-03-27,GGOEGAFB035815,Google Men's  Zip Hoodie,Apparel,1.0,44.79,6.5,Clicked,0.18,3/27/2019,2000.0,2639.99,3,SALE30,30.0,Men,True
16971,13078.0,F,California,28.0,24159.0,2019-03-27,GGOEGAQB036013,Google Women's Fleece Hoodie,Apparel,1.0,44.79,6.5,Not Used,0.18,3/27/2019,2000.0,2639.99,3,SALE30,30.0,Women,True
16973,13267.0,M,California,46.0,24164.0,2019-03-27,GGOEGADB057318,Google Men's Lightweight Microfleece Jacket Black,Apparel,1.0,74.99,75.0,Used,0.18,3/27/2019,2000.0,2639.99,3,SALE30,30.0,Men,True
16976,13050.0,F,Chicago,10.0,24177.0,2019-03-27,GGOEGADB056715,Men's Softshell Jacket Black/Grey,Apparel,1.0,79.19,6.5,Clicked,0.18,3/27/2019,2000.0,2639.99,3,SALE30,30.0,Men,True
16977,13050.0,F,Chicago,10.0,24183.0,2019-03-27,GGOEYAFB073114,YouTube Men's Fleece Hoodie Black,Apparel,1.0,55.99,6.5,Clicked,0.18,3/27/2019,2000.0,2639.99,3,SALE30,30.0,Men,True
16978,12709.0,M,Washington DC,36.0,24187.0,2019-03-27,GGOEGADB057315,Google Men's Lightweight Microfleece Jacket Black,Apparel,1.0,59.99,6.5,Clicked,0.18,3/27/2019,2000.0,2639.99,3,SALE30,30.0,Men,True
16979,12709.0,M,Washington DC,36.0,24187.0,2019-03-27,GGOEGAQB036014,Google Women's Fleece Hoodie,Apparel,1.0,44.79,6.5,Used,0.18,3/27/2019,2000.0,2639.99,3,SALE30,30.0,Women,True
16980,15628.0,F,California,4.0,24197.0,2019-03-27,GGOEGADJ059714,Google Men's Quilted Insulated Vest Battleship Grey,Apparel,1.0,41.99,6.5,Clicked,0.18,3/27/2019,2000.0,2639.99,3,SALE30,30.0,Men,True
16981,15628.0,F,California,4.0,24198.0,2019-03-27,GGOEGADJ056815,Google Men's Watershed Full Zip Hoodie Grey,Apparel,1.0,61.59,6.5,Clicked,0.18,3/27/2019,2000.0,2639.99,3,SALE30,30.0,Men,True
16985,15628.0,F,California,4.0,24205.0,2019-03-27,GGOEGADJ057114,Google Men's Performance 1/4 Zip Pullover Heather/Black,Apparel,1.0,87.99,6.5,Clicked,0.18,3/27/2019,2000.0,2639.99,3,SALE30,30.0,Men,True
16986,12386.0,M,California,38.0,24205.0,2019-03-27,GGOEGADJ059714,Google Men's Quilted Insulated Vest Battleship Grey,Apparel,1.0,41.99,6.5,Used,0.18,3/27/2019,2000.0,2639.99,3,SALE30,30.0,Men,True
17004,18229.0,M,New York,16.0,24361.0,2019-03-29,GGOEYAQB073215,YouTube Women's Fleece Hoodie Black,Apparel,1.0,55.99,6.5,Used,0.18,3/29/2019,2000.0,1330.54,3,SALE30,30.0,Women,True
17007,14901.0,F,Chicago,4.0,24353.0,2019-03-29,GGOEGADC059315,Google Men's Airflow 1/4 Zip Pullover Lapis,Apparel,3.0,48.99,6.5,Clicked,0.18,3/29/2019,2000.0,1330.54,3,SALE30,30.0,Men,True
17008,14901.0,F,Chicago,4.0,24353.0,2019-03-29,GGOEGADC059316,Google Men's Airflow 1/4 Zip Pullover Lapis,Apparel,5.0,48.99,6.5,Used,0.18,3/29/2019,2000.0,1330.54,3,SALE30,30.0,Men,True
17009,14032.0,M,New York,50.0,24362.0,2019-03-29,GGOEGAQB036013,Google Women's Fleece Hoodie,Apparel,1.0,44.79,6.5,Clicked,0.18,3/29/2019,2000.0,1330.54,3,SALE30,30.0,Women,True
17012,17706.0,M,New Jersey,29.0,24375.0,2019-03-29,GGOEGAPB058214,Google Women's Lightweight Microfleece Jacket,Apparel,1.0,59.99,6.5,Used,0.18,3/29/2019,2000.0,1330.54,3,SALE30,30.0,Women,True
17015,17706.0,M,New Jersey,29.0,24382.0,2019-03-29,GGOEGAFB035814,Google Men's  Zip Hoodie,Apparel,1.0,44.79,6.5,Used,0.18,3/29/2019,2000.0,1330.54,3,SALE30,30.0,Men,True
17016,17706.0,M,New Jersey,29.0,24382.0,2019-03-29,GGOEGAQB036013,Google Women's Fleece Hoodie,Apparel,1.0,44.79,6.5,Clicked,0.18,3/29/2019,2000.0,1330.54,3,SALE30,30.0,Women,True
17018,17706.0,M,New Jersey,29.0,24391.0,2019-03-29,GGOEGADB056614,Men's Weatherblock Shell Jacket Black,Apparel,1.0,52.07,6.5,Clicked,0.18,3/29/2019,2000.0,1330.54,3,SALE30,30.0,Men,True
17019,17706.0,M,New Jersey,29.0,24392.0,2019-03-29,GGOEGADC059514,Google Men's Microfiber 1/4 Zip Pullover Blue/Indigo,Apparel,1.0,52.49,6.5,Used,0.18,3/29/2019,2000.0,1330.54,3,SALE30,30.0,Men,True
17024,16081.0,M,New York,14.0,24405.0,2019-03-29,GGOEGAFB035814,Google Men's  Zip Hoodie,Apparel,1.0,55.99,6.5,Clicked,0.18,3/29/2019,2000.0,1330.54,3,SALE30,30.0,Men,True
17026,16525.0,F,California,47.0,24413.0,2019-03-29,GGOEGAQB036014,Google Women's Fleece Hoodie,Apparel,1.0,55.99,6.5,Used,0.18,3/29/2019,2000.0,1330.54,3,SALE30,30.0,Women,True
17034,13126.0,F,Washington DC,37.0,24425.0,2019-03-29,GGOEGAQB036013,Google Women's Fleece Hoodie,Apparel,1.0,44.79,6.5,Used,0.18,3/29/2019,2000.0,1330.54,3,SALE30,30.0,Women,True
17035,13126.0,F,Washington DC,37.0,24426.0,2019-03-29,GGOEGADJ056813,Google Men's Watershed Full Zip Hoodie Grey,Apparel,1.0,61.59,6.5,Clicked,0.18,3/29/2019,2000.0,1330.54,3,SALE30,30.0,Men,True
17038,15973.0,M,Chicago,9.0,24433.0,2019-03-29,GGOEGATB060215,Google Women's 1/4 Zip Performance Pullover Black,Apparel,1.0,36.39,6.5,Clicked,0.18,3/29/2019,2000.0,1330.54,3,SALE30,30.0,Women,True
17040,16558.0,M,California,35.0,24440.0,2019-03-29,GGOEGAFJ036215,Google Men's Pullover Hoodie Grey,Apparel,1.0,51.99,6.5,Clicked,0.18,3/29/2019,2000.0,1330.54,3,SALE30,30.0,Men,True
17041,16558.0,M,California,35.0,24443.0,2019-03-29,GGOEGADJ056815,Google Men's Watershed Full Zip Hoodie Grey,Apparel,1.0,76.99,6.5,Clicked,0.18,3/29/2019,2000.0,1330.54,3,SALE30,30.0,Men,True
17042,16558.0,M,California,35.0,24444.0,2019-03-29,GGOEGAFJ036216,Google Men's Pullover Hoodie Grey,Apparel,1.0,51.99,15.75,Clicked,0.18,3/29/2019,2000.0,1330.54,3,SALE30,30.0,Men,True
17046,16893.0,F,New York,50.0,24454.0,2019-03-29,GGOEGADJ059714,Google Men's Quilted Insulated Vest Battleship Grey,Apparel,1.0,41.99,6.5,Clicked,0.18,3/29/2019,2000.0,1330.54,3,SALE30,30.0,Men,True
17048,16893.0,F,New York,50.0,24455.0,2019-03-29,GGOEGADJ056815,Google Men's Watershed Full Zip Hoodie Grey,Apparel,1.0,61.59,6.5,Used,0.18,3/29/2019,2000.0,1330.54,3,SALE30,30.0,Men,True
17050,14606.0,F,Chicago,33.0,24490.0,2019-03-30,GGOEGAFJ036214,Google Men's Pullover Hoodie Grey,Apparel,1.0,41.59,6.5,Used,0.18,3/30/2019,2000.0,692.02,3,SALE30,30.0,Men,True
17062,15021.0,F,Chicago,35.0,24516.0,2019-03-30,GGOEYAFB073114,YouTube Men's Fleece Hoodie Black,Apparel,1.0,55.99,6.5,Used,0.18,3/30/2019,2000.0,692.02,3,SALE30,30.0,Men,True
17066,15021.0,F,Chicago,35.0,24520.0,2019-03-30,GGOEGAPB057813,Women's Performance Full Zip Jacket Black,Apparel,1.0,67.19,6.5,Clicked,0.18,3/30/2019,2000.0,692.02,3,SALE30,30.0,Women,True
17070,16893.0,F,New York,50.0,24464.0,2019-03-30,GGOEGATB060217,Google Women's 1/4 Zip Performance Pullover Black,Apparel,1.0,45.49,6.5,Used,0.18,3/30/2019,2000.0,692.02,3,SALE30,30.0,Women,True
17072,16893.0,F,New York,50.0,24465.0,2019-03-30,GGOEGADJ056816,Google Men's Watershed Full Zip Hoodie Grey,Apparel,1.0,61.59,6.5,Used,0.18,3/30/2019,2000.0,692.02,3,SALE30,30.0,Men,True
17076,16893.0,F,New York,50.0,24468.0,2019-03-30,GGOEGATB060615,Google Women's Convertible Vest-Jacket Black,Apparel,1.0,98.99,6.5,Used,0.18,3/30/2019,2000.0,692.02,3,SALE30,30.0,Women,True
17081,17017.0,M,California,40.0,23546.0,2019-03-20,GGOEGAFB035815,Google Men's  Zip Hoodie,Apparel,1.0,44.79,6.5,Clicked,0.18,3/20/2019,2000.0,1542.81,3,SALE30,30.0,Men,True
17091,12567.0,F,Washington DC,23.0,23511.0,2019-03-20,GGOEGAFB035813,Google Men's  Zip Hoodie,Apparel,1.0,55.99,49.73,Not Used,0.18,3/20/2019,2000.0,1542.81,3,SALE30,30.0,Men,True
17119,12681.0,M,Chicago,27.0,23433.0,2019-03-20,GGOEAAFB035913,Android Men's  Zip Hoodie,Apparel,2.0,55.99,6.5,Clicked,0.18,3/20/2019,2000.0,1542.81,3,SALE30,30.0,Men,True
17120,12681.0,M,Chicago,27.0,23433.0,2019-03-20,GGOEAAFB035915,Android Men's  Zip Hoodie,Apparel,2.0,55.99,6.5,Used,0.18,3/20/2019,2000.0,1542.81,3,SALE30,30.0,Men,True
17123,12681.0,M,Chicago,27.0,23433.0,2019-03-20,GGOEGAFB035814,Google Men's  Zip Hoodie,Apparel,2.0,55.99,6.5,Used,0.18,3/20/2019,2000.0,1542.81,3,SALE30,30.0,Men,True
17124,12681.0,M,Chicago,27.0,23433.0,2019-03-20,GGOEGAFB035817,Google Men's  Zip Hoodie,Apparel,2.0,55.99,6.5,Used,0.18,3/20/2019,2000.0,1542.81,3,SALE30,30.0,Men,True
17125,12681.0,M,Chicago,27.0,23433.0,2019-03-20,GGOEGAFJ036214,Google Men's Pullover Hoodie Grey,Apparel,2.0,51.99,6.5,Not Used,0.18,3/20/2019,2000.0,1542.81,3,SALE30,30.0,Men,True
17126,12681.0,M,Chicago,27.0,23433.0,2019-03-20,GGOEGAFJ036217,Google Men's Pullover Hoodie Grey,Apparel,2.0,51.99,6.5,Not Used,0.18,3/20/2019,2000.0,1542.81,3,SALE30,30.0,Men,True
17140,14907.0,M,Chicago,46.0,23458.0,2019-03-20,GGOEGAQB036016,Google Women's Fleece Hoodie,Apparel,1.0,55.99,6.5,Used,0.18,3/20/2019,2000.0,1542.81,3,SALE30,30.0,Women,True
17154,17720.0,F,Chicago,28.0,23520.0,2019-03-20,GGOEGADB059215,Google Men's Airflow 1/4 Zip Pullover Black,Apparel,1.0,48.99,6.5,Clicked,0.18,3/20/2019,2000.0,1542.81,3,SALE30,30.0,Men,True
17155,15018.0,F,California,22.0,23520.0,2019-03-20,GGOEGADC059515,Google Men's Microfiber 1/4 Zip Pullover Blue/Indigo,Apparel,1.0,52.49,6.5,Clicked,0.18,3/20/2019,2000.0,1542.81,3,SALE30,30.0,Men,True
17156,15018.0,F,California,22.0,23520.0,2019-03-20,GGOEGADJ056815,Google Men's Watershed Full Zip Hoodie Grey,Apparel,1.0,76.99,6.5,Not Used,0.18,3/20/2019,2000.0,1542.81,3,SALE30,30.0,Men,True
17159,14733.0,M,New York,30.0,23541.0,2019-03-20,GGOEGADC059314,Google Men's Airflow 1/4 Zip Pullover Lapis,Apparel,1.0,48.99,6.5,Used,0.18,3/20/2019,2000.0,1542.81,3,SALE30,30.0,Men,True
17176,15353.0,F,California,46.0,23699.0,2019-03-20,GGOEGAEJ033314,Google Men's Long Sleeve Pullover Badge Tee Heather,Apparel,1.0,34.99,6.5,Not Used,0.18,3/20/2019,2000.0,1542.81,3,SALE30,30.0,Men,True
17177,15353.0,F,California,46.0,23699.0,2019-03-20,GGOEGAPB057516,Women's Weatherblock Shell Jacket Black,Apparel,1.0,65.09,6.5,Clicked,0.18,3/20/2019,2000.0,1542.81,3,SALE30,30.0,Women,True
17178,18119.0,F,California,20.0,23700.0,2019-03-20,GGOEGAFB035815,Google Men's  Zip Hoodie,Apparel,1.0,55.99,6.5,Clicked,0.18,3/20/2019,2000.0,1542.81,3,SALE30,30.0,Men,True
17187,12647.0,M,New York,28.0,23731.0,2019-03-21,GGOEGAPB057516,Women's Weatherblock Shell Jacket Black,Apparel,1.0,52.07,6.5,Used,0.18,3/21/2019,2000.0,2365.81,3,SALE30,30.0,Women,True
17192,18119.0,F,California,20.0,23711.0,2019-03-21,GGOEGADB057315,Google Men's Lightweight Microfleece Jacket Black,Apparel,1.0,59.99,6.5,Not Used,0.18,3/21/2019,2000.0,2365.81,3,SALE30,30.0,Men,True
17198,14282.0,F,New Jersey,37.0,23720.0,2019-03-21,GGOEGADJ056814,Google Men's Watershed Full Zip Hoodie Grey,Apparel,1.0,61.59,6.5,Clicked,0.18,3/21/2019,2000.0,2365.81,3,SALE30,30.0,Men,True
17200,14282.0,F,New Jersey,37.0,23725.0,2019-03-21,GGOEGADB057318,Google Men's Lightweight Microfleece Jacket Black,Apparel,1.0,59.99,6.5,Used,0.18,3/21/2019,2000.0,2365.81,3,SALE30,30.0,Men,True
17201,14282.0,F,New Jersey,37.0,23725.0,2019-03-21,GGOEGADJ056818,Google Men's Watershed Full Zip Hoodie Grey,Apparel,1.0,61.59,6.5,Clicked,0.18,3/21/2019,2000.0,2365.81,3,SALE30,30.0,Men,True
17226,16221.0,F,California,9.0,23786.0,2019-03-21,GGOEGADB059214,Google Men's Airflow 1/4 Zip Pullover Black,Apparel,1.0,39.19,6.5,Used,0.18,3/21/2019,2000.0,2365.81,3,SALE30,30.0,Men,True
17227,16221.0,F,California,9.0,23786.0,2019-03-21,GGOEGAPB057513,Women's Weatherblock Shell Jacket Black,Apparel,1.0,52.07,6.5,Used,0.18,3/21/2019,2000.0,2365.81,3,SALE30,30.0,Women,True
17228,15002.0,M,Chicago,41.0,23792.0,2019-03-21,GGOEGADB056916,Google Men's Performance Full Zip Jacket Black,Apparel,1.0,67.19,6.5,Used,0.18,3/21/2019,2000.0,2365.81,3,SALE30,30.0,Men,True
17229,15002.0,M,Chicago,41.0,23792.0,2019-03-21,GGOEGADJ056816,Google Men's Watershed Full Zip Hoodie Grey,Apparel,1.0,61.59,6.5,Clicked,0.18,3/21/2019,2000.0,2365.81,3,SALE30,30.0,Men,True
17231,15898.0,M,Chicago,27.0,23873.0,2019-03-22,GGOEGADB056914,Google Men's Performance Full Zip Jacket Black,Apparel,1.0,67.19,6.5,Used,0.18,3/22/2019,2000.0,2523.41,3,SALE30,30.0,Men,True
17236,15002.0,M,Chicago,41.0,23804.0,2019-03-22,GGOEGAFB035814,Google Men's  Zip Hoodie,Apparel,1.0,55.99,6.5,Not Used,0.18,3/22/2019,2000.0,2523.41,3,SALE30,30.0,Men,True
17237,15965.0,F,Chicago,26.0,23805.0,2019-03-22,GGOEGADB056716,Men's Softshell Jacket Black/Grey,Apparel,1.0,98.99,20.85,Clicked,0.18,3/22/2019,2000.0,2523.41,3,SALE30,30.0,Men,True
17248,15024.0,F,New York,9.0,23834.0,2019-03-22,GGOEGADB059614,Google Men's Quilted Insulated Vest Black,Apparel,1.0,59.99,6.5,Clicked,0.18,3/22/2019,2000.0,2523.41,3,SALE30,30.0,Men,True
17251,16904.0,F,California,17.0,23851.0,2019-03-22,GGOEGADJ056813,Google Men's Watershed Full Zip Hoodie Grey,Apparel,1.0,61.59,6.5,Not Used,0.18,3/22/2019,2000.0,2523.41,3,SALE30,30.0,Men,True
17252,16904.0,F,California,17.0,23852.0,2019-03-22,GGOEGADJ056814,Google Men's Watershed Full Zip Hoodie Grey,Apparel,1.0,61.59,6.5,Clicked,0.18,3/22/2019,2000.0,2523.41,3,SALE30,30.0,Men,True
17253,16904.0,F,California,17.0,23853.0,2019-03-22,GGOEGAQB036013,Google Women's Fleece Hoodie,Apparel,1.0,44.79,6.5,Clicked,0.18,3/22/2019,2000.0,2523.41,3,SALE30,30.0,Women,True
17258,16904.0,F,California,17.0,23862.0,2019-03-22,GGOEGAFB035817,Google Men's  Zip Hoodie,Apparel,1.0,44.79,6.5,Used,0.18,3/22/2019,2000.0,2523.41,3,SALE30,30.0,Men,True
17259,16904.0,F,California,17.0,23862.0,2019-03-22,GGOEGAQB036014,Google Women's Fleece Hoodie,Apparel,1.0,44.79,6.5,Clicked,0.18,3/22/2019,2000.0,2523.41,3,SALE30,30.0,Women,True
17263,17757.0,F,New York,45.0,22782.0,2019-03-14,GGOEGADB059216,Google Men's Airflow 1/4 Zip Pullover Black,Apparel,1.0,48.99,6.5,Used,0.18,3/14/2019,2000.0,1141.27,3,SALE30,30.0,Men,True
17264,17757.0,F,New York,45.0,22782.0,2019-03-14,GGOEGADJ056816,Google Men's Watershed Full Zip Hoodie Grey,Apparel,1.0,76.99,6.5,Used,0.18,3/14/2019,2000.0,1141.27,3,SALE30,30.0,Men,True
17265,13089.0,F,New Jersey,25.0,22849.0,2019-03-14,GGOEGADJ059713,Google Men's Quilted Insulated Vest Battleship Grey,Apparel,1.0,41.99,6.5,Used,0.18,3/14/2019,2000.0,1141.27,3,SALE30,30.0,Men,True
17267,13089.0,F,New Jersey,25.0,22852.0,2019-03-14,GGOEGAFB035814,Google Men's  Zip Hoodie,Apparel,1.0,55.99,6.5,Clicked,0.18,3/14/2019,2000.0,1141.27,3,SALE30,30.0,Men,True
17275,13089.0,F,New Jersey,25.0,22862.0,2019-03-14,GGOEGAFB035814,Google Men's  Zip Hoodie,Apparel,1.0,55.99,6.5,Used,0.18,3/14/2019,2000.0,1141.27,3,SALE30,30.0,Men,True
17276,13089.0,F,New Jersey,25.0,22863.0,2019-03-14,GGOEGAFJ036214,Google Men's Pullover Hoodie Grey,Apparel,1.0,51.99,6.5,Used,0.18,3/14/2019,2000.0,1141.27,3,SALE30,30.0,Men,True
17277,13089.0,F,New Jersey,25.0,22863.0,2019-03-14,GGOEYAFB073114,YouTube Men's Fleece Hoodie Black,Apparel,1.0,55.99,6.5,Used,0.18,3/14/2019,2000.0,1141.27,3,SALE30,30.0,Men,True
17284,16550.0,F,New York,34.0,22801.0,2019-03-14,GGOEGADJ056815,Google Men's Watershed Full Zip Hoodie Grey,Apparel,1.0,61.59,6.5,Used,0.18,3/14/2019,2000.0,1141.27,3,SALE30,30.0,Men,True
17298,16550.0,F,New York,34.0,22813.0,2019-03-14,GGOEGADB059214,Google Men's Airflow 1/4 Zip Pullover Black,Apparel,1.0,48.99,6.5,Clicked,0.18,3/14/2019,2000.0,1141.27,3,SALE30,30.0,Men,True
17302,16550.0,F,New York,34.0,22815.0,2019-03-14,GGOEGAPB057812,Women's Performance Full Zip Jacket Black,Apparel,1.0,67.19,6.5,Clicked,0.18,3/14/2019,2000.0,1141.27,3,SALE30,30.0,Women,True
17303,16550.0,F,New York,34.0,22818.0,2019-03-14,GGOEGADB056618,Men's Weatherblock Shell Jacket Black,Apparel,1.0,65.09,6.5,Clicked,0.18,3/14/2019,2000.0,1141.27,3,SALE30,30.0,Men,True
17305,16550.0,F,New York,34.0,22819.0,2019-03-14,GGOEGADB059613,Google Men's Quilted Insulated Vest Black,Apparel,1.0,74.99,6.5,Clicked,0.18,3/14/2019,2000.0,1141.27,3,SALE30,30.0,Men,True
17306,16550.0,F,New York,34.0,22819.0,2019-03-14,GGOEGADB059614,Google Men's Quilted Insulated Vest Black,Apparel,1.0,74.99,6.5,Clicked,0.18,3/14/2019,2000.0,1141.27,3,SALE30,30.0,Men,True
17307,16658.0,F,Chicago,40.0,22795.0,2019-03-14,GGOEGADB056713,Men's Softshell Jacket Black/Grey,Apparel,1.0,79.19,6.5,Clicked,0.18,3/14/2019,2000.0,1141.27,3,SALE30,30.0,Men,True
17308,16658.0,F,Chicago,40.0,22795.0,2019-03-14,GGOEGAFB035813,Google Men's  Zip Hoodie,Apparel,1.0,44.79,6.5,Not Used,0.18,3/14/2019,2000.0,1141.27,3,SALE30,30.0,Men,True
17309,17068.0,F,Washington DC,31.0,22819.0,2019-03-14,GGOEGADB059615,Google Men's Quilted Insulated Vest Black,Apparel,1.0,74.99,6.5,Clicked,0.18,3/14/2019,2000.0,1141.27,3,SALE30,30.0,Men,True
17313,17068.0,F,Washington DC,31.0,22823.0,2019-03-14,GGOEGADJ059714,Google Men's Quilted Insulated Vest Battleship Grey,Apparel,1.0,52.49,6.5,Clicked,0.18,3/14/2019,2000.0,1141.27,3,SALE30,30.0,Men,True
17320,15356.0,F,California,32.0,22868.0,2019-03-14,GGOEAAFB035914,Android Men's  Zip Hoodie,Apparel,1.0,55.99,6.5,Clicked,0.18,3/14/2019,2000.0,1141.27,3,SALE30,30.0,Men,True
17321,15356.0,F,California,32.0,22868.0,2019-03-14,GGOEGAEJ033314,Google Men's Long Sleeve Pullover Badge Tee Heather,Apparel,1.0,34.99,6.5,Not Used,0.18,3/14/2019,2000.0,1141.27,3,SALE30,30.0,Men,True
17329,15356.0,F,California,32.0,22872.0,2019-03-14,GGOEGAEJ033315,Google Men's Long Sleeve Pullover Badge Tee Heather,Apparel,1.0,34.99,6.5,Used,0.18,3/14/2019,2000.0,1141.27,3,SALE30,30.0,Men,True
17331,15356.0,F,California,32.0,22873.0,2019-03-14,GGOEAAFB035914,Android Men's  Zip Hoodie,Apparel,1.0,55.99,6.5,Not Used,0.18,3/14/2019,2000.0,1141.27,3,SALE30,30.0,Men,True
17335,17884.0,F,Chicago,37.0,23068.0,2019-03-17,GGOEGADB056914,Google Men's Performance Full Zip Jacket Black,Apparel,1.0,67.19,6.5,Not Used,0.18,3/17/2019,2000.0,1837.87,3,SALE30,30.0,Men,True
17340,17884.0,F,Chicago,37.0,23072.0,2019-03-17,GGOEGADB059217,Google Men's Airflow 1/4 Zip Pullover Black,Apparel,1.0,48.99,6.5,Clicked,0.18,3/17/2019,2000.0,1837.87,3,SALE30,30.0,Men,True
17349,13495.0,M,New York,25.0,23079.0,2019-03-17,GGOEGAFJ036216,Google Men's Pullover Hoodie Grey,Apparel,1.0,41.59,6.5,Used,0.18,3/17/2019,2000.0,1837.87,3,SALE30,30.0,Men,True
17354,17519.0,F,New Jersey,46.0,23096.0,2019-03-17,GGOEGADB056715,Men's Softshell Jacket Black/Grey,Apparel,1.0,79.19,12.48,Not Used,0.18,3/17/2019,2000.0,1837.87,3,SALE30,30.0,Men,True
17355,17519.0,F,New Jersey,46.0,23096.0,2019-03-17,GGOEGADB057315,Google Men's Lightweight Microfleece Jacket Black,Apparel,2.0,59.99,12.48,Not Used,0.18,3/17/2019,2000.0,1837.87,3,SALE30,30.0,Men,True
17356,17519.0,F,New Jersey,46.0,23096.0,2019-03-17,GGOEGADB059615,Google Men's Quilted Insulated Vest Black,Apparel,1.0,59.99,12.48,Clicked,0.18,3/17/2019,2000.0,1837.87,3,SALE30,30.0,Men,True
17357,17519.0,F,New Jersey,46.0,23096.0,2019-03-17,GGOEGADJ059714,Google Men's Quilted Insulated Vest Battleship Grey,Apparel,1.0,41.99,12.48,Clicked,0.18,3/17/2019,2000.0,1837.87,3,SALE30,30.0,Men,True
17358,17519.0,F,New Jersey,46.0,23096.0,2019-03-17,GGOEGATB060415,Google Women's Quilted Insulated Vest Black,Apparel,1.0,59.99,12.48,Clicked,0.18,3/17/2019,2000.0,1837.87,3,SALE30,30.0,Women,True
17360,17519.0,F,New Jersey,46.0,23101.0,2019-03-17,GGOEGADC059517,Google Men's Microfiber 1/4 Zip Pullover Blue/Indigo,Apparel,1.0,41.99,6.5,Clicked,0.18,3/17/2019,2000.0,1837.87,3,SALE30,30.0,Men,True
17364,17218.0,F,Chicago,31.0,23109.0,2019-03-17,GGOEGAFJ036215,Google Men's Pullover Hoodie Grey,Apparel,1.0,41.59,6.5,Clicked,0.18,3/17/2019,2000.0,1837.87,3,SALE30,30.0,Men,True
17365,17218.0,F,Chicago,31.0,23111.0,2019-03-17,GGOEGADJ056814,Google Men's Watershed Full Zip Hoodie Grey,Apparel,1.0,76.99,6.5,Clicked,0.18,3/17/2019,2000.0,1837.87,3,SALE30,30.0,Men,True
17366,17218.0,F,Chicago,31.0,23112.0,2019-03-17,GGOEGAQB036013,Google Women's Fleece Hoodie,Apparel,1.0,44.79,49.73,Clicked,0.18,3/17/2019,2000.0,1837.87,3,SALE30,30.0,Women,True
17373,17218.0,F,Chicago,31.0,23126.0,2019-03-17,GGOEGAPB057815,Women's Performance Full Zip Jacket Black,Apparel,1.0,83.99,6.5,Clicked,0.18,3/17/2019,2000.0,1837.87,3,SALE30,30.0,Women,True
17379,17812.0,M,Chicago,20.0,23131.0,2019-03-17,GGOEGADJ056818,Google Men's Watershed Full Zip Hoodie Grey,Apparel,1.0,76.99,6.5,Used,0.18,3/17/2019,2000.0,1837.87,3,SALE30,30.0,Men,True
17393,15356.0,F,California,32.0,22894.0,2019-03-15,GGOEGAFB035816,Google Men's  Zip Hoodie,Apparel,1.0,44.79,6.5,Clicked,0.18,3/15/2019,2000.0,1684.18,3,SALE30,30.0,Men,True
17397,17223.0,F,California,10.0,22915.0,2019-03-15,GGOEGADJ056814,Google Men's Watershed Full Zip Hoodie Grey,Apparel,1.0,61.59,6.5,Used,0.18,3/15/2019,2000.0,1684.18,3,SALE30,30.0,Men,True
17401,16817.0,M,California,20.0,22936.0,2019-03-15,GGOEGADB059214,Google Men's Airflow 1/4 Zip Pullover Black,Apparel,1.0,39.19,6.5,Clicked,0.18,3/15/2019,2000.0,1684.18,3,SALE30,30.0,Men,True
17405,13030.0,M,California,39.0,22947.0,2019-03-15,GGOEGADC059515,Google Men's Microfiber 1/4 Zip Pullover Blue/Indigo,Apparel,1.0,52.49,6.5,Used,0.18,3/15/2019,2000.0,1684.18,3,SALE30,30.0,Men,True
17408,13030.0,M,California,39.0,22950.0,2019-03-15,GGOEGATB060215,Google Women's 1/4 Zip Performance Pullover Black,Apparel,1.0,36.39,30.92,Used,0.18,3/15/2019,2000.0,1684.18,3,SALE30,30.0,Women,True
17413,13030.0,M,California,39.0,22953.0,2019-03-15,GGOEGATJ060513,Google Women's Quilted Insulated Vest White,Apparel,1.0,41.99,6.5,Not Used,0.18,3/15/2019,2000.0,1684.18,3,SALE30,30.0,Women,True
17415,13030.0,M,California,39.0,22957.0,2019-03-15,GGOEGADB056616,Men's Weatherblock Shell Jacket Black,Apparel,1.0,65.09,6.5,Used,0.18,3/15/2019,2000.0,1684.18,3,SALE30,30.0,Men,True
17419,13030.0,M,California,39.0,22958.0,2019-03-15,GGOEGATC060314,Google Women's 1/4 Zip Performance Pullover Two-Tone Blue,Apparel,1.0,36.39,6.5,Used,0.18,3/15/2019,2000.0,1684.18,3,SALE30,30.0,Women,True
17428,17191.0,M,Chicago,13.0,22969.0,2019-03-15,GGOEGADB056713,Men's Softshell Jacket Black/Grey,Apparel,1.0,98.99,6.5,Used,0.18,3/15/2019,2000.0,1684.18,3,SALE30,30.0,Men,True
17429,17191.0,M,Chicago,13.0,22972.0,2019-03-15,GGOEGADB056914,Google Men's Performance Full Zip Jacket Black,Apparel,1.0,67.19,6.5,Used,0.18,3/15/2019,2000.0,1684.18,3,SALE30,30.0,Men,True
17430,17191.0,M,Chicago,13.0,22975.0,2019-03-15,GGOEGADJ059814,Google Men's Convertible Vest-Jacket Pewter,Apparel,1.0,55.43,6.5,Used,0.18,3/15/2019,2000.0,1684.18,3,SALE30,30.0,Men,True
17435,17191.0,M,Chicago,13.0,22990.0,2019-03-15,GGOEGADC059514,Google Men's Microfiber 1/4 Zip Pullover Blue/Indigo,Apparel,2.0,52.49,6.5,Not Used,0.18,3/15/2019,2000.0,1684.18,3,SALE30,30.0,Men,True
17437,14081.0,F,California,49.0,21692.0,2019-03-02,GGOEYAQB073216,YouTube Women's Fleece Hoodie Black,Apparel,1.0,44.79,6.5,Clicked,0.18,3/2/2019,4000.0,1258.6,3,SALE30,30.0,Women,True
17443,14081.0,F,California,49.0,21700.0,2019-03-02,GGOEGADB057315,Google Men's Lightweight Microfleece Jacket Black,Apparel,1.0,74.99,6.5,Used,0.18,3/2/2019,4000.0,1258.6,3,SALE30,30.0,Men,True
17444,14081.0,F,California,49.0,21702.0,2019-03-02,GGOEGADJ057115,Google Men's Performance 1/4 Zip Pullover Heather/Black,Apparel,3.0,109.99,6.5,Clicked,0.18,3/2/2019,4000.0,1258.6,3,SALE30,30.0,Men,True
17463,14404.0,M,Chicago,32.0,21734.0,2019-03-02,GGOEGADB056716,Men's Softshell Jacket Black/Grey,Apparel,1.0,98.99,24.47,Clicked,0.18,3/2/2019,4000.0,1258.6,3,SALE30,30.0,Men,True
17468,13579.0,F,New York,49.0,21748.0,2019-03-02,GGOEGAFB035816,Google Men's  Zip Hoodie,Apparel,1.0,55.99,6.5,Used,0.18,3/2/2019,4000.0,1258.6,3,SALE30,30.0,Men,True
17476,13174.0,M,Chicago,25.0,21762.0,2019-03-02,GGOEGAFB035814,Google Men's  Zip Hoodie,Apparel,2.0,55.99,6.5,Clicked,0.18,3/2/2019,4000.0,1258.6,3,SALE30,30.0,Men,True
17498,13174.0,M,Chicago,25.0,21799.0,2019-03-03,GGOEYAFB073114,YouTube Men's Fleece Hoodie Black,Apparel,2.0,55.99,6.5,Not Used,0.18,3/3/2019,4000.0,2066.29,3,SALE30,30.0,Men,True
17501,13174.0,M,Chicago,25.0,21807.0,2019-03-03,GGOEGAQB036015,Google Women's Fleece Hoodie,Apparel,1.0,55.99,6.5,Clicked,0.18,3/3/2019,4000.0,2066.29,3,SALE30,30.0,Women,True
17502,13174.0,M,Chicago,25.0,21810.0,2019-03-03,GGOEGAPB057817,Women's Performance Full Zip Jacket Black,Apparel,1.0,95.99,6.5,Not Used,0.18,3/3/2019,4000.0,2066.29,3,SALE30,30.0,Women,True
17515,13174.0,M,Chicago,25.0,21823.0,2019-03-03,GGOEGAFB035815,Google Men's  Zip Hoodie,Apparel,1.0,44.79,18.47,Clicked,0.18,3/3/2019,4000.0,2066.29,3,SALE30,30.0,Men,True
17518,13174.0,M,Chicago,25.0,21834.0,2019-03-03,GGOEGADJ059716,Google Men's Quilted Insulated Vest Battleship Grey,Apparel,1.0,41.99,6.5,Used,0.18,3/3/2019,4000.0,2066.29,3,SALE30,30.0,Men,True
17523,13174.0,M,Chicago,25.0,21838.0,2019-03-03,GGOEGADB056614,Men's Weatherblock Shell Jacket Black,Apparel,2.0,52.07,6.5,Clicked,0.18,3/3/2019,4000.0,2066.29,3,SALE30,30.0,Men,True
17528,13174.0,M,Chicago,25.0,21840.0,2019-03-03,GGOEYAFB073115,YouTube Men's Fleece Hoodie Black,Apparel,1.0,44.79,6.5,Clicked,0.18,3/3/2019,4000.0,2066.29,3,SALE30,30.0,Men,True
17539,15039.0,F,Chicago,19.0,22121.0,2019-03-06,GGOEGAFB035817,Google Men's  Zip Hoodie,Apparel,1.0,44.79,6.5,Used,0.18,3/6/2019,2500.0,1827.02,3,SALE30,30.0,Men,True
17542,15039.0,F,Chicago,19.0,22125.0,2019-03-06,GGOEAAFB035916,Android Men's  Zip Hoodie,Apparel,1.0,44.79,6.5,Clicked,0.18,3/6/2019,2500.0,1827.02,3,SALE30,30.0,Men,True
17546,15039.0,F,Chicago,19.0,22129.0,2019-03-06,GGOEGAEJ033314,Google Men's Long Sleeve Pullover Badge Tee Heather,Apparel,1.0,27.99,6.5,Not Used,0.18,3/6/2019,2500.0,1827.02,3,SALE30,30.0,Men,True
17552,15039.0,F,Chicago,19.0,22149.0,2019-03-06,GGOEGAEJ033313,Google Men's Long Sleeve Pullover Badge Tee Heather,Apparel,2.0,34.99,117.7,Clicked,0.18,3/6/2019,2500.0,1827.02,3,SALE30,30.0,Men,True
17559,15919.0,F,Washington DC,24.0,22168.0,2019-03-06,GGOEGADB059614,Google Men's Quilted Insulated Vest Black,Apparel,1.0,59.99,6.5,Used,0.18,3/6/2019,2500.0,1827.02,3,SALE30,30.0,Men,True
17560,15919.0,F,Washington DC,24.0,22168.0,2019-03-06,GGOEGADJ059714,Google Men's Quilted Insulated Vest Battleship Grey,Apparel,1.0,41.99,6.5,Clicked,0.18,3/6/2019,2500.0,1827.02,3,SALE30,30.0,Men,True
17566,15919.0,F,Washington DC,24.0,22172.0,2019-03-06,GGOEYAQB073213,YouTube Women's Fleece Hoodie Black,Apparel,1.0,55.99,6.5,Used,0.18,3/6/2019,2500.0,1827.02,3,SALE30,30.0,Women,True
17568,15919.0,F,Washington DC,24.0,22173.0,2019-03-06,GGOEGADJ059715,Google Men's Quilted Insulated Vest Battleship Grey,Apparel,10.0,41.99,62.74,Clicked,0.18,3/6/2019,2500.0,1827.02,3,SALE30,30.0,Men,True
17569,15919.0,F,Washington DC,24.0,22173.0,2019-03-06,GGOEGATB060414,Google Women's Quilted Insulated Vest Black,Apparel,3.0,59.99,62.74,Not Used,0.18,3/6/2019,2500.0,1827.02,3,SALE30,30.0,Women,True
17572,13497.0,F,New York,22.0,22186.0,2019-03-06,GGOEGADJ059716,Google Men's Quilted Insulated Vest Battleship Grey,Apparel,1.0,41.99,6.5,Used,0.18,3/6/2019,2500.0,1827.02,3,SALE30,30.0,Men,True
17573,15860.0,F,New York,46.0,22198.0,2019-03-06,GGOEGADB056613,Men's Weatherblock Shell Jacket Black,Apparel,1.0,52.07,6.5,Clicked,0.18,3/6/2019,2500.0,1827.02,3,SALE30,30.0,Men,True
17575,14867.0,F,Chicago,50.0,22216.0,2019-03-06,GGOEGAFB035816,Google Men's  Zip Hoodie,Apparel,1.0,55.99,6.5,Used,0.18,3/6/2019,2500.0,1827.02,3,SALE30,30.0,Men,True
17579,13155.0,F,California,8.0,22502.0,2019-03-10,GGOEGAPB057815,Women's Performance Full Zip Jacket Black,Apparel,1.0,67.19,6.5,Clicked,0.18,3/10/2019,2500.0,1294.22,3,SALE30,30.0,Women,True
17587,13155.0,F,California,8.0,22528.0,2019-03-10,GGOEGATB060616,Google Women's Convertible Vest-Jacket Black,Apparel,1.0,98.99,6.5,Not Used,0.18,3/10/2019,2500.0,1294.22,3,SALE30,30.0,Women,True
17591,16919.0,F,New York,10.0,22550.0,2019-03-10,GGOEGAPB057812,Women's Performance Full Zip Jacket Black,Apparel,1.0,67.19,6.5,Used,0.18,3/10/2019,2500.0,1294.22,3,SALE30,30.0,Women,True
17606,17259.0,M,Chicago,8.0,22600.0,2019-03-11,GGOEGAPB057513,Women's Weatherblock Shell Jacket Black,Apparel,1.0,65.09,6.5,Clicked,0.18,3/11/2019,2500.0,973.15,3,SALE30,30.0,Women,True
17607,17259.0,M,Chicago,8.0,22600.0,2019-03-11,GGOEGAQB036014,Google Women's Fleece Hoodie,Apparel,1.0,55.99,6.5,Not Used,0.18,3/11/2019,2500.0,973.15,3,SALE30,30.0,Women,True
17608,17259.0,M,Chicago,8.0,22600.0,2019-03-11,GGOEGATB060413,Google Women's Quilted Insulated Vest Black,Apparel,1.0,74.99,6.5,Clicked,0.18,3/11/2019,2500.0,973.15,3,SALE30,30.0,Women,True
17613,17259.0,M,Chicago,8.0,22603.0,2019-03-11,GGOEGAEJ033316,Google Men's Long Sleeve Pullover Badge Tee Heather,Apparel,1.0,27.99,6.5,Used,0.18,3/11/2019,2500.0,973.15,3,SALE30,30.0,Men,True
17614,17259.0,M,Chicago,8.0,22603.0,2019-03-11,GGOEGAQB036016,Google Women's Fleece Hoodie,Apparel,1.0,44.79,6.5,Used,0.18,3/11/2019,2500.0,973.15,3,SALE30,30.0,Women,True
17615,17259.0,M,Chicago,8.0,22603.0,2019-03-11,GGOEYAQB073213,YouTube Women's Fleece Hoodie Black,Apparel,1.0,44.79,6.5,Clicked,0.18,3/11/2019,2500.0,973.15,3,SALE30,30.0,Women,True
17620,17259.0,M,Chicago,8.0,22605.0,2019-03-11,GGOEGADJ059715,Google Men's Quilted Insulated Vest Battleship Grey,Apparel,1.0,41.99,6.5,Used,0.18,3/11/2019,2500.0,973.15,3,SALE30,30.0,Men,True
17629,17019.0,M,New York,25.0,22636.0,2019-03-11,GGOEGATB060415,Google Women's Quilted Insulated Vest Black,Apparel,1.0,74.99,6.5,Clicked,0.18,3/11/2019,2500.0,973.15,3,SALE30,30.0,Women,True
17632,17019.0,M,New York,25.0,22652.0,2019-03-12,GGOEGADB056615,Men's Weatherblock Shell Jacket Black,Apparel,1.0,52.07,6.5,Clicked,0.18,3/12/2019,2000.0,731.1,3,SALE30,30.0,Men,True
17633,17019.0,M,New York,25.0,22652.0,2019-03-12,GGOEGADB056915,Google Men's Performance Full Zip Jacket Black,Apparel,1.0,67.19,6.5,Clicked,0.18,3/12/2019,2000.0,731.1,3,SALE30,30.0,Men,True
17634,17019.0,M,New York,25.0,22652.0,2019-03-12,GGOEGAFB035815,Google Men's  Zip Hoodie,Apparel,1.0,44.79,6.5,Used,0.18,3/12/2019,2000.0,731.1,3,SALE30,30.0,Men,True
17640,16722.0,F,New Jersey,45.0,22668.0,2019-03-12,GGOEGADJ059715,Google Men's Quilted Insulated Vest Battleship Grey,Apparel,1.0,41.99,6.5,Clicked,0.18,3/12/2019,2000.0,731.1,3,SALE30,30.0,Men,True
17646,17591.0,F,New York,25.0,24050.0,2019-03-25,GGOEGADB056918,Google Men's Performance Full Zip Jacket Black,Apparel,1.0,67.19,6.5,Clicked,0.18,3/25/2019,2000.0,931.54,3,SALE30,30.0,Men,True
17653,17591.0,F,New York,25.0,24057.0,2019-03-25,GGOEYAQB073213,YouTube Women's Fleece Hoodie Black,Apparel,1.0,44.79,6.5,Used,0.18,3/25/2019,2000.0,931.54,3,SALE30,30.0,Women,True
17668,17591.0,F,New York,25.0,24072.0,2019-03-25,GGOEGADB056916,Google Men's Performance Full Zip Jacket Black,Apparel,1.0,83.99,15.75,Used,0.18,3/25/2019,2000.0,931.54,3,SALE30,30.0,Men,True
17674,14796.0,F,Chicago,3.0,24291.0,2019-03-28,GGOEGAFB035814,Google Men's  Zip Hoodie,Apparel,1.0,44.79,6.5,Clicked,0.18,3/28/2019,2000.0,1066.12,3,SALE30,30.0,Men,True
17684,14796.0,F,Chicago,3.0,24306.0,2019-03-28,GGOEGAFJ036213,Google Men's Pullover Hoodie Grey,Apparel,1.0,41.59,6.5,Clicked,0.18,3/28/2019,2000.0,1066.12,3,SALE30,30.0,Men,True
17685,14796.0,F,Chicago,3.0,24306.0,2019-03-28,GGOEGAFJ036214,Google Men's Pullover Hoodie Grey,Apparel,3.0,41.59,6.5,Not Used,0.18,3/28/2019,2000.0,1066.12,3,SALE30,30.0,Men,True
17686,14796.0,F,Chicago,3.0,24306.0,2019-03-28,GGOEGAFJ036215,Google Men's Pullover Hoodie Grey,Apparel,1.0,41.59,6.5,Clicked,0.18,3/28/2019,2000.0,1066.12,3,SALE30,30.0,Men,True
17696,18077.0,M,Chicago,34.0,24255.0,2019-03-28,GGOEGADB056715,Men's Softshell Jacket Black/Grey,Apparel,1.0,79.19,6.5,Not Used,0.18,3/28/2019,2000.0,1066.12,3,SALE30,30.0,Men,True
17701,17406.0,F,Chicago,3.0,24263.0,2019-03-28,GGOEGAPB057813,Women's Performance Full Zip Jacket Black,Apparel,1.0,67.19,6.5,Clicked,0.18,3/28/2019,2000.0,1066.12,3,SALE30,30.0,Women,True
17702,15750.0,F,California,7.0,24273.0,2019-03-28,GGOEGAQB036013,Google Women's Fleece Hoodie,Apparel,1.0,44.79,6.5,Not Used,0.18,3/28/2019,2000.0,1066.12,3,SALE30,30.0,Women,True
17704,15750.0,F,California,7.0,24274.0,2019-03-28,GGOEGAFB035814,Google Men's  Zip Hoodie,Apparel,1.0,44.79,6.5,Not Used,0.18,3/28/2019,2000.0,1066.12,3,SALE30,30.0,Men,True
17705,15750.0,F,California,7.0,24274.0,2019-03-28,GGOEGAFB035816,Google Men's  Zip Hoodie,Apparel,1.0,44.79,6.5,Used,0.18,3/28/2019,2000.0,1066.12,3,SALE30,30.0,Men,True
17707,15750.0,F,California,7.0,24275.0,2019-03-28,GGOEGAQB036014,Google Women's Fleece Hoodie,Apparel,1.0,44.79,6.5,Clicked,0.18,3/28/2019,2000.0,1066.12,3,SALE30,30.0,Women,True
17708,15750.0,F,California,7.0,24277.0,2019-03-28,GGOEGADJ056814,Google Men's Watershed Full Zip Hoodie Grey,Apparel,1.0,61.59,6.5,Clicked,0.18,3/28/2019,2000.0,1066.12,3,SALE30,30.0,Men,True
17710,15750.0,F,California,7.0,24280.0,2019-03-28,GGOEGATC060316,Google Women's 1/4 Zip Performance Pullover Two-Tone Blue,Apparel,1.0,36.39,18.12,Used,0.18,3/28/2019,2000.0,1066.12,3,SALE30,30.0,Women,True
17714,13842.0,F,New York,5.0,24283.0,2019-03-28,GGOEGADB056917,Google Men's Performance Full Zip Jacket Black,Apparel,1.0,67.19,6.5,Used,0.18,3/28/2019,2000.0,1066.12,3,SALE30,30.0,Men,True
17715,13842.0,F,New York,5.0,24283.0,2019-03-28,GGOEGADB059214,Google Men's Airflow 1/4 Zip Pullover Black,Apparel,1.0,39.19,6.5,Not Used,0.18,3/28/2019,2000.0,1066.12,3,SALE30,30.0,Men,True
17719,15498.0,F,New York,14.0,24537.0,2019-03-31,GGOEGADB059613,Google Men's Quilted Insulated Vest Black,Apparel,1.0,74.99,6.5,Clicked,0.18,3/31/2019,2000.0,2177.75,3,SALE30,30.0,Men,True
17722,18043.0,F,New York,18.0,24542.0,2019-03-31,GGOEGADB059614,Google Men's Quilted Insulated Vest Black,Apparel,1.0,59.99,6.5,Clicked,0.18,3/31/2019,2000.0,2177.75,3,SALE30,30.0,Men,True
17724,18043.0,F,New York,18.0,24547.0,2019-03-31,GGOEAAFB035917,Android Men's  Zip Hoodie,Apparel,1.0,55.99,6.5,Clicked,0.18,3/31/2019,2000.0,2177.75,3,SALE30,30.0,Men,True
17725,18043.0,F,New York,18.0,24547.0,2019-03-31,GGOEGAFB035817,Google Men's  Zip Hoodie,Apparel,1.0,55.99,6.5,Clicked,0.18,3/31/2019,2000.0,2177.75,3,SALE30,30.0,Men,True
17728,18043.0,F,New York,18.0,24559.0,2019-03-31,GGOEGADB059616,Google Men's Quilted Insulated Vest Black,Apparel,1.0,59.99,26.43,Clicked,0.18,3/31/2019,2000.0,2177.75,3,SALE30,30.0,Men,True
17731,18043.0,F,New York,18.0,24559.0,2019-03-31,GGOEGAFB035816,Google Men's  Zip Hoodie,Apparel,1.0,44.79,26.43,Used,0.18,3/31/2019,2000.0,2177.75,3,SALE30,30.0,Men,True
17741,16016.0,M,California,19.0,24574.0,2019-03-31,GGOEGAQB036017,Google Women's Fleece Hoodie,Apparel,1.0,55.99,6.5,Clicked,0.18,3/31/2019,2000.0,2177.75,3,SALE30,30.0,Women,True
17749,16016.0,M,California,19.0,24585.0,2019-03-31,GGOEGADB056915,Google Men's Performance Full Zip Jacket Black,Apparel,1.0,67.19,6.5,Used,0.18,3/31/2019,2000.0,2177.75,3,SALE30,30.0,Men,True
17750,16016.0,M,California,19.0,24585.0,2019-03-31,GGOEGADC059315,Google Men's Airflow 1/4 Zip Pullover Lapis,Apparel,1.0,39.19,6.5,Used,0.18,3/31/2019,2000.0,2177.75,3,SALE30,30.0,Men,True
17751,16016.0,M,California,19.0,24585.0,2019-03-31,GGOEGADJ056815,Google Men's Watershed Full Zip Hoodie Grey,Apparel,1.0,61.59,6.5,Clicked,0.18,3/31/2019,2000.0,2177.75,3,SALE30,30.0,Men,True
20052,15601.0,F,Chicago,46.0,30734.0,2019-06-19,GGOEGATB060215,Google Women's 1/4 Zip Performance Pullover Black,Apparel,1.0,36.39,6.0,Used,0.18,6/19/2019,3500.0,2617.14,6,SALE30,30.0,Women,True
20063,13050.0,F,Chicago,10.0,30750.0,2019-06-19,GGOEGAQB036013,Google Women's Fleece Hoodie,Apparel,1.0,44.79,15.75,Not Used,0.18,6/19/2019,3500.0,2617.14,6,SALE30,30.0,Women,True
20087,15789.0,F,Chicago,28.0,30781.0,2019-06-19,GGOEAAFB035915,Android Men's  Zip Hoodie,Apparel,2.0,44.79,12.48,Clicked,0.18,6/19/2019,3500.0,2617.14,6,SALE30,30.0,Men,True
20093,15789.0,F,Chicago,28.0,30781.0,2019-06-19,GGOEGAFB035816,Google Men's  Zip Hoodie,Apparel,1.0,44.79,12.48,Used,0.18,6/19/2019,3500.0,2617.14,6,SALE30,30.0,Men,True
20097,16560.0,M,California,49.0,30789.0,2019-06-19,GGOEGAFB035815,Google Men's  Zip Hoodie,Apparel,1.0,44.79,6.0,Clicked,0.18,6/19/2019,3500.0,2617.14,6,SALE30,30.0,Men,True
20098,16560.0,M,California,49.0,30789.0,2019-06-19,GGOEGAQB036016,Google Women's Fleece Hoodie,Apparel,1.0,44.79,6.0,Clicked,0.18,6/19/2019,3500.0,2617.14,6,SALE30,30.0,Women,True
20105,14527.0,M,California,43.0,29787.0,2019-06-07,GGOEGAFJ036213,Google Men's Pullover Hoodie Grey,Apparel,1.0,41.59,6.0,Not Used,0.18,6/7/2019,3500.0,1694.16,6,SALE30,30.0,Men,True
20111,14527.0,M,California,43.0,29795.0,2019-06-07,GGOEGADJ059814,Google Men's Convertible Vest-Jacket Pewter,Apparel,1.0,69.29,19.99,Used,0.18,6/7/2019,3500.0,1694.16,6,SALE30,30.0,Men,True
20122,17894.0,F,California,37.0,29821.0,2019-06-07,GGOEGAFJ036217,Google Men's Pullover Hoodie Grey,Apparel,1.0,51.99,6.0,Used,0.18,6/7/2019,3500.0,1694.16,6,SALE30,30.0,Men,True
20128,16003.0,F,California,10.0,29780.0,2019-06-07,GGOEGAFB035814,Google Men's  Zip Hoodie,Apparel,1.0,44.79,12.48,Clicked,0.18,6/7/2019,3500.0,1694.16,6,SALE30,30.0,Men,True
20129,16003.0,F,California,10.0,29780.0,2019-06-07,GGOEGAFB035816,Google Men's  Zip Hoodie,Apparel,1.0,44.79,12.48,Clicked,0.18,6/7/2019,3500.0,1694.16,6,SALE30,30.0,Men,True
20130,16003.0,F,California,10.0,29780.0,2019-06-07,GGOEGAFJ036215,Google Men's Pullover Hoodie Grey,Apparel,1.0,41.59,12.48,Clicked,0.18,6/7/2019,3500.0,1694.16,6,SALE30,30.0,Men,True
20140,17033.0,M,California,47.0,29823.0,2019-06-07,GGOEGADJ057114,Google Men's Performance 1/4 Zip Pullover Heather/Black,Apparel,1.0,61.59,6.0,Used,0.18,6/7/2019,3500.0,1694.16,6,SALE30,30.0,Men,True
20142,17033.0,M,California,47.0,29828.0,2019-06-07,GGOEGADB057316,Google Men's Lightweight Microfleece Jacket Black,Apparel,1.0,59.99,6.0,Clicked,0.18,6/7/2019,3500.0,1694.16,6,SALE30,30.0,Men,True
20144,17033.0,M,California,47.0,29828.0,2019-06-07,GGOEGAPB057816,Women's Performance Full Zip Jacket Black,Apparel,1.0,67.19,6.0,Used,0.18,6/7/2019,3500.0,1694.16,6,SALE30,30.0,Women,True
20156,13221.0,F,New York,35.0,29842.0,2019-06-07,GGOEGAFB035816,Google Men's  Zip Hoodie,Apparel,1.0,44.79,12.99,Clicked,0.18,6/7/2019,3500.0,1694.16,6,SALE30,30.0,Men,True
20158,13221.0,F,New York,35.0,29842.0,2019-06-07,GGOEGAQB036016,Google Women's Fleece Hoodie,Apparel,1.0,44.79,12.99,Used,0.18,6/7/2019,3500.0,1694.16,6,SALE30,30.0,Women,True
20169,13093.0,M,California,35.0,30284.0,2019-06-13,GGOEGADB057316,Google Men's Lightweight Microfleece Jacket Black,Apparel,1.0,74.99,6.0,Clicked,0.18,6/13/2019,3000.0,1084.43,6,SALE30,30.0,Men,True
20179,13021.0,M,Chicago,29.0,30309.0,2019-06-13,GGOEGADJ056813,Google Men's Watershed Full Zip Hoodie Grey,Apparel,1.0,61.59,6.0,Clicked,0.18,6/13/2019,3000.0,1084.43,6,SALE30,30.0,Men,True
20187,13317.0,F,Chicago,17.0,30262.0,2019-06-13,GGOEGADB059616,Google Men's Quilted Insulated Vest Black,Apparel,1.0,74.99,6.0,Clicked,0.18,6/13/2019,3000.0,1084.43,6,SALE30,30.0,Men,True
20189,13890.0,F,New York,31.0,30263.0,2019-06-13,GGOEGADB056915,Google Men's Performance Full Zip Jacket Black,Apparel,1.0,67.19,6.0,Clicked,0.18,6/13/2019,3000.0,1084.43,6,SALE30,30.0,Men,True
20190,13890.0,F,New York,31.0,30267.0,2019-06-13,GGOEYAFB073115,YouTube Men's Fleece Hoodie Black,Apparel,1.0,55.99,6.0,Used,0.18,6/13/2019,3000.0,1084.43,6,SALE30,30.0,Men,True
20201,15246.0,F,California,2.0,30297.0,2019-06-13,GGOEGADJ059715,Google Men's Quilted Insulated Vest Battleship Grey,Apparel,1.0,41.99,12.99,Used,0.18,6/13/2019,3000.0,1084.43,6,SALE30,30.0,Men,True
20219,14841.0,F,California,50.0,30330.0,2019-06-13,GGOEGADB057316,Google Men's Lightweight Microfleece Jacket Black,Apparel,1.0,59.99,12.99,Clicked,0.18,6/13/2019,3000.0,1084.43,6,SALE30,30.0,Men,True
20220,14841.0,F,California,50.0,30330.0,2019-06-13,GGOEGAPB057813,Women's Performance Full Zip Jacket Black,Apparel,1.0,67.19,12.99,Not Used,0.18,6/13/2019,3000.0,1084.43,6,SALE30,30.0,Women,True
20221,14841.0,F,California,50.0,30330.0,2019-06-13,GGOEGATC060313,Google Women's 1/4 Zip Performance Pullover Two-Tone Blue,Apparel,1.0,36.39,12.99,Clicked,0.18,6/13/2019,3000.0,1084.43,6,SALE30,30.0,Women,True
20255,16931.0,F,New Jersey,37.0,31368.0,2019-06-27,GGOEGAFB035817,Google Men's  Zip Hoodie,Apparel,1.0,55.99,12.99,Clicked,0.18,6/27/2019,1500.0,649.14,6,SALE30,30.0,Men,True
20275,12621.0,M,California,44.0,31337.0,2019-06-27,GGOEYAFB073113,YouTube Men's Fleece Hoodie Black,Apparel,2.0,44.79,12.48,Clicked,0.18,6/27/2019,1500.0,649.14,6,SALE30,30.0,Men,True
20276,12621.0,M,California,44.0,31337.0,2019-06-27,GGOEYAFB073114,YouTube Men's Fleece Hoodie Black,Apparel,1.0,44.79,12.48,Clicked,0.18,6/27/2019,1500.0,649.14,6,SALE30,30.0,Men,True
20303,14016.0,M,California,41.0,31406.0,2019-06-27,GGOEGATB060213,Google Women's 1/4 Zip Performance Pullover Black,Apparel,1.0,36.39,6.0,Used,0.18,6/27/2019,1500.0,649.14,6,SALE30,30.0,Women,True
20304,14016.0,M,California,41.0,31407.0,2019-06-27,GGOEGADB059215,Google Men's Airflow 1/4 Zip Pullover Black,Apparel,1.0,39.19,12.99,Used,0.18,6/27/2019,1500.0,649.14,6,SALE30,30.0,Men,True
20305,14016.0,M,California,41.0,31407.0,2019-06-27,GGOEGADC059314,Google Men's Airflow 1/4 Zip Pullover Lapis,Apparel,1.0,39.19,12.99,Clicked,0.18,6/27/2019,1500.0,649.14,6,SALE30,30.0,Men,True
20307,14016.0,M,California,41.0,31407.0,2019-06-27,GGOEGAPJ058016,Google Women's 1/4 Zip Jacket Charcoal,Apparel,1.0,61.59,12.99,Used,0.18,6/27/2019,1500.0,649.14,6,SALE30,30.0,Women,True
20313,14016.0,M,California,41.0,31414.0,2019-06-27,GGOEGADC059517,Google Men's Microfiber 1/4 Zip Pullover Blue/Indigo,Apparel,1.0,52.49,6.0,Used,0.18,6/27/2019,1500.0,649.14,6,SALE30,30.0,Men,True
20314,14016.0,M,California,41.0,31414.0,2019-06-27,GGOEGAFJ036217,Google Men's Pullover Hoodie Grey,Apparel,1.0,51.99,6.0,Used,0.18,6/27/2019,1500.0,649.14,6,SALE30,30.0,Men,True
20322,13033.0,M,California,50.0,31425.0,2019-06-27,GGOEYAQB073216,YouTube Women's Fleece Hoodie Black,Apparel,1.0,31.35,6.0,Clicked,0.18,6/27/2019,1500.0,649.14,6,SALE30,30.0,Women,True
20328,18168.0,F,Chicago,5.0,29608.0,2019-06-05,GGOEGADJ056814,Google Men's Watershed Full Zip Hoodie Grey,Apparel,1.0,61.59,6.0,Clicked,0.18,6/5/2019,3500.0,3202.1,6,SALE30,30.0,Men,True
20329,18168.0,F,Chicago,5.0,29608.0,2019-06-05,GGOEGADJ059715,Google Men's Quilted Insulated Vest Battleship Grey,Apparel,1.0,41.99,6.0,Used,0.18,6/5/2019,3500.0,3202.1,6,SALE30,30.0,Men,True
20334,13295.0,F,New York,33.0,29624.0,2019-06-05,GGOEYAFB073114,YouTube Men's Fleece Hoodie Black,Apparel,1.0,55.99,6.0,Not Used,0.18,6/5/2019,3500.0,3202.1,6,SALE30,30.0,Men,True
20348,16782.0,F,New York,45.0,29647.0,2019-06-05,GGOEGADC059515,Google Men's Microfiber 1/4 Zip Pullover Blue/Indigo,Apparel,1.0,41.99,6.0,Not Used,0.18,6/5/2019,3500.0,3202.1,6,SALE30,30.0,Men,True
20349,16782.0,F,New York,45.0,29647.0,2019-06-05,GGOEGADJ059714,Google Men's Quilted Insulated Vest Battleship Grey,Apparel,1.0,41.99,6.0,Clicked,0.18,6/5/2019,3500.0,3202.1,6,SALE30,30.0,Men,True
20358,17230.0,M,California,29.0,29630.0,2019-06-05,GGOEGATB060614,Google Women's Convertible Vest-Jacket Black,Apparel,1.0,69.29,6.0,Used,0.18,6/5/2019,3500.0,3202.1,6,SALE30,30.0,Women,True
20383,15512.0,F,California,42.0,29734.0,2019-06-06,GGOEGADB059616,Google Men's Quilted Insulated Vest Black,Apparel,1.0,59.99,6.0,Clicked,0.18,6/6/2019,3500.0,1126.87,6,SALE30,30.0,Men,True
20399,13458.0,F,California,33.0,29755.0,2019-06-06,GGOEGAFB035815,Google Men's  Zip Hoodie,Apparel,1.0,44.79,6.0,Not Used,0.18,6/6/2019,3500.0,1126.87,6,SALE30,30.0,Men,True
20426,16725.0,F,Chicago,48.0,30182.0,2019-06-12,GGOEGAFB035813,Google Men's  Zip Hoodie,Apparel,1.0,44.79,6.0,Clicked,0.18,6/12/2019,3000.0,2321.52,6,SALE30,30.0,Men,True
20437,16725.0,F,Chicago,48.0,30197.0,2019-06-12,GGOEGAPB058612,Google Women's Yoga Jacket Black,Apparel,1.0,58.79,20.33,Used,0.18,6/12/2019,3000.0,2321.52,6,SALE30,30.0,Women,True
20457,15615.0,M,Washington DC,19.0,30177.0,2019-06-12,GGOEGAFB035816,Google Men's  Zip Hoodie,Apparel,1.0,44.79,6.0,Clicked,0.18,6/12/2019,3000.0,2321.52,6,SALE30,30.0,Men,True
20475,12577.0,F,New Jersey,10.0,30158.0,2019-06-12,GGOEGAPB058613,Google Women's Yoga Jacket Black,Apparel,1.0,58.79,6.0,Clicked,0.18,6/12/2019,3000.0,2321.52,6,SALE30,30.0,Women,True
20508,17496.0,F,Chicago,7.0,30248.0,2019-06-12,GGOEYAFB073114,YouTube Men's Fleece Hoodie Black,Apparel,1.0,44.79,6.0,Used,0.18,6/12/2019,3000.0,2321.52,6,SALE30,30.0,Men,True
20521,14092.0,F,Chicago,41.0,30830.0,2019-06-20,GGOEGADB059214,Google Men's Airflow 1/4 Zip Pullover Black,Apparel,1.0,39.19,6.0,Used,0.18,6/20/2019,3500.0,1019.59,6,SALE30,30.0,Men,True
20552,14373.0,F,Chicago,40.0,30815.0,2019-06-20,GGOEGADC059516,Google Men's Microfiber 1/4 Zip Pullover Blue/Indigo,Apparel,1.0,52.49,6.0,Used,0.18,6/20/2019,3500.0,1019.59,6,SALE30,30.0,Men,True
20553,14373.0,F,Chicago,40.0,30815.0,2019-06-20,GGOEGAFJ036216,Google Men's Pullover Hoodie Grey,Apparel,1.0,51.99,6.0,Clicked,0.18,6/20/2019,3500.0,1019.59,6,SALE30,30.0,Men,True
20555,18176.0,M,New York,19.0,30816.0,2019-06-20,GGOEGADB056715,Men's Softshell Jacket Black/Grey,Apparel,1.0,79.19,12.99,Clicked,0.18,6/20/2019,3500.0,1019.59,6,SALE30,30.0,Men,True
20556,18176.0,M,New York,19.0,30816.0,2019-06-20,GGOEGAPB058614,Google Women's Yoga Jacket Black,Apparel,1.0,58.79,12.99,Clicked,0.18,6/20/2019,3500.0,1019.59,6,SALE30,30.0,Women,True
20565,16271.0,M,New York,24.0,30848.0,2019-06-20,GGOEGADJ059714,Google Men's Quilted Insulated Vest Battleship Grey,Apparel,1.0,41.99,12.99,Clicked,0.18,6/20/2019,3500.0,1019.59,6,SALE30,30.0,Men,True
20573,16271.0,M,New York,24.0,30848.0,2019-06-20,GGOEYAQB073216,YouTube Women's Fleece Hoodie Black,Apparel,1.0,31.35,12.99,Clicked,0.18,6/20/2019,3500.0,1019.59,6,SALE30,30.0,Women,True
20580,18223.0,M,Washington DC,44.0,30867.0,2019-06-20,GGOEGAFJ036215,Google Men's Pullover Hoodie Grey,Apparel,1.0,41.59,6.0,Used,0.18,6/20/2019,3500.0,1019.59,6,SALE30,30.0,Men,True
20609,14180.0,F,California,11.0,30928.0,2019-06-21,GGOEGAQB036016,Google Women's Fleece Hoodie,Apparel,1.0,44.79,12.48,Not Used,0.18,6/21/2019,3500.0,1473.98,6,SALE30,30.0,Women,True
20610,14180.0,F,California,11.0,30928.0,2019-06-21,GGOEYAQB073216,YouTube Women's Fleece Hoodie Black,Apparel,1.0,31.35,12.48,Used,0.18,6/21/2019,3500.0,1473.98,6,SALE30,30.0,Women,True
20611,14180.0,F,California,11.0,30928.0,2019-06-21,GGOEYAQB073217,YouTube Women's Fleece Hoodie Black,Apparel,1.0,31.35,12.48,Clicked,0.18,6/21/2019,3500.0,1473.98,6,SALE30,30.0,Women,True
20618,13496.0,F,New York,21.0,30929.0,2019-06-21,GGOEGAPB058614,Google Women's Yoga Jacket Black,Apparel,1.0,58.79,6.0,Used,0.18,6/21/2019,3500.0,1473.98,6,SALE30,30.0,Women,True
20621,15532.0,F,California,23.0,30889.0,2019-06-21,GGOEGADJ057116,Google Men's Performance 1/4 Zip Pullover Heather/Black,Apparel,1.0,61.59,6.0,Used,0.18,6/21/2019,3500.0,1473.98,6,SALE30,30.0,Men,True
20622,15532.0,F,California,23.0,30889.0,2019-06-21,GGOEGAFJ036216,Google Men's Pullover Hoodie Grey,Apparel,1.0,41.59,6.0,Clicked,0.18,6/21/2019,3500.0,1473.98,6,SALE30,30.0,Men,True
20629,15532.0,F,California,23.0,30903.0,2019-06-21,GGOEGAFB035816,Google Men's  Zip Hoodie,Apparel,1.0,55.99,6.0,Clicked,0.18,6/21/2019,3500.0,1473.98,6,SALE30,30.0,Men,True
20640,14334.0,M,California,41.0,30936.0,2019-06-21,GGOEGADB056614,Men's Weatherblock Shell Jacket Black,Apparel,1.0,52.07,14.96,Used,0.18,6/21/2019,3500.0,1473.98,6,SALE30,30.0,Men,True
20641,14334.0,M,California,41.0,30936.0,2019-06-21,GGOEGADJ059814,Google Men's Convertible Vest-Jacket Pewter,Apparel,1.0,55.43,14.96,Clicked,0.18,6/21/2019,3500.0,1473.98,6,SALE30,30.0,Men,True
20664,17412.0,F,California,19.0,30973.0,2019-06-22,GGOEGADJ056814,Google Men's Watershed Full Zip Hoodie Grey,Apparel,1.0,76.99,75.0,Clicked,0.18,6/22/2019,3500.0,2217.07,6,SALE30,30.0,Men,True
20668,16945.0,F,Chicago,9.0,30977.0,2019-06-22,GGOEAAQB036114,Android Women's Fleece Hoodie,Apparel,1.0,44.79,44.06,Clicked,0.18,6/22/2019,3500.0,2217.07,6,SALE30,30.0,Women,True
20691,13874.0,F,California,39.0,31005.0,2019-06-22,GGOEGADB056614,Men's Weatherblock Shell Jacket Black,Apparel,1.0,52.07,6.0,Used,0.18,6/22/2019,3500.0,2217.07,6,SALE30,30.0,Men,True
20702,17392.0,M,Chicago,6.0,31027.0,2019-06-22,GGOEGATB060614,Google Women's Convertible Vest-Jacket Black,Apparel,1.0,55.43,6.0,Clicked,0.18,6/22/2019,3500.0,2217.07,6,SALE30,30.0,Women,True
20703,17392.0,M,Chicago,6.0,31029.0,2019-06-22,GGOEGAPJ058015,Google Women's 1/4 Zip Jacket Charcoal,Apparel,1.0,61.59,6.0,Not Used,0.18,6/22/2019,3500.0,2217.07,6,SALE30,30.0,Women,True
20707,17392.0,M,Chicago,6.0,31034.0,2019-06-22,GGOEGADJ059815,Google Men's Convertible Vest-Jacket Pewter,Apparel,1.0,55.43,6.0,Used,0.18,6/22/2019,3500.0,2217.07,6,SALE30,30.0,Men,True
20710,17392.0,M,Chicago,6.0,31037.0,2019-06-22,GGOEGADJ057115,Google Men's Performance 1/4 Zip Pullover Heather/Black,Apparel,1.0,61.59,12.99,Clicked,0.18,6/22/2019,3500.0,2217.07,6,SALE30,30.0,Men,True
20714,17392.0,M,Chicago,6.0,31042.0,2019-06-22,GGOEGADB057313,Google Men's Lightweight Microfleece Jacket Black,Apparel,1.0,59.99,6.0,Clicked,0.18,6/22/2019,3500.0,2217.07,6,SALE30,30.0,Men,True
20724,17377.0,M,Chicago,34.0,31527.0,2019-06-29,GGOEGAFJ036214,Google Men's Pullover Hoodie Grey,Apparel,1.0,41.59,6.0,Not Used,0.18,6/29/2019,1500.0,2652.13,6,SALE30,30.0,Men,True
20728,12748.0,F,Chicago,28.0,31533.0,2019-06-29,GGOEGADC059315,Google Men's Airflow 1/4 Zip Pullover Lapis,Apparel,1.0,39.19,6.0,Clicked,0.18,6/29/2019,1500.0,2652.13,6,SALE30,30.0,Men,True
20735,12748.0,F,Chicago,28.0,31540.0,2019-06-29,GGOEGAFB035814,Google Men's  Zip Hoodie,Apparel,1.0,44.79,6.0,Clicked,0.18,6/29/2019,1500.0,2652.13,6,SALE30,30.0,Men,True
20766,16885.0,M,New York,27.0,31565.0,2019-06-29,GGOEGADB056915,Google Men's Performance Full Zip Jacket Black,Apparel,1.0,67.19,6.0,Clicked,0.18,6/29/2019,1500.0,2652.13,6,SALE30,30.0,Men,True
20780,14849.0,F,New Jersey,45.0,30391.0,2019-06-14,GGOEYAFB073114,YouTube Men's Fleece Hoodie Black,Apparel,2.0,44.79,12.99,Clicked,0.18,6/14/2019,3000.0,1749.49,6,SALE30,30.0,Men,True
20788,12748.0,F,Chicago,28.0,30411.0,2019-06-14,GGOEGADJ056815,Google Men's Watershed Full Zip Hoodie Grey,Apparel,1.0,61.59,6.5,Clicked,0.18,6/14/2019,3000.0,1749.49,6,SALE30,30.0,Men,True
20796,12748.0,F,Chicago,28.0,30415.0,2019-06-14,GGOEAAQB036115,Android Women's Fleece Hoodie,Apparel,1.0,44.79,6.0,Clicked,0.18,6/14/2019,3000.0,1749.49,6,SALE30,30.0,Women,True
20797,12748.0,F,Chicago,28.0,30415.0,2019-06-14,GGOEGATB060416,Google Women's Quilted Insulated Vest Black,Apparel,1.0,59.99,6.0,Clicked,0.18,6/14/2019,3000.0,1749.49,6,SALE30,30.0,Women,True
20798,12748.0,F,Chicago,28.0,30415.0,2019-06-14,GGOEGATJ060513,Google Women's Quilted Insulated Vest White,Apparel,1.0,41.99,6.0,Used,0.18,6/14/2019,3000.0,1749.49,6,SALE30,30.0,Women,True
20804,13468.0,M,New York,33.0,30378.0,2019-06-14,GGOEGADB056717,Men's Softshell Jacket Black/Grey,Apparel,1.0,98.99,6.0,Clicked,0.18,6/14/2019,3000.0,1749.49,6,SALE30,30.0,Men,True
20808,13468.0,M,New York,33.0,30379.0,2019-06-14,GGOEYAFB073113,YouTube Men's Fleece Hoodie Black,Apparel,1.0,55.99,6.0,Not Used,0.18,6/14/2019,3000.0,1749.49,6,SALE30,30.0,Men,True
20816,16705.0,F,California,18.0,30355.0,2019-06-14,GGOEGADB056715,Men's Softshell Jacket Black/Grey,Apparel,1.0,79.19,6.0,Clicked,0.18,6/14/2019,3000.0,1749.49,6,SALE30,30.0,Men,True
20832,16470.0,F,New York,13.0,30426.0,2019-06-14,GGOEGADJ059715,Google Men's Quilted Insulated Vest Battleship Grey,Apparel,1.0,41.99,6.0,Not Used,0.18,6/14/2019,3000.0,1749.49,6,SALE30,30.0,Men,True
20835,16470.0,F,New York,13.0,30431.0,2019-06-14,GGOEGAFB035817,Google Men's  Zip Hoodie,Apparel,1.0,44.79,12.99,Used,0.18,6/14/2019,3000.0,1749.49,6,SALE30,30.0,Men,True
20844,15563.0,F,Chicago,41.0,30380.0,2019-06-14,GGOEGADB056915,Google Men's Performance Full Zip Jacket Black,Apparel,1.0,67.19,6.0,Clicked,0.18,6/14/2019,3000.0,1749.49,6,SALE30,30.0,Men,True
20845,15563.0,F,Chicago,41.0,30380.0,2019-06-14,GGOEGADB057316,Google Men's Lightweight Microfleece Jacket Black,Apparel,1.0,59.99,6.0,Used,0.18,6/14/2019,3000.0,1749.49,6,SALE30,30.0,Men,True
20847,15563.0,F,Chicago,41.0,30380.0,2019-06-14,GGOEGAPB058613,Google Women's Yoga Jacket Black,Apparel,1.0,58.79,6.0,Not Used,0.18,6/14/2019,3000.0,1749.49,6,SALE30,30.0,Women,True
20857,16746.0,M,New York,16.0,30401.0,2019-06-14,GGOEGADJ059715,Google Men's Quilted Insulated Vest Battleship Grey,Apparel,1.0,41.99,6.0,Clicked,0.18,6/14/2019,3000.0,1749.49,6,SALE30,30.0,Men,True
20859,17377.0,M,Chicago,34.0,30551.0,2019-06-16,GGOEGAFB035817,Google Men's  Zip Hoodie,Apparel,2.0,44.79,12.99,Clicked,0.18,6/16/2019,3000.0,2009.36,6,SALE30,30.0,Men,True
20866,15394.0,F,New Jersey,38.0,30521.0,2019-06-16,GGOEGADJ059814,Google Men's Convertible Vest-Jacket Pewter,Apparel,1.0,55.43,6.0,Clicked,0.18,6/16/2019,3000.0,2009.36,6,SALE30,30.0,Men,True
20877,14621.0,F,New Jersey,41.0,30544.0,2019-06-16,GGOEAAFB035913,Android Men's  Zip Hoodie,Apparel,1.0,55.99,19.99,Clicked,0.18,6/16/2019,3000.0,2009.36,6,SALE30,30.0,Men,True
20885,15379.0,F,California,10.0,30557.0,2019-06-16,GGOEGADB056613,Men's Weatherblock Shell Jacket Black,Apparel,1.0,52.07,6.0,Used,0.18,6/16/2019,3000.0,2009.36,6,SALE30,30.0,Men,True
20888,15379.0,F,California,10.0,30567.0,2019-06-16,GGOEGADB057314,Google Men's Lightweight Microfleece Jacket Black,Apparel,1.0,59.99,6.0,Clicked,0.18,6/16/2019,3000.0,2009.36,6,SALE30,30.0,Men,True
20897,15379.0,F,California,10.0,30577.0,2019-06-16,GGOEGADB056715,Men's Softshell Jacket Black/Grey,Apparel,1.0,98.99,6.0,Not Used,0.18,6/16/2019,3000.0,2009.36,6,SALE30,30.0,Men,True
20903,14911.0,F,California,34.0,31059.0,2019-06-23,GGOEGADJ057114,Google Men's Performance 1/4 Zip Pullover Heather/Black,Apparel,1.0,61.59,12.48,Not Used,0.18,6/23/2019,3500.0,2283.08,6,SALE30,30.0,Men,True
20909,14723.0,M,Chicago,4.0,31066.0,2019-06-23,GGOEGADJ056814,Google Men's Watershed Full Zip Hoodie Grey,Apparel,1.0,61.59,6.0,Used,0.18,6/23/2019,3500.0,2283.08,6,SALE30,30.0,Men,True
20920,14723.0,M,Chicago,4.0,31082.0,2019-06-23,GGOEGADB057313,Google Men's Lightweight Microfleece Jacket Black,Apparel,1.0,59.99,12.48,Clicked,0.18,6/23/2019,3500.0,2283.08,6,SALE30,30.0,Men,True
20921,14723.0,M,Chicago,4.0,31082.0,2019-06-23,GGOEGADJ056815,Google Men's Watershed Full Zip Hoodie Grey,Apparel,1.0,61.59,12.48,Used,0.18,6/23/2019,3500.0,2283.08,6,SALE30,30.0,Men,True
20922,14723.0,M,Chicago,4.0,31082.0,2019-06-23,GGOEGAPB058212,Google Women's Lightweight Microfleece Jacket,Apparel,1.0,59.99,12.48,Clicked,0.18,6/23/2019,3500.0,2283.08,6,SALE30,30.0,Women,True
20923,14723.0,M,Chicago,4.0,31082.0,2019-06-23,GGOEGAPB058214,Google Women's Lightweight Microfleece Jacket,Apparel,1.0,59.99,12.48,Clicked,0.18,6/23/2019,3500.0,2283.08,6,SALE30,30.0,Women,True
20924,14723.0,M,Chicago,4.0,31082.0,2019-06-23,GGOEGAPB058614,Google Women's Yoga Jacket Black,Apparel,1.0,58.79,12.48,Used,0.18,6/23/2019,3500.0,2283.08,6,SALE30,30.0,Women,True
20926,14723.0,M,Chicago,4.0,31083.0,2019-06-23,GGOEAAFB035915,Android Men's  Zip Hoodie,Apparel,1.0,44.79,6.0,Used,0.18,6/23/2019,3500.0,2283.08,6,SALE30,30.0,Men,True
20943,14985.0,F,New York,4.0,31115.0,2019-06-23,GGOEGADB056915,Google Men's Performance Full Zip Jacket Black,Apparel,1.0,67.19,12.99,Clicked,0.18,6/23/2019,3500.0,2283.08,6,SALE30,30.0,Men,True
20944,14985.0,F,New York,4.0,31119.0,2019-06-23,GGOEGAFJ036216,Google Men's Pullover Hoodie Grey,Apparel,1.0,41.59,30.0,Clicked,0.18,6/23/2019,3500.0,2283.08,6,SALE30,30.0,Men,True
20973,17841.0,M,California,21.0,29352.0,2019-06-01,GGOEGADJ056815,Google Men's Watershed Full Zip Hoodie Grey,Apparel,1.0,61.59,6.0,Used,0.18,6/1/2019,500.0,320.25,6,SALE30,30.0,Men,True
20974,17841.0,M,California,21.0,29352.0,2019-06-01,GGOEGAPB058615,Google Women's Yoga Jacket Black,Apparel,1.0,58.79,6.0,Clicked,0.18,6/1/2019,500.0,320.25,6,SALE30,30.0,Women,True
20975,17841.0,M,California,21.0,29354.0,2019-06-01,GGOEGAFJ036214,Google Men's Pullover Hoodie Grey,Apparel,1.0,41.59,6.0,Not Used,0.18,6/1/2019,500.0,320.25,6,SALE30,30.0,Men,True
20977,17017.0,M,California,40.0,29356.0,2019-06-01,GGOEGADB059616,Google Men's Quilted Insulated Vest Black,Apparel,1.0,59.99,12.48,Not Used,0.18,6/1/2019,500.0,320.25,6,SALE30,30.0,Men,True
20978,17017.0,M,California,40.0,29356.0,2019-06-01,GGOEGADC059315,Google Men's Airflow 1/4 Zip Pullover Lapis,Apparel,1.0,39.19,12.48,Clicked,0.18,6/1/2019,500.0,320.25,6,SALE30,30.0,Men,True
20979,17017.0,M,California,40.0,29356.0,2019-06-01,GGOEGADJ059714,Google Men's Quilted Insulated Vest Battleship Grey,Apparel,1.0,41.99,12.48,Used,0.18,6/1/2019,500.0,320.25,6,SALE30,30.0,Men,True
20981,17017.0,M,California,40.0,29356.0,2019-06-01,GGOEGATB060213,Google Women's 1/4 Zip Performance Pullover Black,Apparel,1.0,36.39,12.48,Clicked,0.18,6/1/2019,500.0,320.25,6,SALE30,30.0,Women,True
20982,17017.0,M,California,40.0,29356.0,2019-06-01,GGOEGATC060314,Google Women's 1/4 Zip Performance Pullover Two-Tone Blue,Apparel,1.0,36.39,12.48,Clicked,0.18,6/1/2019,500.0,320.25,6,SALE30,30.0,Women,True
20985,17017.0,M,California,40.0,29357.0,2019-06-01,GGOEGAFJ036216,Google Men's Pullover Hoodie Grey,Apparel,1.0,41.59,6.0,Used,0.18,6/1/2019,500.0,320.25,6,SALE30,30.0,Men,True
20991,17017.0,M,California,40.0,29369.0,2019-06-01,GGOEGAPB058214,Google Women's Lightweight Microfleece Jacket,Apparel,1.0,59.99,6.0,Clicked,0.18,6/1/2019,500.0,320.25,6,SALE30,30.0,Women,True
20994,15107.0,F,New York,20.0,29370.0,2019-06-01,GGOEGADJ056814,Google Men's Watershed Full Zip Hoodie Grey,Apparel,1.0,61.59,6.0,Clicked,0.18,6/1/2019,500.0,320.25,6,SALE30,30.0,Men,True
21001,13097.0,M,California,33.0,29378.0,2019-06-01,GGOEGAPB058213,Google Women's Lightweight Microfleece Jacket,Apparel,1.0,59.99,6.0,Clicked,0.18,6/1/2019,500.0,320.25,6,SALE30,30.0,Women,True
21003,13097.0,M,California,33.0,29381.0,2019-06-01,GGOEGADB056616,Men's Weatherblock Shell Jacket Black,Apparel,1.0,52.07,6.0,Clicked,0.18,6/1/2019,500.0,320.25,6,SALE30,30.0,Men,True
21008,17841.0,M,California,21.0,31687.0,2019-06-30,GGOEGAPJ058014,Google Women's 1/4 Zip Jacket Charcoal,Apparel,1.0,76.99,6.0,Used,0.18,6/30/2019,1500.0,1070.66,6,SALE30,30.0,Women,True
21009,17841.0,M,California,21.0,31687.0,2019-06-30,GGOEGATB060414,Google Women's Quilted Insulated Vest Black,Apparel,1.0,74.99,6.0,Clicked,0.18,6/30/2019,1500.0,1070.66,6,SALE30,30.0,Women,True
21010,17841.0,M,California,21.0,31687.0,2019-06-30,GGOEGATC060314,Google Women's 1/4 Zip Performance Pullover Two-Tone Blue,Apparel,1.0,45.49,6.0,Used,0.18,6/30/2019,1500.0,1070.66,6,SALE30,30.0,Women,True
21026,15044.0,F,California,31.0,31669.0,2019-06-30,GGOEGATH060713,Google Women's Convertible Vest-Jacket Sea Foam Green,Apparel,1.0,55.43,6.0,Used,0.18,6/30/2019,1500.0,1070.66,6,SALE30,30.0,Women,True
21030,15044.0,F,California,31.0,31677.0,2019-06-30,GGOEGADB057316,Google Men's Lightweight Microfleece Jacket Black,Apparel,1.0,74.99,6.0,Used,0.18,6/30/2019,1500.0,1070.66,6,SALE30,30.0,Men,True
21055,12668.0,F,California,32.0,31649.0,2019-06-30,GGOEGADB056618,Men's Weatherblock Shell Jacket Black,Apparel,1.0,52.07,6.0,Clicked,0.18,6/30/2019,1500.0,1070.66,6,SALE30,30.0,Men,True
21056,12668.0,F,California,32.0,31649.0,2019-06-30,GGOEGADB057318,Google Men's Lightweight Microfleece Jacket Black,Apparel,2.0,59.99,6.0,Clicked,0.18,6/30/2019,1500.0,1070.66,6,SALE30,30.0,Men,True
21057,12668.0,F,California,32.0,31649.0,2019-06-30,GGOEGADJ059718,Google Men's Quilted Insulated Vest Battleship Grey,Apparel,1.0,41.99,6.0,Not Used,0.18,6/30/2019,1500.0,1070.66,6,SALE30,30.0,Men,True
21060,12668.0,F,California,32.0,31654.0,2019-06-30,GGOEGAPB058612,Google Women's Yoga Jacket Black,Apparel,1.0,58.79,6.0,Used,0.18,6/30/2019,1500.0,1070.66,6,SALE30,30.0,Women,True
21067,14606.0,F,Chicago,33.0,30635.0,2019-06-18,GGOEGAFB035814,Google Men's  Zip Hoodie,Apparel,1.0,55.99,6.0,Used,0.18,6/18/2019,3500.0,2289.42,6,SALE30,30.0,Men,True
21072,14606.0,F,Chicago,33.0,30641.0,2019-06-18,GGOEGADJ056815,Google Men's Watershed Full Zip Hoodie Grey,Apparel,1.0,61.59,6.0,Clicked,0.18,6/18/2019,3500.0,2289.42,6,SALE30,30.0,Men,True
21115,12471.0,F,California,11.0,31284.0,2019-06-26,GGOEGADB056617,Men's Weatherblock Shell Jacket Black,Apparel,1.0,52.07,6.0,Clicked,0.18,6/26/2019,1500.0,1478.19,6,SALE30,30.0,Men,True
21131,12782.0,F,Chicago,19.0,31241.0,2019-06-26,GGOEGADC059314,Google Men's Airflow 1/4 Zip Pullover Lapis,Apparel,1.0,48.99,6.0,Used,0.18,6/26/2019,1500.0,1478.19,6,SALE30,30.0,Men,True
21132,12782.0,F,Chicago,19.0,31248.0,2019-06-26,GGOEGAPB058615,Google Women's Yoga Jacket Black,Apparel,1.0,58.79,6.0,Not Used,0.18,6/26/2019,1500.0,1478.19,6,SALE30,30.0,Women,True
21135,12782.0,F,Chicago,19.0,31251.0,2019-06-26,GGOEGADC059314,Google Men's Airflow 1/4 Zip Pullover Lapis,Apparel,1.0,39.19,6.0,Clicked,0.18,6/26/2019,1500.0,1478.19,6,SALE30,30.0,Men,True
21136,12782.0,F,Chicago,19.0,31251.0,2019-06-26,GGOEGAFB035814,Google Men's  Zip Hoodie,Apparel,1.0,44.79,6.0,Clicked,0.18,6/26/2019,1500.0,1478.19,6,SALE30,30.0,Men,True
21150,17315.0,F,New York,10.0,31306.0,2019-06-26,GGOEGADB057313,Google Men's Lightweight Microfleece Jacket Black,Apparel,1.0,59.99,6.0,Used,0.18,6/26/2019,1500.0,1478.19,6,SALE30,30.0,Men,True
21153,17315.0,F,New York,10.0,31314.0,2019-06-26,GGOEGAFB035816,Google Men's  Zip Hoodie,Apparel,1.0,55.99,6.0,Clicked,0.18,6/26/2019,1500.0,1478.19,6,SALE30,30.0,Men,True
21161,13418.0,F,New York,22.0,29929.0,2019-06-08,GGOEGADJ056813,Google Men's Watershed Full Zip Hoodie Grey,Apparel,1.0,61.59,12.99,Clicked,0.18,6/8/2019,3500.0,1598.46,6,SALE30,30.0,Men,True
21173,15005.0,F,New York,30.0,29884.0,2019-06-08,GGOEGATH060714,Google Women's Convertible Vest-Jacket Sea Foam Green,Apparel,1.0,55.43,6.5,Clicked,0.18,6/8/2019,3500.0,1598.46,6,SALE30,30.0,Women,True
21182,17692.0,F,New Jersey,11.0,29921.0,2019-06-08,GGOEGADB057315,Google Men's Lightweight Microfleece Jacket Black,Apparel,1.0,59.99,6.5,Clicked,0.18,6/8/2019,3500.0,1598.46,6,SALE30,30.0,Men,True
21184,17692.0,F,New Jersey,11.0,29923.0,2019-06-08,GGOEGAPB058613,Google Women's Yoga Jacket Black,Apparel,1.0,73.49,6.0,Clicked,0.18,6/8/2019,3500.0,1598.46,6,SALE30,30.0,Women,True
21200,14150.0,M,Chicago,48.0,29505.0,2019-06-03,GGOEGAPB058614,Google Women's Yoga Jacket Black,Apparel,1.0,58.79,6.0,Clicked,0.18,6/3/2019,500.0,1230.43,6,SALE30,30.0,Women,True
21225,15574.0,F,New York,5.0,30493.0,2019-06-15,GGOEGAPJ058013,Google Women's 1/4 Zip Jacket Charcoal,Apparel,1.0,61.59,6.0,Clicked,0.18,6/15/2019,3000.0,1919.84,6,SALE30,30.0,Women,True
21228,15574.0,F,New York,5.0,30504.0,2019-06-15,GGOEGADJ056816,Google Men's Watershed Full Zip Hoodie Grey,Apparel,2.0,61.59,12.99,Clicked,0.18,6/15/2019,3000.0,1919.84,6,SALE30,30.0,Men,True
21229,15574.0,F,New York,5.0,30504.0,2019-06-15,GGOEGADJ057116,Google Men's Performance 1/4 Zip Pullover Heather/Black,Apparel,1.0,61.59,12.99,Clicked,0.18,6/15/2019,3000.0,1919.84,6,SALE30,30.0,Men,True
21230,15574.0,F,New York,5.0,30504.0,2019-06-15,GGOEGAFJ036216,Google Men's Pullover Hoodie Grey,Apparel,1.0,41.59,12.99,Used,0.18,6/15/2019,3000.0,1919.84,6,SALE30,30.0,Men,True
21231,15574.0,F,New York,5.0,30504.0,2019-06-15,GGOEGAPB058613,Google Women's Yoga Jacket Black,Apparel,1.0,58.79,12.99,Clicked,0.18,6/15/2019,3000.0,1919.84,6,SALE30,30.0,Women,True
21232,15574.0,F,New York,5.0,30504.0,2019-06-15,GGOEGAQB036016,Google Women's Fleece Hoodie,Apparel,1.0,44.79,12.99,Clicked,0.18,6/15/2019,3000.0,1919.84,6,SALE30,30.0,Women,True
21256,17062.0,M,Chicago,44.0,30487.0,2019-06-15,GGOEYAFB073114,YouTube Men's Fleece Hoodie Black,Apparel,1.0,44.79,6.0,Clicked,0.18,6/15/2019,3000.0,1919.84,6,SALE30,30.0,Men,True
21258,17062.0,M,Chicago,44.0,30488.0,2019-06-15,GGOEGAFJ036217,Google Men's Pullover Hoodie Grey,Apparel,1.0,41.59,6.0,Clicked,0.18,6/15/2019,3000.0,1919.84,6,SALE30,30.0,Men,True
21265,14878.0,M,New York,12.0,30449.0,2019-06-15,GGOEGADB056715,Men's Softshell Jacket Black/Grey,Apparel,1.0,79.19,12.99,Used,0.18,6/15/2019,3000.0,1919.84,6,SALE30,30.0,Men,True
21266,14878.0,M,New York,12.0,30449.0,2019-06-15,GGOEGADB057314,Google Men's Lightweight Microfleece Jacket Black,Apparel,1.0,59.99,12.99,Used,0.18,6/15/2019,3000.0,1919.84,6,SALE30,30.0,Men,True
21290,12877.0,F,New Jersey,23.0,30478.0,2019-06-15,GGOEGADB056916,Google Men's Performance Full Zip Jacket Black,Apparel,1.0,67.19,12.99,Used,0.18,6/15/2019,3000.0,1919.84,6,SALE30,30.0,Men,True
21291,12877.0,F,New Jersey,23.0,30478.0,2019-06-15,GGOEGAPB057815,Women's Performance Full Zip Jacket Black,Apparel,1.0,67.19,12.99,Used,0.18,6/15/2019,3000.0,1919.84,6,SALE30,30.0,Women,True
21295,12877.0,F,New Jersey,23.0,30483.0,2019-06-15,GGOEGADB056916,Google Men's Performance Full Zip Jacket Black,Apparel,1.0,67.19,6.0,Used,0.18,6/15/2019,3000.0,1919.84,6,SALE30,30.0,Men,True
21353,14146.0,M,California,29.0,31458.0,2019-06-28,GGOEYAFB073114,YouTube Men's Fleece Hoodie Black,Apparel,1.0,44.79,6.0,Not Used,0.18,6/28/2019,1500.0,1709.84,6,SALE30,30.0,Men,True
21400,14560.0,M,Chicago,40.0,31157.0,2019-06-24,GGOEGADC059515,Google Men's Microfiber 1/4 Zip Pullover Blue/Indigo,Apparel,1.0,52.49,6.0,Used,0.18,6/24/2019,3500.0,1975.15,6,SALE30,30.0,Men,True
21403,13089.0,F,New Jersey,25.0,29972.0,2019-06-09,GGOEGADB056915,Google Men's Performance Full Zip Jacket Black,Apparel,1.0,67.19,12.99,Clicked,0.18,6/9/2019,3500.0,2940.1,6,SALE30,30.0,Men,True
21405,13089.0,F,New Jersey,25.0,29976.0,2019-06-09,GGOEGADB056617,Men's Weatherblock Shell Jacket Black,Apparel,1.0,52.07,6.0,Used,0.18,6/9/2019,3500.0,2940.1,6,SALE30,30.0,Men,True
21420,16365.0,F,California,49.0,29991.0,2019-06-09,GGOEGADJ057114,Google Men's Performance 1/4 Zip Pullover Heather/Black,Apparel,1.0,61.59,6.0,Used,0.18,6/9/2019,3500.0,2940.1,6,SALE30,30.0,Men,True
21421,15535.0,F,Chicago,24.0,30003.0,2019-06-09,GGOEYAFB073114,YouTube Men's Fleece Hoodie Black,Apparel,1.0,44.79,6.0,Clicked,0.18,6/9/2019,3500.0,2940.1,6,SALE30,30.0,Men,True
21422,16134.0,F,New York,5.0,29941.0,2019-06-09,GGOEGAPB057815,Women's Performance Full Zip Jacket Black,Apparel,1.0,67.19,6.0,Not Used,0.18,6/9/2019,3500.0,2940.1,6,SALE30,30.0,Women,True
21423,16134.0,F,New York,5.0,29942.0,2019-06-09,GGOEGADB056715,Men's Softshell Jacket Black/Grey,Apparel,1.0,79.19,12.99,Used,0.18,6/9/2019,3500.0,2940.1,6,SALE30,30.0,Men,True
21447,14913.0,M,Washington DC,4.0,30004.0,2019-06-09,GGOEGAQB036013,Google Women's Fleece Hoodie,Apparel,1.0,44.79,6.0,Used,0.18,6/9/2019,3500.0,2940.1,6,SALE30,30.0,Women,True
21449,14913.0,M,Washington DC,4.0,30005.0,2019-06-09,GGOEGATC060314,Google Women's 1/4 Zip Performance Pullover Two-Tone Blue,Apparel,1.0,36.39,6.0,Used,0.18,6/9/2019,3500.0,2940.1,6,SALE30,30.0,Women,True
21454,14913.0,M,Washington DC,4.0,30010.0,2019-06-09,GGOEGAFJ036214,Google Men's Pullover Hoodie Grey,Apparel,1.0,41.59,6.0,Clicked,0.18,6/9/2019,3500.0,2940.1,6,SALE30,30.0,Men,True
21487,12867.0,M,Chicago,32.0,29431.0,2019-06-02,GGOEGAPB058216,Google Women's Lightweight Microfleece Jacket,Apparel,1.0,59.99,6.0,Not Used,0.18,6/2/2019,500.0,1622.46,6,SALE30,30.0,Women,True
21497,12867.0,M,Chicago,32.0,29444.0,2019-06-02,GGOEGADB056614,Men's Weatherblock Shell Jacket Black,Apparel,1.0,52.07,6.0,Clicked,0.18,6/2/2019,500.0,1622.46,6,SALE30,30.0,Men,True
21498,12867.0,M,Chicago,32.0,29444.0,2019-06-02,GGOEGADB059214,Google Men's Airflow 1/4 Zip Pullover Black,Apparel,1.0,39.19,6.0,Clicked,0.18,6/2/2019,500.0,1622.46,6,SALE30,30.0,Men,True
21499,12867.0,M,Chicago,32.0,29444.0,2019-06-02,GGOEGADJ059714,Google Men's Quilted Insulated Vest Battleship Grey,Apparel,1.0,41.99,6.0,Clicked,0.18,6/2/2019,500.0,1622.46,6,SALE30,30.0,Men,True
21500,12867.0,M,Chicago,32.0,29444.0,2019-06-02,GGOEGAPB057513,Women's Weatherblock Shell Jacket Black,Apparel,1.0,52.07,6.0,Clicked,0.18,6/2/2019,500.0,1622.46,6,SALE30,30.0,Women,True
21501,12867.0,M,Chicago,32.0,29444.0,2019-06-02,GGOEGAPC058814,Google Women's Shell Jacket Blue/Black,Apparel,1.0,53.19,6.0,Clicked,0.18,6/2/2019,500.0,1622.46,6,SALE30,30.0,Women,True
21502,12867.0,M,Chicago,32.0,29444.0,2019-06-02,GGOEGATB060613,Google Women's Convertible Vest-Jacket Black,Apparel,1.0,55.43,6.0,Not Used,0.18,6/2/2019,500.0,1622.46,6,SALE30,30.0,Women,True
21516,14401.0,F,California,20.0,29464.0,2019-06-02,GGOEGAFJ036215,Google Men's Pullover Hoodie Grey,Apparel,1.0,41.59,6.0,Clicked,0.18,6/2/2019,500.0,1622.46,6,SALE30,30.0,Men,True
21527,16145.0,F,California,9.0,29468.0,2019-06-02,GGOEGATC060315,Google Women's 1/4 Zip Performance Pullover Two-Tone Blue,Apparel,1.0,36.39,6.0,Clicked,0.18,6/2/2019,500.0,1622.46,6,SALE30,30.0,Women,True
21529,15194.0,M,Chicago,33.0,30597.0,2019-06-17,GGOEGADB057314,Google Men's Lightweight Microfleece Jacket Black,Apparel,1.0,59.99,6.0,Not Used,0.18,6/17/2019,3000.0,2743.71,6,SALE30,30.0,Men,True
21554,18116.0,F,Chicago,38.0,30624.0,2019-06-17,GGOEGAFB035814,Google Men's  Zip Hoodie,Apparel,1.0,44.79,6.0,Clicked,0.18,6/17/2019,3000.0,2743.71,6,SALE30,30.0,Men,True
21575,17790.0,F,Washington DC,34.0,31205.0,2019-06-25,GGOEGAPB058613,Google Women's Yoga Jacket Black,Apparel,1.0,58.79,6.0,Used,0.18,6/25/2019,1500.0,956.13,6,SALE30,30.0,Women,True
21591,17449.0,F,Chicago,24.0,29556.0,2019-06-04,GGOEGATB060416,Google Women's Quilted Insulated Vest Black,Apparel,1.0,59.99,6.0,Used,0.18,6/4/2019,3500.0,2553.18,6,SALE30,30.0,Women,True
21598,17449.0,F,Chicago,24.0,29572.0,2019-06-04,GGOEGAFB035814,Google Men's  Zip Hoodie,Apparel,1.0,44.79,6.0,Used,0.18,6/4/2019,3500.0,2553.18,6,SALE30,30.0,Men,True
21636,13124.0,M,New York,4.0,30051.0,2019-06-10,GGOEGADB059613,Google Men's Quilted Insulated Vest Black,Apparel,1.0,59.99,6.0,Clicked,0.18,6/10/2019,3500.0,1881.94,6,SALE30,30.0,Men,True
21645,17214.0,F,California,28.0,30061.0,2019-06-11,GGOEAAFB035913,Android Men's  Zip Hoodie,Apparel,1.0,55.99,6.0,Used,0.18,6/11/2019,3000.0,1428.32,6,SALE30,30.0,Men,True
21666,12928.0,F,Chicago,21.0,30086.0,2019-06-11,GGOEGAFJ036214,Google Men's Pullover Hoodie Grey,Apparel,1.0,41.59,6.0,Clicked,0.18,6/11/2019,3000.0,1428.32,6,SALE30,30.0,Men,True
21686,17980.0,M,New York,47.0,30120.0,2019-06-11,GGOEYAQB073216,YouTube Women's Fleece Hoodie Black,Apparel,1.0,31.35,6.0,Used,0.18,6/11/2019,3000.0,1428.32,6,SALE30,30.0,Women,True
24062,16033.0,F,Chicago,48.0,38173.0,2019-09-14,GGOEGATB060214,Google Women's 1/4 Zip Performance Pullover Black,Apparel,1.0,26.0,12.48,Not Used,0.18,9/14/2019,3000.0,1408.06,9,SALE30,30.0,Women,True
24063,16033.0,F,Chicago,48.0,38173.0,2019-09-14,GGOEGATC060313,Google Women's 1/4 Zip Performance Pullover Two-Tone Blue,Apparel,1.0,26.0,12.48,Used,0.18,9/14/2019,3000.0,1408.06,9,SALE30,30.0,Women,True
24071,16033.0,F,Chicago,48.0,38181.0,2019-09-14,GGOEGADJ056813,Google Men's Watershed Full Zip Hoodie Grey,Apparel,1.0,55.0,6.0,Used,0.18,9/14/2019,3000.0,1408.06,9,SALE30,30.0,Men,True
24072,16033.0,F,Chicago,48.0,38181.0,2019-09-14,GGOEGADJ057113,Google Men's Performance 1/4 Zip Pullover Heather/Black,Apparel,1.0,33.0,6.0,Not Used,0.18,9/14/2019,3000.0,1408.06,9,SALE30,30.0,Men,True
24075,16033.0,F,Chicago,48.0,38182.0,2019-09-14,GGOEGAFB035815,Google Men's  Zip Hoodie,Apparel,1.0,44.79,6.0,Clicked,0.18,9/14/2019,3000.0,1408.06,9,SALE30,30.0,Men,True
24083,18212.0,F,California,37.0,38153.0,2019-09-14,GGOEGADC059516,Google Men's Microfiber 1/4 Zip Pullover Blue/Indigo,Apparel,1.0,37.49,6.0,Clicked,0.18,9/14/2019,3000.0,1408.06,9,SALE30,30.0,Men,True
24088,18212.0,F,California,37.0,38155.0,2019-09-14,GGOEGAPB058212,Google Women's Lightweight Microfleece Jacket,Apparel,1.0,41.99,6.0,Clicked,0.18,9/14/2019,3000.0,1408.06,9,SALE30,30.0,Women,True
24100,14292.0,M,New Jersey,22.0,38168.0,2019-09-14,GGOEGADB056618,Men's Weatherblock Shell Jacket Black,Apparel,1.0,37.2,6.0,Used,0.18,9/14/2019,3000.0,1408.06,9,SALE30,30.0,Men,True
24111,12748.0,F,Chicago,28.0,38223.0,2019-09-15,GGOEAAFB035917,Android Men's  Zip Hoodie,Apparel,1.0,39.19,75.0,Used,0.18,9/15/2019,3000.0,2546.67,9,SALE30,30.0,Men,True
24121,14696.0,M,New York,48.0,38247.0,2019-09-15,GGOEGAFB035815,Google Men's  Zip Hoodie,Apparel,1.0,55.99,6.0,Not Used,0.18,9/15/2019,3000.0,2546.67,9,SALE30,30.0,Men,True
24122,16814.0,M,California,22.0,38254.0,2019-09-15,GGOEGATH060715,Google Women's Convertible Vest-Jacket Sea Foam Green,Apparel,1.0,23.76,6.0,Clicked,0.18,9/15/2019,3000.0,2546.67,9,SALE30,30.0,Women,True
24127,16814.0,M,California,22.0,38257.0,2019-09-15,GGOEGAPJ058015,Google Women's 1/4 Zip Jacket Charcoal,Apparel,1.0,44.0,6.0,Used,0.18,9/15/2019,3000.0,2546.67,9,SALE30,30.0,Women,True
24130,18118.0,M,Chicago,24.0,38273.0,2019-09-15,GGOEGADJ056818,Google Men's Watershed Full Zip Hoodie Grey,Apparel,1.0,55.0,6.0,Clicked,0.18,9/15/2019,3000.0,2546.67,9,SALE30,30.0,Men,True
24131,17491.0,F,New Jersey,31.0,38232.0,2019-09-15,GGOEGAFB035815,Google Men's  Zip Hoodie,Apparel,1.0,55.99,19.99,Not Used,0.18,9/15/2019,3000.0,2546.67,9,SALE30,30.0,Men,True
24133,12356.0,F,Chicago,31.0,38210.0,2019-09-15,GGOEGADC059314,Google Men's Airflow 1/4 Zip Pullover Lapis,Apparel,1.0,28.0,6.0,Clicked,0.18,9/15/2019,3000.0,2546.67,9,SALE30,30.0,Men,True
24142,12356.0,F,Chicago,31.0,38221.0,2019-09-15,GGOEGAPC058814,Google Women's Shell Jacket Blue/Black,Apparel,1.0,22.8,6.0,Not Used,0.18,9/15/2019,3000.0,2546.67,9,SALE30,30.0,Women,True
24146,12356.0,F,Chicago,31.0,38222.0,2019-09-15,GGOEGADJ056813,Google Men's Watershed Full Zip Hoodie Grey,Apparel,1.0,55.0,75.0,Used,0.18,9/15/2019,3000.0,2546.67,9,SALE30,30.0,Men,True
24152,12527.0,F,Chicago,25.0,38235.0,2019-09-15,GGOEGADC059314,Google Men's Airflow 1/4 Zip Pullover Lapis,Apparel,1.0,28.0,6.5,Clicked,0.18,9/15/2019,3000.0,2546.67,9,SALE30,30.0,Men,True
24155,15395.0,M,Chicago,4.0,38254.0,2019-09-15,GGOEGADB059618,Google Men's Quilted Insulated Vest Black,Apparel,1.0,41.99,6.0,Not Used,0.18,9/15/2019,3000.0,2546.67,9,SALE30,30.0,Men,True
24162,15311.0,F,Chicago,40.0,37258.0,2019-09-02,GGOEGADB059613,Google Men's Quilted Insulated Vest Black,Apparel,1.0,52.49,12.99,Clicked,0.18,9/2/2019,3000.0,1307.62,9,SALE30,30.0,Men,True
24163,15311.0,F,Chicago,40.0,37260.0,2019-09-02,GGOEGAFB035815,Google Men's  Zip Hoodie,Apparel,1.0,44.79,6.0,Clicked,0.18,9/2/2019,3000.0,1307.62,9,SALE30,30.0,Men,True
24168,15311.0,F,Chicago,40.0,37267.0,2019-09-02,GGOEGAPB058614,Google Women's Yoga Jacket Black,Apparel,1.0,52.5,6.0,Used,0.18,9/2/2019,3000.0,1307.62,9,SALE30,30.0,Women,True
24172,14156.0,F,California,5.0,37273.0,2019-09-02,GGOEGAQB036016,Google Women's Fleece Hoodie,Apparel,1.0,44.79,6.0,Clicked,0.18,9/2/2019,3000.0,1307.62,9,SALE30,30.0,Women,True
24191,15311.0,F,Chicago,40.0,37976.0,2019-09-12,GGOEGADB056616,Men's Weatherblock Shell Jacket Black,Apparel,1.0,37.2,6.5,Used,0.18,9/12/2019,3000.0,1117.36,9,SALE30,30.0,Men,True
24192,15311.0,F,Chicago,40.0,37977.0,2019-09-12,GGOEGADB056616,Men's Weatherblock Shell Jacket Black,Apparel,1.0,37.2,6.5,Used,0.18,9/12/2019,3000.0,1117.36,9,SALE30,30.0,Men,True
24195,15311.0,F,Chicago,40.0,37989.0,2019-09-12,GGOEGAFB035815,Google Men's  Zip Hoodie,Apparel,1.0,55.99,19.99,Clicked,0.18,9/12/2019,3000.0,1117.36,9,SALE30,30.0,Men,True
24240,13209.0,F,California,18.0,38011.0,2019-09-12,GGOEGADJ056813,Google Men's Watershed Full Zip Hoodie Grey,Apparel,1.0,44.0,6.0,Clicked,0.18,9/12/2019,3000.0,1117.36,9,SALE30,30.0,Men,True
24246,17730.0,F,Chicago,30.0,38025.0,2019-09-12,GGOEGAPB058616,Google Women's Yoga Jacket Black,Apparel,1.0,52.5,6.0,Clicked,0.18,9/12/2019,3000.0,1117.36,9,SALE30,30.0,Women,True
24250,17730.0,F,Chicago,30.0,38027.0,2019-09-12,GGOEGATH060717,Google Women's Convertible Vest-Jacket Sea Foam Green,Apparel,1.0,23.76,6.0,Used,0.18,9/12/2019,3000.0,1117.36,9,SALE30,30.0,Women,True
24255,15311.0,F,Chicago,40.0,38776.0,2019-09-22,GGOEGADJ056818,Google Men's Watershed Full Zip Hoodie Grey,Apparel,1.0,55.0,6.0,Used,0.18,9/22/2019,2500.0,1895.73,9,SALE30,30.0,Men,True
24256,15311.0,F,Chicago,40.0,38776.0,2019-09-22,GGOEGADJ059718,Google Men's Quilted Insulated Vest Battleship Grey,Apparel,1.0,37.49,6.0,Not Used,0.18,9/22/2019,2500.0,1895.73,9,SALE30,30.0,Men,True
24258,15311.0,F,Chicago,40.0,38778.0,2019-09-22,GGOEGADJ056814,Google Men's Watershed Full Zip Hoodie Grey,Apparel,1.0,55.0,6.0,Clicked,0.18,9/22/2019,2500.0,1895.73,9,SALE30,30.0,Men,True
24263,13520.0,F,Chicago,19.0,38707.0,2019-09-22,GGOEGADJ057113,Google Men's Performance 1/4 Zip Pullover Heather/Black,Apparel,1.0,26.4,6.0,Clicked,0.18,9/22/2019,2500.0,1895.73,9,SALE30,30.0,Men,True
24275,12841.0,F,California,19.0,38749.0,2019-09-22,GGOEGATH060713,Google Women's Convertible Vest-Jacket Sea Foam Green,Apparel,1.0,23.76,6.5,Used,0.18,9/22/2019,2500.0,1895.73,9,SALE30,30.0,Women,True
24276,12681.0,M,Chicago,27.0,38689.0,2019-09-22,GGOEGATH060713,Google Women's Convertible Vest-Jacket Sea Foam Green,Apparel,1.0,23.76,6.5,Used,0.18,9/22/2019,2500.0,1895.73,9,SALE30,30.0,Women,True
24286,12681.0,M,Chicago,27.0,38692.0,2019-09-22,GGOEGAFB035815,Google Men's  Zip Hoodie,Apparel,1.0,44.79,6.0,Clicked,0.18,9/22/2019,2500.0,1895.73,9,SALE30,30.0,Men,True
24287,12681.0,M,Chicago,27.0,38692.0,2019-09-22,GGOEGATB060214,Google Women's 1/4 Zip Performance Pullover Black,Apparel,1.0,26.0,6.0,Not Used,0.18,9/22/2019,2500.0,1895.73,9,SALE30,30.0,Women,True
24290,12681.0,M,Chicago,27.0,38700.0,2019-09-22,GGOEGAFB035815,Google Men's  Zip Hoodie,Apparel,1.0,55.99,6.0,Clicked,0.18,9/22/2019,2500.0,1895.73,9,SALE30,30.0,Men,True
24293,17097.0,M,California,33.0,38790.0,2019-09-22,GGOEGAPB058213,Google Women's Lightweight Microfleece Jacket,Apparel,1.0,52.49,6.0,Used,0.18,9/22/2019,2500.0,1895.73,9,SALE30,30.0,Women,True
24301,14646.0,M,California,45.0,38733.0,2019-09-22,GGOEGADJ056813,Google Men's Watershed Full Zip Hoodie Grey,Apparel,1.0,44.0,6.0,Used,0.18,9/22/2019,2500.0,1895.73,9,SALE30,30.0,Men,True
24304,15171.0,F,New Jersey,48.0,38755.0,2019-09-22,GGOEGAFB035815,Google Men's  Zip Hoodie,Apparel,1.0,44.79,6.0,Clicked,0.18,9/22/2019,2500.0,1895.73,9,SALE30,30.0,Men,True
24307,15606.0,F,Washington DC,15.0,38701.0,2019-09-22,GGOEGAPC058814,Google Women's Shell Jacket Blue/Black,Apparel,1.0,22.8,6.0,Used,0.18,9/22/2019,2500.0,1895.73,9,SALE30,30.0,Women,True
24308,15606.0,F,Washington DC,15.0,38701.0,2019-09-22,GGOEGATH060713,Google Women's Convertible Vest-Jacket Sea Foam Green,Apparel,2.0,23.76,6.0,Used,0.18,9/22/2019,2500.0,1895.73,9,SALE30,30.0,Women,True
24313,14527.0,M,California,43.0,38656.0,2019-09-21,GGOEGADB056618,Men's Weatherblock Shell Jacket Black,Apparel,1.0,46.5,6.0,Not Used,0.18,9/21/2019,2500.0,1098.2,9,SALE30,30.0,Men,True
24319,15039.0,F,Chicago,19.0,38620.0,2019-09-21,GGOEGATB060214,Google Women's 1/4 Zip Performance Pullover Black,Apparel,1.0,26.0,20.85,Clicked,0.18,9/21/2019,2500.0,1098.2,9,SALE30,30.0,Women,True
24326,16904.0,F,California,17.0,38643.0,2019-09-21,GGOEGAFB035815,Google Men's  Zip Hoodie,Apparel,1.0,44.79,6.0,Clicked,0.18,9/21/2019,2500.0,1098.2,9,SALE30,30.0,Men,True
24332,16904.0,F,California,17.0,38647.0,2019-09-21,GGOEGADB056613,Men's Weatherblock Shell Jacket Black,Apparel,1.0,37.2,6.0,Clicked,0.18,9/21/2019,2500.0,1098.2,9,SALE30,30.0,Men,True
24335,17722.0,F,Chicago,12.0,38671.0,2019-09-21,GGOEGAPB058213,Google Women's Lightweight Microfleece Jacket,Apparel,1.0,41.99,6.0,Not Used,0.18,9/21/2019,2500.0,1098.2,9,SALE30,30.0,Women,True
24347,14572.0,F,California,43.0,38995.0,2019-09-26,GGOEGADC059316,Google Men's Airflow 1/4 Zip Pullover Lapis,Apparel,1.0,28.0,6.0,Not Used,0.18,9/26/2019,3000.0,767.58,9,SALE30,30.0,Men,True
24351,14572.0,F,California,43.0,39017.0,2019-09-26,GGOEGADB057318,Google Men's Lightweight Microfleece Jacket Black,Apparel,1.0,59.99,6.0,Not Used,0.18,9/26/2019,3000.0,767.58,9,SALE30,30.0,Men,True
24352,14572.0,F,California,43.0,39018.0,2019-09-26,GGOEGADC059316,Google Men's Airflow 1/4 Zip Pullover Lapis,Apparel,1.0,28.0,6.5,Clicked,0.18,9/26/2019,3000.0,767.58,9,SALE30,30.0,Men,True
24358,13502.0,F,California,32.0,39040.0,2019-09-26,GGOEGAFB035817,Google Men's  Zip Hoodie,Apparel,1.0,55.99,6.0,Used,0.18,9/26/2019,3000.0,767.58,9,SALE30,30.0,Men,True
24360,12637.0,F,California,13.0,39075.0,2019-09-26,GGOEGADB056617,Men's Weatherblock Shell Jacket Black,Apparel,1.0,37.2,6.0,Clicked,0.18,9/26/2019,3000.0,767.58,9,SALE30,30.0,Men,True
24361,12637.0,F,California,13.0,39075.0,2019-09-26,GGOEGADC059316,Google Men's Airflow 1/4 Zip Pullover Lapis,Apparel,1.0,28.0,6.0,Clicked,0.18,9/26/2019,3000.0,767.58,9,SALE30,30.0,Men,True
24362,12637.0,F,California,13.0,39075.0,2019-09-26,GGOEGADC059516,Google Men's Microfiber 1/4 Zip Pullover Blue/Indigo,Apparel,1.0,30.0,6.0,Used,0.18,9/26/2019,3000.0,767.58,9,SALE30,30.0,Men,True
24366,12637.0,F,California,13.0,39075.0,2019-09-26,GGOEGATB060214,Google Women's 1/4 Zip Performance Pullover Black,Apparel,1.0,26.0,6.0,Used,0.18,9/26/2019,3000.0,767.58,9,SALE30,30.0,Women,True
24367,12637.0,F,California,13.0,39075.0,2019-09-26,GGOEGATH060713,Google Women's Convertible Vest-Jacket Sea Foam Green,Apparel,2.0,23.76,6.0,Used,0.18,9/26/2019,3000.0,767.58,9,SALE30,30.0,Women,True
24378,12637.0,F,California,13.0,39083.0,2019-09-26,GGOEGAPC058812,Google Women's Shell Jacket Blue/Black,Apparel,1.0,28.5,6.0,Clicked,0.18,9/26/2019,3000.0,767.58,9,SALE30,30.0,Women,True
24390,14307.0,F,California,28.0,38820.0,2019-09-23,GGOEGADB057318,Google Men's Lightweight Microfleece Jacket Black,Apparel,1.0,59.99,6.0,Clicked,0.18,9/23/2019,2500.0,2908.1,9,SALE30,30.0,Men,True
24391,14307.0,F,California,28.0,38820.0,2019-09-23,GGOEGADB059618,Google Men's Quilted Insulated Vest Black,Apparel,1.0,41.99,6.0,Used,0.18,9/23/2019,2500.0,2908.1,9,SALE30,30.0,Men,True
24395,14307.0,F,California,28.0,38828.0,2019-09-23,GGOEGAPC058814,Google Women's Shell Jacket Blue/Black,Apparel,1.0,22.8,6.0,Used,0.18,9/23/2019,2500.0,2908.1,9,SALE30,30.0,Women,True
24397,14307.0,F,California,28.0,38830.0,2019-09-23,GGOEGATH060714,Google Women's Convertible Vest-Jacket Sea Foam Green,Apparel,1.0,23.76,82.48,Clicked,0.18,9/23/2019,2500.0,2908.1,9,SALE30,30.0,Women,True
24398,14307.0,F,California,28.0,38830.0,2019-09-23,GGOEGATH060715,Google Women's Convertible Vest-Jacket Sea Foam Green,Apparel,1.0,23.76,82.48,Clicked,0.18,9/23/2019,2500.0,2908.1,9,SALE30,30.0,Women,True
24399,14307.0,F,California,28.0,38832.0,2019-09-23,GGOEGADB056917,Google Men's Performance Full Zip Jacket Black,Apparel,1.0,48.0,6.0,Used,0.18,9/23/2019,2500.0,2908.1,9,SALE30,30.0,Men,True
24405,14180.0,F,California,11.0,38806.0,2019-09-23,GGOEGAQB036016,Google Women's Fleece Hoodie,Apparel,1.0,55.99,6.0,Not Used,0.18,9/23/2019,2500.0,2908.1,9,SALE30,30.0,Women,True
24410,17097.0,M,California,33.0,38797.0,2019-09-23,GGOEGAPB058213,Google Women's Lightweight Microfleece Jacket,Apparel,1.0,41.99,6.0,Clicked,0.18,9/23/2019,2500.0,2908.1,9,SALE30,30.0,Women,True
24434,15535.0,F,Chicago,24.0,37468.0,2019-09-05,GGOEGAFB035815,Google Men's  Zip Hoodie,Apparel,1.0,55.99,19.99,Clicked,0.18,9/5/2019,2500.0,1201.09,9,SALE30,30.0,Men,True
24443,16401.0,M,Chicago,40.0,37397.0,2019-09-05,GGOEGAFB035814,Google Men's  Zip Hoodie,Apparel,1.0,55.99,6.0,Clicked,0.18,9/5/2019,2500.0,1201.09,9,SALE30,30.0,Men,True
24444,16401.0,M,Chicago,40.0,37397.0,2019-09-05,GGOEGAFJ036216,Google Men's Pullover Hoodie Grey,Apparel,1.0,36.39,6.0,Clicked,0.18,9/5/2019,2500.0,1201.09,9,SALE30,30.0,Men,True
24445,16206.0,F,California,28.0,37401.0,2019-09-05,GGOEGADC059517,Google Men's Microfiber 1/4 Zip Pullover Blue/Indigo,Apparel,1.0,37.49,6.0,Clicked,0.18,9/5/2019,2500.0,1201.09,9,SALE30,30.0,Men,True
24446,16206.0,F,California,28.0,37401.0,2019-09-05,GGOEGADJ059718,Google Men's Quilted Insulated Vest Battleship Grey,Apparel,1.0,37.49,6.0,Used,0.18,9/5/2019,2500.0,1201.09,9,SALE30,30.0,Men,True
24462,13782.0,M,New Jersey,17.0,37424.0,2019-09-05,GGOEGAPB058616,Google Women's Yoga Jacket Black,Apparel,1.0,52.5,6.0,Clicked,0.18,9/5/2019,2500.0,1201.09,9,SALE30,30.0,Women,True
24470,13700.0,M,Chicago,42.0,37483.0,2019-09-05,GGOEGADC059516,Google Men's Microfiber 1/4 Zip Pullover Blue/Indigo,Apparel,1.0,30.0,6.0,Used,0.18,9/5/2019,2500.0,1201.09,9,SALE30,30.0,Men,True
24477,14911.0,F,California,34.0,39238.0,2019-09-28,GGOEGADB059613,Google Men's Quilted Insulated Vest Black,Apparel,1.0,52.49,6.0,Not Used,0.18,9/28/2019,3000.0,1394.83,9,SALE30,30.0,Men,True
24478,14911.0,F,California,34.0,39238.0,2019-09-28,GGOEGADC059513,Google Men's Microfiber 1/4 Zip Pullover Blue/Indigo,Apparel,1.0,37.49,6.0,Clicked,0.18,9/28/2019,3000.0,1394.83,9,SALE30,30.0,Men,True
24479,12747.0,F,Chicago,9.0,39289.0,2019-09-28,GGOEGADJ057113,Google Men's Performance 1/4 Zip Pullover Heather/Black,Apparel,1.0,26.4,6.0,Used,0.18,9/28/2019,3000.0,1394.83,9,SALE30,30.0,Men,True
24480,14062.0,F,California,18.0,39325.0,2019-09-28,GGOEGADB056613,Men's Weatherblock Shell Jacket Black,Apparel,1.0,37.2,6.0,Used,0.18,9/28/2019,3000.0,1394.83,9,SALE30,30.0,Men,True
24484,13008.0,F,Chicago,48.0,39327.0,2019-09-28,GGOEGAPB057513,Women's Weatherblock Shell Jacket Black,Apparel,1.0,37.2,6.0,Clicked,0.18,9/28/2019,3000.0,1394.83,9,SALE30,30.0,Women,True
24485,13008.0,F,Chicago,48.0,39327.0,2019-09-28,GGOEGAPB058213,Google Women's Lightweight Microfleece Jacket,Apparel,1.0,41.99,6.0,Used,0.18,9/28/2019,3000.0,1394.83,9,SALE30,30.0,Women,True
24489,15379.0,F,California,10.0,39275.0,2019-09-28,GGOEGAQB036016,Google Women's Fleece Hoodie,Apparel,1.0,44.79,97.35,Used,0.18,9/28/2019,3000.0,1394.83,9,SALE30,30.0,Women,True
24493,15379.0,F,California,10.0,39281.0,2019-09-28,GGOEGADC059516,Google Men's Microfiber 1/4 Zip Pullover Blue/Indigo,Apparel,1.0,30.0,12.91,Not Used,0.18,9/28/2019,3000.0,1394.83,9,SALE30,30.0,Men,True
24500,15379.0,F,California,10.0,39284.0,2019-09-28,GGOEGADJ056818,Google Men's Watershed Full Zip Hoodie Grey,Apparel,1.0,44.0,6.0,Clicked,0.18,9/28/2019,3000.0,1394.83,9,SALE30,30.0,Men,True
24512,12402.0,F,California,22.0,39272.0,2019-09-28,GGOEGAPB058213,Google Women's Lightweight Microfleece Jacket,Apparel,1.0,41.99,6.0,Used,0.18,9/28/2019,3000.0,1394.83,9,SALE30,30.0,Women,True
24524,17841.0,M,California,21.0,37494.0,2019-09-06,GGOEAAFB035913,Android Men's  Zip Hoodie,Apparel,1.0,31.35,6.0,Used,0.18,9/6/2019,2500.0,1292.58,9,SALE30,30.0,Men,True
24536,17841.0,M,California,21.0,37498.0,2019-09-06,GGOEGAPB057816,Women's Performance Full Zip Jacket Black,Apparel,1.0,67.19,6.0,Used,0.18,9/6/2019,2500.0,1292.58,9,SALE30,30.0,Women,True
24548,16059.0,M,Chicago,44.0,37541.0,2019-09-06,GGOEGATC060313,Google Women's 1/4 Zip Performance Pullover Two-Tone Blue,Apparel,1.0,32.49,6.0,Clicked,0.18,9/6/2019,2500.0,1292.58,9,SALE30,30.0,Women,True
24550,16059.0,M,Chicago,44.0,37544.0,2019-09-06,GGOEGAPB058615,Google Women's Yoga Jacket Black,Apparel,1.0,42.0,6.0,Used,0.18,9/6/2019,2500.0,1292.58,9,SALE30,30.0,Women,True
24551,16059.0,M,Chicago,44.0,37544.0,2019-09-06,GGOEGATH060715,Google Women's Convertible Vest-Jacket Sea Foam Green,Apparel,1.0,23.76,6.0,Used,0.18,9/6/2019,2500.0,1292.58,9,SALE30,30.0,Women,True
24552,16059.0,M,Chicago,44.0,37544.0,2019-09-06,GGOEGATJ060515,Google Women's Quilted Insulated Vest White,Apparel,1.0,30.0,6.0,Used,0.18,9/6/2019,2500.0,1292.58,9,SALE30,30.0,Women,True
24560,15046.0,F,New Jersey,4.0,37491.0,2019-09-06,GGOEGADC059314,Google Men's Airflow 1/4 Zip Pullover Lapis,Apparel,1.0,34.99,6.0,Used,0.18,9/6/2019,2500.0,1292.58,9,SALE30,30.0,Men,True
24575,13064.0,M,New Jersey,15.0,37491.0,2019-09-06,GGOEGATB060214,Google Women's 1/4 Zip Performance Pullover Black,Apparel,1.0,32.49,6.0,Used,0.18,9/6/2019,2500.0,1292.58,9,SALE30,30.0,Women,True
24576,13064.0,M,New Jersey,15.0,37491.0,2019-09-06,GGOEGATB060216,Google Women's 1/4 Zip Performance Pullover Black,Apparel,1.0,32.49,6.0,Used,0.18,9/6/2019,2500.0,1292.58,9,SALE30,30.0,Women,True
24577,13064.0,M,New Jersey,15.0,37491.0,2019-09-06,GGOEGATH060714,Google Women's Convertible Vest-Jacket Sea Foam Green,Apparel,1.0,29.7,6.0,Clicked,0.18,9/6/2019,2500.0,1292.58,9,SALE30,30.0,Women,True
24606,18069.0,F,Chicago,10.0,37550.0,2019-09-06,GGOEGATH060713,Google Women's Convertible Vest-Jacket Sea Foam Green,Apparel,1.0,29.7,6.0,Used,0.18,9/6/2019,2500.0,1292.58,9,SALE30,30.0,Women,True
24612,18069.0,F,Chicago,10.0,37558.0,2019-09-06,GGOEGADJ056813,Google Men's Watershed Full Zip Hoodie Grey,Apparel,1.0,44.0,6.0,Used,0.18,9/6/2019,2500.0,1292.58,9,SALE30,30.0,Men,True
24618,18069.0,F,Chicago,10.0,37567.0,2019-09-06,GGOEGAPB058614,Google Women's Yoga Jacket Black,Apparel,1.0,52.5,6.0,Not Used,0.18,9/6/2019,2500.0,1292.58,9,SALE30,30.0,Women,True
24628,18069.0,F,Chicago,10.0,37574.0,2019-09-06,GGOEYAQB073217,YouTube Women's Fleece Hoodie Black,Apparel,1.0,31.35,6.0,Used,0.18,9/6/2019,2500.0,1292.58,9,SALE30,30.0,Women,True
24630,18069.0,F,Chicago,10.0,37575.0,2019-09-06,GGOEGADC059316,Google Men's Airflow 1/4 Zip Pullover Lapis,Apparel,1.0,28.0,12.99,Used,0.18,9/6/2019,2500.0,1292.58,9,SALE30,30.0,Men,True
24634,18069.0,F,Chicago,10.0,37583.0,2019-09-06,GGOEGADC059317,Google Men's Airflow 1/4 Zip Pullover Lapis,Apparel,1.0,28.0,19.99,Not Used,0.18,9/6/2019,2500.0,1292.58,9,SALE30,30.0,Men,True
24635,18069.0,F,Chicago,10.0,37583.0,2019-09-06,GGOEGADJ057118,Google Men's Performance 1/4 Zip Pullover Heather/Black,Apparel,1.0,26.4,19.99,Clicked,0.18,9/6/2019,2500.0,1292.58,9,SALE30,30.0,Men,True
24637,18069.0,F,Chicago,10.0,37584.0,2019-09-06,GGOEGADC059516,Google Men's Microfiber 1/4 Zip Pullover Blue/Indigo,Apparel,1.0,30.0,6.0,Not Used,0.18,9/6/2019,2500.0,1292.58,9,SALE30,30.0,Men,True
24645,16843.0,M,New York,31.0,37584.0,2019-09-06,GGOEGADJ056818,Google Men's Watershed Full Zip Hoodie Grey,Apparel,1.0,44.0,6.0,Clicked,0.18,9/6/2019,2500.0,1292.58,9,SALE30,30.0,Men,True
24661,17690.0,F,Chicago,6.0,37875.0,2019-09-11,GGOEGADC059316,Google Men's Airflow 1/4 Zip Pullover Lapis,Apparel,1.0,34.99,12.99,Clicked,0.18,9/11/2019,3000.0,1683.99,9,SALE30,30.0,Men,True
24665,14606.0,F,Chicago,33.0,37934.0,2019-09-11,GGOEGADB056616,Men's Weatherblock Shell Jacket Black,Apparel,1.0,37.2,12.48,Not Used,0.18,9/11/2019,3000.0,1683.99,9,SALE30,30.0,Men,True
24666,14606.0,F,Chicago,33.0,37934.0,2019-09-11,GGOEGADB056917,Google Men's Performance Full Zip Jacket Black,Apparel,1.0,48.0,12.48,Used,0.18,9/11/2019,3000.0,1683.99,9,SALE30,30.0,Men,True
24667,14606.0,F,Chicago,33.0,37934.0,2019-09-11,GGOEGAFB035815,Google Men's  Zip Hoodie,Apparel,3.0,44.79,12.48,Clicked,0.18,9/11/2019,3000.0,1683.99,9,SALE30,30.0,Men,True
24669,14606.0,F,Chicago,33.0,37935.0,2019-09-11,GGOEGAFB035815,Google Men's  Zip Hoodie,Apparel,3.0,44.79,12.48,Clicked,0.18,9/11/2019,3000.0,1683.99,9,SALE30,30.0,Men,True
24670,14606.0,F,Chicago,33.0,37935.0,2019-09-11,GGOEGAFB035817,Google Men's  Zip Hoodie,Apparel,1.0,44.79,12.48,Clicked,0.18,9/11/2019,3000.0,1683.99,9,SALE30,30.0,Men,True
24671,14606.0,F,Chicago,33.0,37935.0,2019-09-11,GGOEGAFJ036216,Google Men's Pullover Hoodie Grey,Apparel,1.0,29.11,12.48,Used,0.18,9/11/2019,3000.0,1683.99,9,SALE30,30.0,Men,True
24692,13982.0,F,Chicago,13.0,37914.0,2019-09-11,GGOEGADB056918,Google Men's Performance Full Zip Jacket Black,Apparel,1.0,60.0,6.0,Not Used,0.18,9/11/2019,3000.0,1683.99,9,SALE30,30.0,Men,True
24704,12820.0,M,California,24.0,37875.0,2019-09-11,GGOEGAFB035815,Google Men's  Zip Hoodie,Apparel,1.0,55.99,12.99,Clicked,0.18,9/11/2019,3000.0,1683.99,9,SALE30,30.0,Men,True
24706,13001.0,F,Chicago,45.0,37891.0,2019-09-11,GGOEGADJ057116,Google Men's Performance 1/4 Zip Pullover Heather/Black,Apparel,1.0,26.4,6.0,Clicked,0.18,9/11/2019,3000.0,1683.99,9,SALE30,30.0,Men,True
24707,13001.0,F,Chicago,45.0,37891.0,2019-09-11,GGOEGATB060214,Google Women's 1/4 Zip Performance Pullover Black,Apparel,1.0,26.0,6.0,Clicked,0.18,9/11/2019,3000.0,1683.99,9,SALE30,30.0,Women,True
24708,13001.0,F,Chicago,45.0,37891.0,2019-09-11,GGOEGATC060316,Google Women's 1/4 Zip Performance Pullover Two-Tone Blue,Apparel,1.0,26.0,6.0,Used,0.18,9/11/2019,3000.0,1683.99,9,SALE30,30.0,Women,True
24713,13001.0,F,Chicago,45.0,37900.0,2019-09-11,GGOEGATB060413,Google Women's Quilted Insulated Vest Black,Apparel,1.0,59.99,6.0,Not Used,0.18,9/11/2019,3000.0,1683.99,9,SALE30,30.0,Women,True
24716,14101.0,M,California,25.0,37929.0,2019-09-11,GGOEGADC059314,Google Men's Airflow 1/4 Zip Pullover Lapis,Apparel,1.0,34.99,6.0,Used,0.18,9/11/2019,3000.0,1683.99,9,SALE30,30.0,Men,True
24717,14101.0,M,California,25.0,37929.0,2019-09-11,GGOEGADJ056813,Google Men's Watershed Full Zip Hoodie Grey,Apparel,1.0,55.0,6.0,Clicked,0.18,9/11/2019,3000.0,1683.99,9,SALE30,30.0,Men,True
24719,17611.0,M,New York,26.0,38851.0,2019-09-24,GGOEGADJ056818,Google Men's Watershed Full Zip Hoodie Grey,Apparel,1.0,55.0,6.0,Used,0.18,9/24/2019,3000.0,1310.85,9,SALE30,30.0,Men,True
24722,17611.0,M,New York,26.0,38863.0,2019-09-24,GGOEGADJ057113,Google Men's Performance 1/4 Zip Pullover Heather/Black,Apparel,1.0,26.4,6.0,Clicked,0.18,9/24/2019,3000.0,1310.85,9,SALE30,30.0,Men,True
24724,17611.0,M,New York,26.0,38863.0,2019-09-24,GGOEGAPC058812,Google Women's Shell Jacket Blue/Black,Apparel,1.0,22.8,6.0,Clicked,0.18,9/24/2019,3000.0,1310.85,9,SALE30,30.0,Women,True
24725,17611.0,M,New York,26.0,38863.0,2019-09-24,GGOEGATH060713,Google Women's Convertible Vest-Jacket Sea Foam Green,Apparel,1.0,23.76,6.0,Not Used,0.18,9/24/2019,3000.0,1310.85,9,SALE30,30.0,Women,True
24727,17611.0,M,New York,26.0,38865.0,2019-09-24,GGOEGAFJ036217,Google Men's Pullover Hoodie Grey,Apparel,1.0,29.11,6.0,Clicked,0.18,9/24/2019,3000.0,1310.85,9,SALE30,30.0,Men,True
24734,17611.0,M,New York,26.0,38878.0,2019-09-24,GGOEGADC059516,Google Men's Microfiber 1/4 Zip Pullover Blue/Indigo,Apparel,1.0,37.49,6.0,Used,0.18,9/24/2019,3000.0,1310.85,9,SALE30,30.0,Men,True
24738,15831.0,F,California,39.0,38849.0,2019-09-24,GGOEGADC059316,Google Men's Airflow 1/4 Zip Pullover Lapis,Apparel,2.0,34.99,6.0,Clicked,0.18,9/24/2019,3000.0,1310.85,9,SALE30,30.0,Men,True
24739,15831.0,F,California,39.0,38849.0,2019-09-24,GGOEGADJ057117,Google Men's Performance 1/4 Zip Pullover Heather/Black,Apparel,1.0,33.0,6.0,Clicked,0.18,9/24/2019,3000.0,1310.85,9,SALE30,30.0,Men,True
24740,15831.0,F,California,39.0,38849.0,2019-09-24,GGOEGAPB058213,Google Women's Lightweight Microfleece Jacket,Apparel,1.0,52.49,6.0,Not Used,0.18,9/24/2019,3000.0,1310.85,9,SALE30,30.0,Women,True
24752,14031.0,F,Chicago,17.0,38973.0,2019-09-25,GGOEGATJ060515,Google Women's Quilted Insulated Vest White,Apparel,1.0,30.0,6.0,Clicked,0.18,9/25/2019,3000.0,1736.19,9,SALE30,30.0,Women,True
24755,17231.0,F,California,5.0,38978.0,2019-09-25,GGOEGATH060713,Google Women's Convertible Vest-Jacket Sea Foam Green,Apparel,1.0,23.76,6.0,Used,0.18,9/25/2019,3000.0,1736.19,9,SALE30,30.0,Women,True
24761,17602.0,M,Chicago,40.0,38938.0,2019-09-25,GGOEGATH060715,Google Women's Convertible Vest-Jacket Sea Foam Green,Apparel,1.0,23.76,6.0,Clicked,0.18,9/25/2019,3000.0,1736.19,9,SALE30,30.0,Women,True
24762,17602.0,M,Chicago,40.0,38943.0,2019-09-25,GGOEGAPB057514,Women's Weatherblock Shell Jacket Black,Apparel,1.0,37.2,6.0,Clicked,0.18,9/25/2019,3000.0,1736.19,9,SALE30,30.0,Women,True
24763,17602.0,M,Chicago,40.0,38943.0,2019-09-25,GGOEGAPJ058015,Google Women's 1/4 Zip Jacket Charcoal,Apparel,1.0,44.0,6.0,Not Used,0.18,9/25/2019,3000.0,1736.19,9,SALE30,30.0,Women,True
24772,17602.0,M,Chicago,40.0,38960.0,2019-09-25,GGOEGAPB057613,Google Women's Softshell Jacket Black/Grey,Apparel,1.0,86.39,6.5,Clicked,0.18,9/25/2019,3000.0,1736.19,9,SALE30,30.0,Women,True
24780,18223.0,M,Washington DC,44.0,37790.0,2019-09-09,GGOEGADB056618,Men's Weatherblock Shell Jacket Black,Apparel,1.0,37.2,6.0,Clicked,0.18,9/9/2019,2500.0,1749.21,9,SALE30,30.0,Men,True
24781,18223.0,M,Washington DC,44.0,37790.0,2019-09-09,GGOEGADJ056818,Google Men's Watershed Full Zip Hoodie Grey,Apparel,1.0,44.0,6.0,Clicked,0.18,9/9/2019,2500.0,1749.21,9,SALE30,30.0,Men,True
24785,18223.0,M,Washington DC,44.0,37796.0,2019-09-09,GGOEGADC059316,Google Men's Airflow 1/4 Zip Pullover Lapis,Apparel,1.0,28.0,6.0,Clicked,0.18,9/9/2019,2500.0,1749.21,9,SALE30,30.0,Men,True
24790,15316.0,F,California,28.0,37763.0,2019-09-09,GGOEGAPJ058016,Google Women's 1/4 Zip Jacket Charcoal,Apparel,1.0,44.0,6.0,Clicked,0.18,9/9/2019,2500.0,1749.21,9,SALE30,30.0,Women,True
24791,12673.0,M,California,4.0,37763.0,2019-09-09,GGOEGATC060316,Google Women's 1/4 Zip Performance Pullover Two-Tone Blue,Apparel,1.0,26.0,6.0,Clicked,0.18,9/9/2019,2500.0,1749.21,9,SALE30,30.0,Women,True
24792,12673.0,M,California,4.0,37763.0,2019-09-09,GGOEGATH060716,Google Women's Convertible Vest-Jacket Sea Foam Green,Apparel,1.0,23.76,6.0,Used,0.18,9/9/2019,2500.0,1749.21,9,SALE30,30.0,Women,True
24793,12673.0,M,California,4.0,37763.0,2019-09-09,GGOEGATJ060515,Google Women's Quilted Insulated Vest White,Apparel,1.0,30.0,6.0,Used,0.18,9/9/2019,2500.0,1749.21,9,SALE30,30.0,Women,True
24800,15296.0,M,California,40.0,37796.0,2019-09-09,GGOEGATC060316,Google Women's 1/4 Zip Performance Pullover Two-Tone Blue,Apparel,1.0,26.0,6.0,Not Used,0.18,9/9/2019,2500.0,1749.21,9,SALE30,30.0,Women,True
24817,18041.0,M,Washington DC,30.0,38385.0,2019-09-18,GGOEGATJ060515,Google Women's Quilted Insulated Vest White,Apparel,1.0,30.0,6.0,Clicked,0.18,9/18/2019,2500.0,2297.87,9,SALE30,30.0,Women,True
24821,15023.0,F,Chicago,40.0,38358.0,2019-09-18,GGOEGADB056613,Men's Weatherblock Shell Jacket Black,Apparel,1.0,46.5,6.0,Clicked,0.18,9/18/2019,2500.0,2297.87,9,SALE30,30.0,Men,True
24822,15023.0,F,Chicago,40.0,38358.0,2019-09-18,GGOEGADB059613,Google Men's Quilted Insulated Vest Black,Apparel,1.0,52.49,6.0,Used,0.18,9/18/2019,2500.0,2297.87,9,SALE30,30.0,Men,True
24827,15023.0,F,Chicago,40.0,38362.0,2019-09-18,GGOEGADJ056818,Google Men's Watershed Full Zip Hoodie Grey,Apparel,1.0,44.0,6.0,Used,0.18,9/18/2019,2500.0,2297.87,9,SALE30,30.0,Men,True
24838,14415.0,M,New Jersey,47.0,38390.0,2019-09-18,GGOEGADC059517,Google Men's Microfiber 1/4 Zip Pullover Blue/Indigo,Apparel,1.0,37.49,6.0,Clicked,0.18,9/18/2019,2500.0,2297.87,9,SALE30,30.0,Men,True
24849,12510.0,F,California,25.0,38380.0,2019-09-18,GGOEGAPB057513,Women's Weatherblock Shell Jacket Black,Apparel,1.0,37.2,6.5,Clicked,0.18,9/18/2019,2500.0,2297.87,9,SALE30,30.0,Women,True
24853,13263.0,M,New Jersey,16.0,38414.0,2019-09-18,GGOEGATH060714,Google Women's Convertible Vest-Jacket Sea Foam Green,Apparel,1.0,29.7,6.0,Clicked,0.18,9/18/2019,2500.0,2297.87,9,SALE30,30.0,Women,True
24867,15738.0,M,New Jersey,16.0,38107.0,2019-09-13,GGOEGAFB035815,Google Men's  Zip Hoodie,Apparel,1.0,44.79,6.0,Not Used,0.18,9/13/2019,3000.0,1079.34,9,SALE30,30.0,Men,True
24870,15738.0,M,New Jersey,16.0,38107.0,2019-09-13,GGOEGATH060713,Google Women's Convertible Vest-Jacket Sea Foam Green,Apparel,1.0,23.76,6.0,Clicked,0.18,9/13/2019,3000.0,1079.34,9,SALE30,30.0,Women,True
24882,13089.0,F,New Jersey,25.0,38115.0,2019-09-13,GGOEAAFB035913,Android Men's  Zip Hoodie,Apparel,1.0,31.35,12.99,Used,0.18,9/13/2019,3000.0,1079.34,9,SALE30,30.0,Men,True
24933,14657.0,M,Chicago,2.0,38065.0,2019-09-13,GGOEGADB056616,Men's Weatherblock Shell Jacket Black,Apparel,1.0,37.2,6.0,Not Used,0.18,9/13/2019,3000.0,1079.34,9,SALE30,30.0,Men,True
24934,14657.0,M,Chicago,2.0,38065.0,2019-09-13,GGOEGADC059314,Google Men's Airflow 1/4 Zip Pullover Lapis,Apparel,4.0,28.0,6.0,Clicked,0.18,9/13/2019,3000.0,1079.34,9,SALE30,30.0,Men,True
24937,14657.0,M,Chicago,2.0,38065.0,2019-09-13,GGOEGAPC058814,Google Women's Shell Jacket Blue/Black,Apparel,1.0,22.8,6.0,Not Used,0.18,9/13/2019,3000.0,1079.34,9,SALE30,30.0,Women,True
24938,14657.0,M,Chicago,2.0,38065.0,2019-09-13,GGOEGATC060313,Google Women's 1/4 Zip Performance Pullover Two-Tone Blue,Apparel,1.0,26.0,6.0,Used,0.18,9/13/2019,3000.0,1079.34,9,SALE30,30.0,Women,True
24939,14657.0,M,Chicago,2.0,38065.0,2019-09-13,GGOEGATH060713,Google Women's Convertible Vest-Jacket Sea Foam Green,Apparel,2.0,23.76,6.0,Used,0.18,9/13/2019,3000.0,1079.34,9,SALE30,30.0,Women,True
24940,14657.0,M,Chicago,2.0,38065.0,2019-09-13,GGOEGATH060714,Google Women's Convertible Vest-Jacket Sea Foam Green,Apparel,1.0,23.76,6.0,Used,0.18,9/13/2019,3000.0,1079.34,9,SALE30,30.0,Women,True
24944,14657.0,M,Chicago,2.0,38072.0,2019-09-13,GGOEGADC059316,Google Men's Airflow 1/4 Zip Pullover Lapis,Apparel,1.0,28.0,6.0,Not Used,0.18,9/13/2019,3000.0,1079.34,9,SALE30,30.0,Men,True
24945,14657.0,M,Chicago,2.0,38072.0,2019-09-13,GGOEGATC060313,Google Women's 1/4 Zip Performance Pullover Two-Tone Blue,Apparel,1.0,26.0,6.0,Used,0.18,9/13/2019,3000.0,1079.34,9,SALE30,30.0,Women,True
24948,14657.0,M,Chicago,2.0,38087.0,2019-09-13,GGOEGAPB057817,Women's Performance Full Zip Jacket Black,Apparel,1.0,83.99,6.0,Not Used,0.18,9/13/2019,3000.0,1079.34,9,SALE30,30.0,Women,True
24950,14657.0,M,Chicago,2.0,38090.0,2019-09-13,GGOEGAPC058814,Google Women's Shell Jacket Blue/Black,Apparel,1.0,22.8,6.0,Not Used,0.18,9/13/2019,3000.0,1079.34,9,SALE30,30.0,Women,True
24959,14657.0,M,Chicago,2.0,38096.0,2019-09-13,GGOEGADC059516,Google Men's Microfiber 1/4 Zip Pullover Blue/Indigo,Apparel,1.0,37.49,6.0,Clicked,0.18,9/13/2019,3000.0,1079.34,9,SALE30,30.0,Men,True
24988,15159.0,F,Chicago,29.0,37184.0,2019-09-01,GGOEGAFB035815,Google Men's  Zip Hoodie,Apparel,1.0,44.79,6.0,Used,0.18,9/1/2019,3000.0,2424.97,9,SALE30,30.0,Men,True
24990,15159.0,F,Chicago,29.0,37184.0,2019-09-01,GGOEGAPB057817,Women's Performance Full Zip Jacket Black,Apparel,1.0,67.19,6.0,Clicked,0.18,9/1/2019,3000.0,2424.97,9,SALE30,30.0,Women,True
24991,15159.0,F,Chicago,29.0,37184.0,2019-09-01,GGOEGAPB058617,Google Women's Yoga Jacket Black,Apparel,1.0,42.0,6.0,Clicked,0.18,9/1/2019,3000.0,2424.97,9,SALE30,30.0,Women,True
25005,15033.0,M,Chicago,10.0,37185.0,2019-09-01,GGOEAAFB035913,Android Men's  Zip Hoodie,Apparel,1.0,31.35,43.31,Clicked,0.18,9/1/2019,3000.0,2424.97,9,SALE30,30.0,Men,True
25007,15033.0,M,Chicago,10.0,37185.0,2019-09-01,GGOEGADJ057116,Google Men's Performance 1/4 Zip Pullover Heather/Black,Apparel,1.0,26.4,43.31,Not Used,0.18,9/1/2019,3000.0,2424.97,9,SALE30,30.0,Men,True
25008,15033.0,M,Chicago,10.0,37185.0,2019-09-01,GGOEYAFB073113,YouTube Men's Fleece Hoodie Black,Apparel,2.0,31.35,43.31,Clicked,0.18,9/1/2019,3000.0,2424.97,9,SALE30,30.0,Men,True
25009,15033.0,M,Chicago,10.0,37186.0,2019-09-01,GGOEGADB056613,Men's Weatherblock Shell Jacket Black,Apparel,1.0,37.2,6.0,Not Used,0.18,9/1/2019,3000.0,2424.97,9,SALE30,30.0,Men,True
25013,15033.0,M,Chicago,10.0,37189.0,2019-09-01,GGOEGAFB035814,Google Men's  Zip Hoodie,Apparel,1.0,44.79,6.0,Clicked,0.18,9/1/2019,3000.0,2424.97,9,SALE30,30.0,Men,True
25025,14329.0,F,California,22.0,37211.0,2019-09-01,GGOEGAFB035814,Google Men's  Zip Hoodie,Apparel,1.0,44.79,6.0,Clicked,0.18,9/1/2019,3000.0,2424.97,9,SALE30,30.0,Men,True
25056,15023.0,F,Chicago,40.0,38337.0,2019-09-17,GGOEGAPB058213,Google Women's Lightweight Microfleece Jacket,Apparel,1.0,41.99,6.0,Clicked,0.18,9/17/2019,2500.0,2787.02,9,SALE30,30.0,Women,True
25057,15023.0,F,Chicago,40.0,38337.0,2019-09-17,GGOEGAPB058613,Google Women's Yoga Jacket Black,Apparel,1.0,42.0,6.0,Used,0.18,9/17/2019,2500.0,2787.02,9,SALE30,30.0,Women,True
25068,12779.0,F,California,28.0,37664.0,2019-09-07,GGOEGADB056613,Men's Weatherblock Shell Jacket Black,Apparel,1.0,46.5,6.0,Used,0.18,9/7/2019,2500.0,2504.83,9,SALE30,30.0,Men,True
25069,12779.0,F,California,28.0,37664.0,2019-09-07,GGOEGADB059613,Google Men's Quilted Insulated Vest Black,Apparel,1.0,52.49,6.0,Clicked,0.18,9/7/2019,2500.0,2504.83,9,SALE30,30.0,Men,True
25074,12779.0,F,California,28.0,37669.0,2019-09-07,GGOEGATJ060515,Google Women's Quilted Insulated Vest White,Apparel,1.0,37.49,6.0,Clicked,0.18,9/7/2019,2500.0,2504.83,9,SALE30,30.0,Women,True
25089,12872.0,M,New Jersey,20.0,37684.0,2019-09-07,GGOEGAFB035815,Google Men's  Zip Hoodie,Apparel,1.0,55.99,6.0,Clicked,0.18,9/7/2019,2500.0,2504.83,9,SALE30,30.0,Men,True
25097,17064.0,M,Chicago,7.0,37600.0,2019-09-07,GGOEGAFB035814,Google Men's  Zip Hoodie,Apparel,20.0,44.79,15.37,Clicked,0.18,9/7/2019,2500.0,2504.83,9,SALE30,30.0,Men,True
25100,17064.0,M,Chicago,7.0,37601.0,2019-09-07,GGOEGAFB035817,Google Men's  Zip Hoodie,Apparel,1.0,55.99,6.0,Used,0.18,9/7/2019,2500.0,2504.83,9,SALE30,30.0,Men,True
25103,17064.0,M,Chicago,7.0,37604.0,2019-09-07,GGOEGAFB035815,Google Men's  Zip Hoodie,Apparel,4.0,44.79,45.93,Used,0.18,9/7/2019,2500.0,2504.83,9,SALE30,30.0,Men,True
25106,17609.0,M,New York,21.0,37609.0,2019-09-07,GGOEGADB056616,Men's Weatherblock Shell Jacket Black,Apparel,3.0,37.2,14.25,Used,0.18,9/7/2019,2500.0,2504.83,9,SALE30,30.0,Men,True
25107,17609.0,M,New York,21.0,37609.0,2019-09-07,GGOEGAPB058614,Google Women's Yoga Jacket Black,Apparel,2.0,42.0,14.25,Clicked,0.18,9/7/2019,2500.0,2504.83,9,SALE30,30.0,Women,True
25108,17609.0,M,New York,21.0,37609.0,2019-09-07,GGOEGATC060313,Google Women's 1/4 Zip Performance Pullover Two-Tone Blue,Apparel,2.0,26.0,14.25,Used,0.18,9/7/2019,2500.0,2504.83,9,SALE30,30.0,Women,True
25109,17609.0,M,New York,21.0,37609.0,2019-09-07,GGOEGATC060315,Google Women's 1/4 Zip Performance Pullover Two-Tone Blue,Apparel,4.0,26.0,14.25,Clicked,0.18,9/7/2019,2500.0,2504.83,9,SALE30,30.0,Women,True
25112,17609.0,M,New York,21.0,37621.0,2019-09-07,GGOEGADC059314,Google Men's Airflow 1/4 Zip Pullover Lapis,Apparel,1.0,28.0,6.0,Used,0.18,9/7/2019,2500.0,2504.83,9,SALE30,30.0,Men,True
25118,17609.0,M,New York,21.0,37625.0,2019-09-07,GGOEGAFB035815,Google Men's  Zip Hoodie,Apparel,1.0,55.99,12.99,Not Used,0.18,9/7/2019,2500.0,2504.83,9,SALE30,30.0,Men,True
25129,17609.0,M,New York,21.0,37639.0,2019-09-07,GGOEGAPB058213,Google Women's Lightweight Microfleece Jacket,Apparel,1.0,41.99,6.5,Clicked,0.18,9/7/2019,2500.0,2504.83,9,SALE30,30.0,Women,True
25131,15673.0,M,New York,24.0,37642.0,2019-09-07,GGOEGATJ060515,Google Women's Quilted Insulated Vest White,Apparel,1.0,30.0,6.0,Used,0.18,9/7/2019,2500.0,2504.83,9,SALE30,30.0,Women,True
25135,15673.0,M,New York,24.0,37648.0,2019-09-07,GGOEGAFB035814,Google Men's  Zip Hoodie,Apparel,1.0,44.79,6.0,Used,0.18,9/7/2019,2500.0,2504.83,9,SALE30,30.0,Men,True
25148,15673.0,M,New York,24.0,37652.0,2019-09-07,GGOEGATH060714,Google Women's Convertible Vest-Jacket Sea Foam Green,Apparel,1.0,29.7,6.0,Used,0.18,9/7/2019,2500.0,2504.83,9,SALE30,30.0,Women,True
25173,17787.0,M,California,8.0,39216.0,2019-09-27,GGOEGAPC058814,Google Women's Shell Jacket Blue/Black,Apparel,1.0,22.8,6.0,Used,0.18,9/27/2019,3000.0,1660.74,9,SALE30,30.0,Women,True
25178,15529.0,M,California,16.0,39179.0,2019-09-27,GGOEGADB056613,Men's Weatherblock Shell Jacket Black,Apparel,1.0,37.2,6.0,Clicked,0.18,9/27/2019,3000.0,1660.74,9,SALE30,30.0,Men,True
25179,15529.0,M,California,16.0,39179.0,2019-09-27,GGOEGADJ056813,Google Men's Watershed Full Zip Hoodie Grey,Apparel,1.0,44.0,6.0,Used,0.18,9/27/2019,3000.0,1660.74,9,SALE30,30.0,Men,True
25181,15529.0,M,California,16.0,39185.0,2019-09-27,GGOEGADC059516,Google Men's Microfiber 1/4 Zip Pullover Blue/Indigo,Apparel,1.0,30.0,12.99,Used,0.18,9/27/2019,3000.0,1660.74,9,SALE30,30.0,Men,True
25191,17418.0,M,Chicago,26.0,39129.0,2019-09-27,GGOEGADC059316,Google Men's Airflow 1/4 Zip Pullover Lapis,Apparel,1.0,28.0,12.99,Used,0.18,9/27/2019,3000.0,1660.74,9,SALE30,30.0,Men,True
25192,17418.0,M,Chicago,26.0,39129.0,2019-09-27,GGOEGATH060715,Google Women's Convertible Vest-Jacket Sea Foam Green,Apparel,1.0,23.76,12.99,Clicked,0.18,9/27/2019,3000.0,1660.74,9,SALE30,30.0,Women,True
25198,14779.0,M,Chicago,17.0,39135.0,2019-09-27,GGOEGAFB035817,Google Men's  Zip Hoodie,Apparel,10.0,55.99,6.0,Not Used,0.18,9/27/2019,3000.0,1660.74,9,SALE30,30.0,Men,True
25213,17954.0,F,New York,22.0,37288.0,2019-09-03,GGOEGAFB035815,Google Men's  Zip Hoodie,Apparel,1.0,44.79,6.0,Clicked,0.18,9/3/2019,2500.0,2006.42,9,SALE30,30.0,Men,True
25214,17954.0,F,New York,22.0,37288.0,2019-09-03,GGOEGAFJ036216,Google Men's Pullover Hoodie Grey,Apparel,1.0,29.11,6.0,Clicked,0.18,9/3/2019,2500.0,2006.42,9,SALE30,30.0,Men,True
25215,17954.0,F,New York,22.0,37288.0,2019-09-03,GGOEGAPJ058015,Google Women's 1/4 Zip Jacket Charcoal,Apparel,1.0,44.0,6.0,Used,0.18,9/3/2019,2500.0,2006.42,9,SALE30,30.0,Women,True
25237,17954.0,F,New York,22.0,37312.0,2019-09-03,GGOEGADJ056813,Google Men's Watershed Full Zip Hoodie Grey,Apparel,1.0,44.0,6.0,Used,0.18,9/3/2019,2500.0,2006.42,9,SALE30,30.0,Men,True
25241,12474.0,F,New York,17.0,37320.0,2019-09-03,GGOEGAFB035815,Google Men's  Zip Hoodie,Apparel,1.0,55.99,6.0,Clicked,0.18,9/3/2019,2500.0,2006.42,9,SALE30,30.0,Men,True
25245,18109.0,F,New York,9.0,38314.0,2019-09-16,GGOEGADB056613,Men's Weatherblock Shell Jacket Black,Apparel,1.0,37.2,6.0,Clicked,0.18,9/16/2019,3000.0,1514.85,9,SALE30,30.0,Men,True
25288,15854.0,M,New York,44.0,37350.0,2019-09-04,GGOEGADJ057117,Google Men's Performance 1/4 Zip Pullover Heather/Black,Apparel,1.0,26.4,6.0,Clicked,0.18,9/4/2019,2500.0,1255.01,9,SALE30,30.0,Men,True
25289,15854.0,M,New York,44.0,37350.0,2019-09-04,GGOEGATB060214,Google Women's 1/4 Zip Performance Pullover Black,Apparel,1.0,26.0,6.0,Clicked,0.18,9/4/2019,2500.0,1255.01,9,SALE30,30.0,Women,True
25298,16746.0,M,New York,16.0,37371.0,2019-09-04,GGOEGATB060214,Google Women's 1/4 Zip Performance Pullover Black,Apparel,1.0,26.0,6.5,Clicked,0.18,9/4/2019,2500.0,1255.01,9,SALE30,30.0,Women,True
25308,14085.0,F,New York,5.0,39353.0,2019-09-29,GGOEGADJ056818,Google Men's Watershed Full Zip Hoodie Grey,Apparel,1.0,44.0,6.0,Clicked,0.18,9/29/2019,3000.0,3713.1,9,SALE30,30.0,Men,True
25309,14085.0,F,New York,5.0,39353.0,2019-09-29,GGOEGADJ059718,Google Men's Quilted Insulated Vest Battleship Grey,Apparel,1.0,30.0,6.0,Used,0.18,9/29/2019,3000.0,3713.1,9,SALE30,30.0,Men,True
25320,15498.0,F,New York,14.0,39376.0,2019-09-29,GGOEGAPB058212,Google Women's Lightweight Microfleece Jacket,Apparel,1.0,41.99,6.0,Used,0.18,9/29/2019,3000.0,3713.1,9,SALE30,30.0,Women,True
25325,15498.0,F,New York,14.0,39390.0,2019-09-29,GGOEGAFJ036217,Google Men's Pullover Hoodie Grey,Apparel,1.0,29.11,6.0,Clicked,0.18,9/29/2019,3000.0,3713.1,9,SALE30,30.0,Men,True
25348,15498.0,F,New York,14.0,39399.0,2019-09-29,GGOEGATB060418,Google Women's Quilted Insulated Vest Black,Apparel,1.0,59.99,6.0,Used,0.18,9/29/2019,3000.0,3713.1,9,SALE30,30.0,Women,True
25350,15498.0,F,New York,14.0,39410.0,2019-09-29,GGOEGADC059316,Google Men's Airflow 1/4 Zip Pullover Lapis,Apparel,1.0,34.99,6.0,Clicked,0.18,9/29/2019,3000.0,3713.1,9,SALE30,30.0,Men,True
25369,17419.0,F,New York,48.0,38528.0,2019-09-20,GGOEGATH060713,Google Women's Convertible Vest-Jacket Sea Foam Green,Apparel,1.0,23.76,6.0,Clicked,0.18,9/20/2019,2500.0,1497.56,9,SALE30,30.0,Women,True
25378,14769.0,F,Chicago,26.0,38572.0,2019-09-20,GGOEGAPB058614,Google Women's Yoga Jacket Black,Apparel,1.0,42.0,6.0,Clicked,0.18,9/20/2019,2500.0,1497.56,9,SALE30,30.0,Women,True
25381,14769.0,F,Chicago,26.0,38586.0,2019-09-20,GGOEGAPB058216,Google Women's Lightweight Microfleece Jacket,Apparel,1.0,41.99,6.0,Used,0.18,9/20/2019,2500.0,1497.56,9,SALE30,30.0,Women,True
25383,14769.0,F,Chicago,26.0,38597.0,2019-09-20,GGOEGADJ057113,Google Men's Performance 1/4 Zip Pullover Heather/Black,Apparel,2.0,26.4,6.0,Used,0.18,9/20/2019,2500.0,1497.56,9,SALE30,30.0,Men,True
25388,12422.0,M,Chicago,50.0,38520.0,2019-09-20,GGOEGATH060714,Google Women's Convertible Vest-Jacket Sea Foam Green,Apparel,2.0,23.76,6.0,Clicked,0.18,9/20/2019,2500.0,1497.56,9,SALE30,30.0,Women,True
25393,17708.0,M,New York,44.0,38540.0,2019-09-20,GGOEGAFB035816,Google Men's  Zip Hoodie,Apparel,1.0,55.99,6.0,Clicked,0.18,9/20/2019,2500.0,1497.56,9,SALE30,30.0,Men,True
25404,15498.0,F,New York,14.0,39415.0,2019-09-30,GGOEGADJ056813,Google Men's Watershed Full Zip Hoodie Grey,Apparel,1.0,44.0,6.0,Used,0.18,9/30/2019,3000.0,1478.16,9,SALE30,30.0,Men,True
25416,15498.0,F,New York,14.0,39422.0,2019-09-30,GGOEGADB059618,Google Men's Quilted Insulated Vest Black,Apparel,1.0,41.99,6.0,Clicked,0.18,9/30/2019,3000.0,1478.16,9,SALE30,30.0,Men,True
25447,12451.0,M,Washington DC,49.0,38452.0,2019-09-19,GGOEGATH060713,Google Women's Convertible Vest-Jacket Sea Foam Green,Apparel,1.0,23.76,6.0,Clicked,0.18,9/19/2019,2500.0,1072.89,9,SALE30,30.0,Women,True
25448,12451.0,M,Washington DC,49.0,38454.0,2019-09-19,GGOEGAFB035815,Google Men's  Zip Hoodie,Apparel,1.0,44.79,6.0,Clicked,0.18,9/19/2019,2500.0,1072.89,9,SALE30,30.0,Men,True
25454,12451.0,M,Washington DC,49.0,38465.0,2019-09-19,GGOEGATC060313,Google Women's 1/4 Zip Performance Pullover Two-Tone Blue,Apparel,1.0,26.0,6.0,Clicked,0.18,9/19/2019,2500.0,1072.89,9,SALE30,30.0,Women,True
25457,12451.0,M,Washington DC,49.0,38470.0,2019-09-19,GGOEGAPB058213,Google Women's Lightweight Microfleece Jacket,Apparel,1.0,41.99,6.0,Clicked,0.18,9/19/2019,2500.0,1072.89,9,SALE30,30.0,Women,True
25458,12451.0,M,Washington DC,49.0,38471.0,2019-09-19,GGOEGATB060414,Google Women's Quilted Insulated Vest Black,Apparel,1.0,59.99,44.06,Used,0.18,9/19/2019,2500.0,1072.89,9,SALE30,30.0,Women,True
25461,12451.0,M,Washington DC,49.0,38477.0,2019-09-19,GGOEGAFB035815,Google Men's  Zip Hoodie,Apparel,3.0,44.79,21.19,Used,0.18,9/19/2019,2500.0,1072.89,9,SALE30,30.0,Men,True
25462,12451.0,M,Washington DC,49.0,38477.0,2019-09-19,GGOEGAPB058615,Google Women's Yoga Jacket Black,Apparel,1.0,42.0,21.19,Clicked,0.18,9/19/2019,2500.0,1072.89,9,SALE30,30.0,Women,True
25467,12451.0,M,Washington DC,49.0,38496.0,2019-09-19,GGOEGADC059316,Google Men's Airflow 1/4 Zip Pullover Lapis,Apparel,1.0,28.0,6.5,Used,0.18,9/19/2019,2500.0,1072.89,9,SALE30,30.0,Men,True
25475,12451.0,M,Washington DC,49.0,38505.0,2019-09-19,GGOEGADC059517,Google Men's Microfiber 1/4 Zip Pullover Blue/Indigo,Apparel,1.0,37.49,6.0,Used,0.18,9/19/2019,2500.0,1072.89,9,SALE30,30.0,Men,True
25477,12451.0,M,Washington DC,49.0,38512.0,2019-09-19,GGOEGADB056918,Google Men's Performance Full Zip Jacket Black,Apparel,1.0,48.0,6.0,Clicked,0.18,9/19/2019,2500.0,1072.89,9,SALE30,30.0,Men,True
25478,12451.0,M,Washington DC,49.0,38512.0,2019-09-19,GGOEGADJ056818,Google Men's Watershed Full Zip Hoodie Grey,Apparel,1.0,44.0,6.0,Used,0.18,9/19/2019,2500.0,1072.89,9,SALE30,30.0,Men,True
25491,12626.0,F,California,30.0,37703.0,2019-09-08,GGOEGADJ057116,Google Men's Performance 1/4 Zip Pullover Heather/Black,Apparel,1.0,26.4,6.0,Clicked,0.18,9/8/2019,2500.0,1362.1,9,SALE30,30.0,Men,True
25498,12626.0,F,California,30.0,37709.0,2019-09-08,GGOEGAFB035814,Google Men's  Zip Hoodie,Apparel,1.0,44.79,6.0,Used,0.18,9/8/2019,2500.0,1362.1,9,SALE30,30.0,Men,True
25503,14976.0,M,New Jersey,17.0,37714.0,2019-09-08,GGOEGAPB058615,Google Women's Yoga Jacket Black,Apparel,1.0,42.0,6.0,Used,0.18,9/8/2019,2500.0,1362.1,9,SALE30,30.0,Women,True
25509,14976.0,M,New Jersey,17.0,37722.0,2019-09-08,GGOEGAFB035817,Google Men's  Zip Hoodie,Apparel,1.0,44.79,6.5,Clicked,0.18,9/8/2019,2500.0,1362.1,9,SALE30,30.0,Men,True
25519,15696.0,M,Chicago,12.0,37741.0,2019-09-08,GGOEGAPB057813,Women's Performance Full Zip Jacket Black,Apparel,1.0,67.19,6.0,Used,0.18,9/8/2019,2500.0,1362.1,9,SALE30,30.0,Women,True
25524,15696.0,M,Chicago,12.0,37750.0,2019-09-08,GGOEGADC059313,Google Men's Airflow 1/4 Zip Pullover Lapis,Apparel,1.0,28.0,6.0,Used,0.18,9/8/2019,2500.0,1362.1,9,SALE30,30.0,Men,True
25533,15296.0,M,California,40.0,37812.0,2019-09-10,GGOEGAFB035817,Google Men's  Zip Hoodie,Apparel,1.0,44.79,6.0,Clicked,0.18,9/10/2019,3000.0,2441.62,9,SALE30,30.0,Men,True
25534,15296.0,M,California,40.0,37812.0,2019-09-10,GGOEGAFJ036217,Google Men's Pullover Hoodie Grey,Apparel,1.0,29.11,6.0,Clicked,0.18,9/10/2019,3000.0,2441.62,9,SALE30,30.0,Men,True
25535,15296.0,M,California,40.0,37818.0,2019-09-10,GGOEGAFB035817,Google Men's  Zip Hoodie,Apparel,1.0,44.79,19.99,Clicked,0.18,9/10/2019,3000.0,2441.62,9,SALE30,30.0,Men,True
25536,15296.0,M,California,40.0,37819.0,2019-09-10,GGOEGATH060713,Google Women's Convertible Vest-Jacket Sea Foam Green,Apparel,1.0,23.76,6.0,Not Used,0.18,9/10/2019,3000.0,2441.62,9,SALE30,30.0,Women,True
25542,15296.0,M,California,40.0,37825.0,2019-09-10,GGOEGAFB035817,Google Men's  Zip Hoodie,Apparel,1.0,44.79,6.0,Clicked,0.18,9/10/2019,3000.0,2441.62,9,SALE30,30.0,Men,True
25544,15296.0,M,California,40.0,37825.0,2019-09-10,GGOEGATB060214,Google Women's 1/4 Zip Performance Pullover Black,Apparel,1.0,26.0,6.0,Clicked,0.18,9/10/2019,3000.0,2441.62,9,SALE30,30.0,Women,True
25549,17988.0,F,Chicago,45.0,37836.0,2019-09-10,GGOEGAFB035815,Google Men's  Zip Hoodie,Apparel,1.0,44.79,6.0,Used,0.18,9/10/2019,3000.0,2441.62,9,SALE30,30.0,Men,True
28823,17239.0,F,California,28.0,44792.0,2019-11-27,GGOEGADJ057118,Google Men's Performance 1/4 Zip Pullover Heather/Black,Apparel,1.0,27.5,6.0,Clicked,0.18,11/27/2019,3000.0,2819.58,11,SALE20,20.0,Men,True
28827,14502.0,M,Chicago,22.0,44701.0,2019-11-27,GGOEGADJ057118,Google Men's Performance 1/4 Zip Pullover Heather/Black,Apparel,1.0,27.5,6.0,Used,0.18,11/27/2019,3000.0,2819.58,11,SALE20,20.0,Men,True
28854,15144.0,F,Chicago,35.0,45144.0,2019-11-29,GGOEGADJ057118,Google Men's Performance 1/4 Zip Pullover Heather/Black,Apparel,4.0,27.5,6.0,Used,0.18,11/29/2019,3000.0,4556.93,11,SALE20,20.0,Men,True
28862,16725.0,F,Chicago,48.0,43488.0,2019-11-15,GGOEGAPC058812,Google Women's Shell Jacket Blue/Black,Apparel,1.0,19.0,6.0,Clicked,0.18,11/15/2019,4000.0,737.08,11,SALE20,20.0,Women,True
28863,16725.0,F,Chicago,48.0,43488.0,2019-11-15,GGOEGATJ060515,Google Women's Quilted Insulated Vest White,Apparel,1.0,15.0,6.0,Clicked,0.18,11/15/2019,4000.0,737.08,11,SALE20,20.0,Women,True
28864,16923.0,F,New York,23.0,43492.0,2019-11-15,GGOEGADJ057118,Google Men's Performance 1/4 Zip Pullover Heather/Black,Apparel,3.0,27.5,6.0,Clicked,0.18,11/15/2019,4000.0,737.08,11,SALE20,20.0,Men,True
28870,13280.0,F,California,43.0,43459.0,2019-11-15,GGOEGADB059618,Google Men's Quilted Insulated Vest Black,Apparel,1.0,18.75,6.0,Clicked,0.18,11/15/2019,4000.0,737.08,11,SALE20,20.0,Men,True
28885,15079.0,F,California,45.0,43989.0,2019-11-20,GGOEGATH060714,Google Women's Convertible Vest-Jacket Sea Foam Green,Apparel,1.0,23.76,6.0,Clicked,0.18,11/20/2019,2500.0,1893.03,11,SALE20,20.0,Women,True
28908,12709.0,M,Washington DC,36.0,42907.0,2019-11-08,GGOEGADB059618,Google Men's Quilted Insulated Vest Black,Apparel,1.0,18.75,6.0,Used,0.18,11/8/2019,3500.0,2087.49,11,SALE20,20.0,Men,True
28909,16700.0,M,New York,7.0,42951.0,2019-11-08,GGOEGADB059618,Google Men's Quilted Insulated Vest Black,Apparel,1.0,15.0,6.0,Used,0.18,11/8/2019,3500.0,2087.49,11,SALE20,20.0,Men,True
28910,16700.0,M,New York,7.0,42951.0,2019-11-08,GGOEGADJ059718,Google Men's Quilted Insulated Vest Battleship Grey,Apparel,1.0,15.0,6.0,Used,0.18,11/8/2019,3500.0,2087.49,11,SALE20,20.0,Men,True
28913,12539.0,M,Chicago,13.0,42862.0,2019-11-08,GGOEGAPC058812,Google Women's Shell Jacket Blue/Black,Apparel,1.0,19.0,6.0,Used,0.18,11/8/2019,3500.0,2087.49,11,SALE20,20.0,Women,True
28915,12539.0,M,Chicago,13.0,42864.0,2019-11-08,GGOEGADJ057118,Google Men's Performance 1/4 Zip Pullover Heather/Black,Apparel,1.0,27.5,6.0,Not Used,0.18,11/8/2019,3500.0,2087.49,11,SALE20,20.0,Men,True
28916,15910.0,F,California,8.0,42870.0,2019-11-08,GGOEGADB056718,Men's Softshell Jacket Black/Grey,Apparel,1.0,24.75,6.0,Used,0.18,11/8/2019,3500.0,2087.49,11,SALE20,20.0,Men,True
28917,15910.0,F,California,8.0,42870.0,2019-11-08,GGOEGADB059618,Google Men's Quilted Insulated Vest Black,Apparel,1.0,18.75,6.0,Used,0.18,11/8/2019,3500.0,2087.49,11,SALE20,20.0,Men,True
28918,15910.0,F,California,8.0,42870.0,2019-11-08,GGOEGADJ057118,Google Men's Performance 1/4 Zip Pullover Heather/Black,Apparel,1.0,27.5,6.0,Clicked,0.18,11/8/2019,3500.0,2087.49,11,SALE20,20.0,Men,True
28921,15910.0,F,California,8.0,42875.0,2019-11-08,GGOEGAPC058812,Google Women's Shell Jacket Blue/Black,Apparel,1.0,23.75,6.0,Not Used,0.18,11/8/2019,3500.0,2087.49,11,SALE20,20.0,Women,True
28972,13694.0,F,California,44.0,43788.0,2019-11-18,GGOEGADB059618,Google Men's Quilted Insulated Vest Black,Apparel,1.0,15.0,6.0,Used,0.18,11/18/2019,4000.0,2825.78,11,SALE20,20.0,Men,True
28979,17841.0,M,California,21.0,42483.0,2019-11-03,GGOEGADB056718,Men's Softshell Jacket Black/Grey,Apparel,1.0,24.75,6.0,Clicked,0.18,11/3/2019,2000.0,2294.09,11,SALE20,20.0,Men,True
28980,17841.0,M,California,21.0,42483.0,2019-11-03,GGOEGADB057318,Google Men's Lightweight Microfleece Jacket Black,Apparel,1.0,18.75,6.0,Clicked,0.18,11/3/2019,2000.0,2294.09,11,SALE20,20.0,Men,True
28981,17841.0,M,California,21.0,42483.0,2019-11-03,GGOEGADJ059718,Google Men's Quilted Insulated Vest Battleship Grey,Apparel,1.0,18.75,6.0,Used,0.18,11/3/2019,2000.0,2294.09,11,SALE20,20.0,Men,True
28988,15867.0,M,New York,11.0,42543.0,2019-11-03,GGOEGADB056718,Men's Softshell Jacket Black/Grey,Apparel,2.0,24.75,6.0,Used,0.18,11/3/2019,2000.0,2294.09,11,SALE20,20.0,Men,True
28992,15867.0,M,New York,11.0,42543.0,2019-11-03,GGOEGAPB057615,Google Women's Softshell Jacket Black/Grey,Apparel,2.0,27.0,6.0,Clicked,0.18,11/3/2019,2000.0,2294.09,11,SALE20,20.0,Women,True
28993,15867.0,M,New York,11.0,42543.0,2019-11-03,GGOEGAQB036017,Google Women's Fleece Hoodie,Apparel,2.0,14.0,6.0,Clicked,0.18,11/3/2019,2000.0,2294.09,11,SALE20,20.0,Women,True
29008,13098.0,F,California,5.0,42494.0,2019-11-03,GGOEGADJ059718,Google Men's Quilted Insulated Vest Battleship Grey,Apparel,1.0,18.75,6.0,Used,0.18,11/3/2019,2000.0,2294.09,11,SALE20,20.0,Men,True
29010,16409.0,F,Chicago,45.0,42474.0,2019-11-03,GGOEGADC059317,Google Men's Airflow 1/4 Zip Pullover Lapis,Apparel,1.0,14.0,6.0,Clicked,0.18,11/3/2019,2000.0,2294.09,11,SALE20,20.0,Men,True
29011,16409.0,F,Chicago,45.0,42474.0,2019-11-03,GGOEGADC059517,Google Men's Microfiber 1/4 Zip Pullover Blue/Indigo,Apparel,1.0,15.0,6.0,Clicked,0.18,11/3/2019,2000.0,2294.09,11,SALE20,20.0,Men,True
29023,12997.0,F,California,45.0,42507.0,2019-11-03,GGOEGADB057318,Google Men's Lightweight Microfleece Jacket Black,Apparel,4.0,15.0,12.91,Used,0.18,11/3/2019,2000.0,2294.09,11,SALE20,20.0,Men,True
29024,12997.0,F,California,45.0,42507.0,2019-11-03,GGOEGAQB036017,Google Women's Fleece Hoodie,Apparel,4.0,11.2,12.91,Not Used,0.18,11/3/2019,2000.0,2294.09,11,SALE20,20.0,Women,True
29028,16918.0,M,Washington DC,47.0,42547.0,2019-11-03,GGOEGADB059618,Google Men's Quilted Insulated Vest Black,Apparel,1.0,15.0,6.0,Used,0.18,11/3/2019,2000.0,2294.09,11,SALE20,20.0,Men,True
29029,16918.0,M,Washington DC,47.0,42547.0,2019-11-03,GGOEGADJ059718,Google Men's Quilted Insulated Vest Battleship Grey,Apparel,1.0,15.0,6.0,Clicked,0.18,11/3/2019,2000.0,2294.09,11,SALE20,20.0,Men,True
29033,12868.0,F,California,8.0,43216.0,2019-11-12,GGOEGADB059618,Google Men's Quilted Insulated Vest Black,Apparel,1.0,15.0,6.0,Used,0.18,11/12/2019,4000.0,3390.82,11,SALE20,20.0,Men,True
29037,17540.0,F,New York,37.0,43211.0,2019-11-12,GGOEGADB059618,Google Men's Quilted Insulated Vest Black,Apparel,1.0,18.75,6.0,Used,0.18,11/12/2019,4000.0,3390.82,11,SALE20,20.0,Men,True
29038,17540.0,F,New York,37.0,43211.0,2019-11-12,GGOEGADJ057118,Google Men's Performance 1/4 Zip Pullover Heather/Black,Apparel,1.0,27.5,6.0,Used,0.18,11/12/2019,4000.0,3390.82,11,SALE20,20.0,Men,True
29039,17540.0,F,New York,37.0,43211.0,2019-11-12,GGOEGADJ059718,Google Men's Quilted Insulated Vest Battleship Grey,Apparel,1.0,18.75,6.0,Clicked,0.18,11/12/2019,4000.0,3390.82,11,SALE20,20.0,Men,True
29040,14239.0,F,California,46.0,43212.0,2019-11-12,GGOEGADB059618,Google Men's Quilted Insulated Vest Black,Apparel,1.0,18.75,6.0,Not Used,0.18,11/12/2019,4000.0,3390.82,11,SALE20,20.0,Men,True
29041,14239.0,F,California,46.0,43212.0,2019-11-12,GGOEGADJ059718,Google Men's Quilted Insulated Vest Battleship Grey,Apparel,1.0,18.75,6.0,Clicked,0.18,11/12/2019,4000.0,3390.82,11,SALE20,20.0,Men,True
29048,18125.0,F,Chicago,3.0,43235.0,2019-11-12,GGOEGADJ057118,Google Men's Performance 1/4 Zip Pullover Heather/Black,Apparel,1.0,22.0,6.0,Clicked,0.18,11/12/2019,4000.0,3390.82,11,SALE20,20.0,Men,True
29053,18125.0,F,Chicago,3.0,43244.0,2019-11-12,GGOEGADJ057118,Google Men's Performance 1/4 Zip Pullover Heather/Black,Apparel,1.0,27.5,6.0,Used,0.18,11/12/2019,4000.0,3390.82,11,SALE20,20.0,Men,True
29057,18125.0,F,Chicago,3.0,43244.0,2019-11-12,GGOEGAPC058812,Google Women's Shell Jacket Blue/Black,Apparel,2.0,23.75,6.0,Not Used,0.18,11/12/2019,4000.0,3390.82,11,SALE20,20.0,Women,True
29058,18125.0,F,Chicago,3.0,43244.0,2019-11-12,GGOEGATH060717,Google Women's Convertible Vest-Jacket Sea Foam Green,Apparel,2.0,24.75,6.0,Clicked,0.18,11/12/2019,4000.0,3390.82,11,SALE20,20.0,Women,True
29085,15708.0,F,Chicago,49.0,44580.0,2019-11-25,GGOEGADJ057118,Google Men's Performance 1/4 Zip Pullover Heather/Black,Apparel,1.0,22.0,6.5,Used,0.18,11/25/2019,2500.0,2643.59,11,SALE20,20.0,Men,True
29092,17431.0,M,Chicago,7.0,44540.0,2019-11-25,GGOEGADJ057118,Google Men's Performance 1/4 Zip Pullover Heather/Black,Apparel,1.0,27.5,6.0,Not Used,0.18,11/25/2019,2500.0,2643.59,11,SALE20,20.0,Men,True
29100,13777.0,F,California,7.0,43046.0,2019-11-09,GGOEGADB059618,Google Men's Quilted Insulated Vest Black,Apparel,1.0,18.75,6.0,Used,0.18,11/9/2019,3500.0,2926.69,11,SALE20,20.0,Men,True
29101,13777.0,F,California,7.0,43046.0,2019-11-09,GGOEGADJ057118,Google Men's Performance 1/4 Zip Pullover Heather/Black,Apparel,1.0,27.5,6.0,Clicked,0.18,11/9/2019,3500.0,2926.69,11,SALE20,20.0,Men,True
29103,16700.0,M,New York,7.0,42963.0,2019-11-09,GGOEGADB059618,Google Men's Quilted Insulated Vest Black,Apparel,1.0,18.75,6.0,Clicked,0.18,11/9/2019,3500.0,2926.69,11,SALE20,20.0,Men,True
29126,12645.0,F,New Jersey,50.0,43055.0,2019-11-10,GGOEGAPC058812,Google Women's Shell Jacket Blue/Black,Apparel,2.0,19.0,6.0,Used,0.18,11/10/2019,3500.0,2431.73,11,SALE20,20.0,Women,True
29142,12626.0,F,California,30.0,43157.0,2019-11-11,GGOEGAPC058812,Google Women's Shell Jacket Blue/Black,Apparel,1.0,19.0,6.0,Clicked,0.18,11/11/2019,3500.0,2643.34,11,SALE20,20.0,Women,True
29143,15696.0,M,Chicago,12.0,43129.0,2019-11-11,GGOEGADB059618,Google Men's Quilted Insulated Vest Black,Apparel,1.0,18.75,6.0,Used,0.18,11/11/2019,3500.0,2643.34,11,SALE20,20.0,Men,True
29146,15601.0,F,Chicago,46.0,43422.0,2019-11-14,GGOEGADJ057118,Google Men's Performance 1/4 Zip Pullover Heather/Black,Apparel,1.0,22.0,12.99,Clicked,0.18,11/14/2019,4000.0,855.19,11,SALE20,20.0,Men,True
29150,17757.0,F,New York,45.0,43412.0,2019-11-14,GGOEGAPC058812,Google Women's Shell Jacket Blue/Black,Apparel,1.0,19.0,6.0,Used,0.18,11/14/2019,4000.0,855.19,11,SALE20,20.0,Women,True
29152,14541.0,F,California,24.0,43377.0,2019-11-14,GGOEGADB059618,Google Men's Quilted Insulated Vest Black,Apparel,1.0,15.0,6.0,Used,0.18,11/14/2019,4000.0,855.19,11,SALE20,20.0,Men,True
29161,16124.0,F,New York,34.0,43405.0,2019-11-14,GGOEGADJ057114,Google Men's Performance 1/4 Zip Pullover Heather/Black,Apparel,1.0,26.4,6.0,Clicked,0.18,11/14/2019,4000.0,855.19,11,SALE20,20.0,Men,True
29164,15549.0,F,Chicago,5.0,43363.0,2019-11-14,GGOEGATH060717,Google Women's Convertible Vest-Jacket Sea Foam Green,Apparel,1.0,24.75,6.0,Used,0.18,11/14/2019,4000.0,855.19,11,SALE20,20.0,Women,True
29185,18245.0,F,Washington DC,5.0,44987.0,2019-11-28,GGOEGADJ057118,Google Men's Performance 1/4 Zip Pullover Heather/Black,Apparel,1.0,27.5,6.0,Used,0.18,11/28/2019,3000.0,1375.26,11,SALE20,20.0,Men,True
29208,14702.0,F,New York,50.0,43576.0,2019-11-16,GGOEGADJ057118,Google Men's Performance 1/4 Zip Pullover Heather/Black,Apparel,1.0,22.0,6.0,Used,0.18,11/16/2019,4000.0,2716.48,11,SALE20,20.0,Men,True
29209,17404.0,F,New Jersey,11.0,43651.0,2019-11-16,GGOEGATH060717,Google Women's Convertible Vest-Jacket Sea Foam Green,Apparel,1.0,24.75,6.0,Used,0.18,11/16/2019,4000.0,2716.48,11,SALE20,20.0,Women,True
29244,13148.0,M,New York,16.0,44376.0,2019-11-24,GGOEGADJ057118,Google Men's Performance 1/4 Zip Pullover Heather/Black,Apparel,1.0,27.5,6.0,Clicked,0.18,11/24/2019,2500.0,3875.08,11,SALE20,20.0,Men,True
29276,16897.0,M,New Jersey,49.0,44264.0,2019-11-22,GGOEGADJ057118,Google Men's Performance 1/4 Zip Pullover Heather/Black,Apparel,1.0,27.5,6.0,Clicked,0.18,11/22/2019,2500.0,2071.31,11,SALE20,20.0,Men,True
29293,16327.0,M,California,44.0,43761.0,2019-11-17,GGOEGADB059618,Google Men's Quilted Insulated Vest Black,Apparel,1.0,15.0,6.0,Clicked,0.18,11/17/2019,4000.0,2964.3,11,SALE20,20.0,Men,True
29297,16327.0,M,California,44.0,43761.0,2019-11-17,GGOEGATH060717,Google Women's Convertible Vest-Jacket Sea Foam Green,Apparel,1.0,19.8,6.0,Used,0.18,11/17/2019,4000.0,2964.3,11,SALE20,20.0,Women,True
29298,12726.0,M,Chicago,25.0,43706.0,2019-11-17,GGOEGADB059618,Google Men's Quilted Insulated Vest Black,Apparel,1.0,15.0,6.0,Used,0.18,11/17/2019,4000.0,2964.3,11,SALE20,20.0,Men,True
29302,13330.0,F,New York,47.0,43684.0,2019-11-17,GGOEGADB059618,Google Men's Quilted Insulated Vest Black,Apparel,2.0,18.75,6.0,Clicked,0.18,11/17/2019,4000.0,2964.3,11,SALE20,20.0,Men,True
29305,12853.0,M,New York,11.0,43693.0,2019-11-17,GGOEGADB059618,Google Men's Quilted Insulated Vest Black,Apparel,1.0,18.75,6.0,Clicked,0.18,11/17/2019,4000.0,2964.3,11,SALE20,20.0,Men,True
29329,17965.0,F,Chicago,7.0,43851.0,2019-11-19,GGOEGADB059618,Google Men's Quilted Insulated Vest Black,Apparel,1.0,18.75,6.0,Clicked,0.18,11/19/2019,2500.0,1915.27,11,SALE20,20.0,Men,True
29330,17965.0,F,Chicago,7.0,43851.0,2019-11-19,GGOEGADJ057118,Google Men's Performance 1/4 Zip Pullover Heather/Black,Apparel,1.0,27.5,6.0,Used,0.18,11/19/2019,2500.0,1915.27,11,SALE20,20.0,Men,True
29333,17188.0,M,Chicago,8.0,43888.0,2019-11-19,GGOEGADJ057118,Google Men's Performance 1/4 Zip Pullover Heather/Black,Apparel,1.0,22.0,6.0,Clicked,0.18,11/19/2019,2500.0,1915.27,11,SALE20,20.0,Men,True
29339,14659.0,F,New York,42.0,43859.0,2019-11-19,GGOEGADJ057118,Google Men's Performance 1/4 Zip Pullover Heather/Black,Apparel,1.0,22.0,6.0,Used,0.18,11/19/2019,2500.0,1915.27,11,SALE20,20.0,Men,True
29344,14659.0,F,New York,42.0,43869.0,2019-11-19,GGOEGADB059618,Google Men's Quilted Insulated Vest Black,Apparel,2.0,15.0,6.5,Clicked,0.18,11/19/2019,2500.0,1915.27,11,SALE20,20.0,Men,True
29347,14659.0,F,New York,42.0,43876.0,2019-11-19,GGOEGATH060717,Google Women's Convertible Vest-Jacket Sea Foam Green,Apparel,1.0,19.8,6.0,Not Used,0.18,11/19/2019,2500.0,1915.27,11,SALE20,20.0,Women,True
29355,13174.0,M,Chicago,25.0,43327.0,2019-11-13,GGOEGAPC058812,Google Women's Shell Jacket Blue/Black,Apparel,1.0,23.75,6.0,Clicked,0.18,11/13/2019,4000.0,2400.95,11,SALE20,20.0,Women,True
29356,18125.0,F,Chicago,3.0,43264.0,2019-11-13,GGOEGADB059618,Google Men's Quilted Insulated Vest Black,Apparel,1.0,15.0,6.0,Used,0.18,11/13/2019,4000.0,2400.95,11,SALE20,20.0,Men,True
29365,16714.0,M,New Jersey,38.0,42269.0,2019-11-01,GGOEAAFB035917,Android Men's  Zip Hoodie,Apparel,1.0,11.2,6.0,Used,0.18,11/1/2019,2000.0,1224.01,11,SALE20,20.0,Men,True
29376,16714.0,M,New Jersey,38.0,42269.0,2019-11-01,GGOEYAQB073217,YouTube Women's Fleece Hoodie Black,Apparel,1.0,11.2,6.0,Clicked,0.18,11/1/2019,2000.0,1224.01,11,SALE20,20.0,Women,True
29379,16714.0,M,New Jersey,38.0,42276.0,2019-11-01,GGOEGAPB058217,Google Women's Lightweight Microfleece Jacket,Apparel,1.0,15.0,6.0,Clicked,0.18,11/1/2019,2000.0,1224.01,11,SALE20,20.0,Women,True
29380,16714.0,M,New Jersey,38.0,42276.0,2019-11-01,GGOEYAQB073217,YouTube Women's Fleece Hoodie Black,Apparel,2.0,11.2,6.0,Not Used,0.18,11/1/2019,2000.0,1224.01,11,SALE20,20.0,Women,True
29381,16714.0,M,New Jersey,38.0,42278.0,2019-11-01,GGOEAAFB035917,Android Men's  Zip Hoodie,Apparel,1.0,11.2,6.0,Used,0.18,11/1/2019,2000.0,1224.01,11,SALE20,20.0,Men,True
29384,16714.0,M,New Jersey,38.0,42294.0,2019-11-01,GGOEAAFB035917,Android Men's  Zip Hoodie,Apparel,1.0,14.0,6.0,Used,0.18,11/1/2019,2000.0,1224.01,11,SALE20,20.0,Men,True
29385,16714.0,M,New Jersey,38.0,42294.0,2019-11-01,GGOEGADB057318,Google Men's Lightweight Microfleece Jacket Black,Apparel,1.0,18.75,6.0,Clicked,0.18,11/1/2019,2000.0,1224.01,11,SALE20,20.0,Men,True
29392,16714.0,M,New Jersey,38.0,42296.0,2019-11-01,GGOEGAPB058616,Google Women's Yoga Jacket Black,Apparel,1.0,21.0,6.0,Used,0.18,11/1/2019,2000.0,1224.01,11,SALE20,20.0,Women,True
29395,16714.0,M,New Jersey,38.0,42305.0,2019-11-01,GGOEAAFB035917,Android Men's  Zip Hoodie,Apparel,1.0,14.0,6.0,Used,0.18,11/1/2019,2000.0,1224.01,11,SALE20,20.0,Men,True
29396,16714.0,M,New Jersey,38.0,42317.0,2019-11-01,GGOEAAFB035917,Android Men's  Zip Hoodie,Apparel,1.0,14.0,6.0,Clicked,0.18,11/1/2019,2000.0,1224.01,11,SALE20,20.0,Men,True
29397,16714.0,M,New Jersey,38.0,42317.0,2019-11-01,GGOEGAPB058616,Google Women's Yoga Jacket Black,Apparel,1.0,26.25,6.0,Clicked,0.18,11/1/2019,2000.0,1224.01,11,SALE20,20.0,Women,True
29398,16714.0,M,New Jersey,38.0,42322.0,2019-11-01,GGOEGADC059517,Google Men's Microfiber 1/4 Zip Pullover Blue/Indigo,Apparel,1.0,18.75,6.0,Clicked,0.18,11/1/2019,2000.0,1224.01,11,SALE20,20.0,Men,True
29399,16714.0,M,New Jersey,38.0,42322.0,2019-11-01,GGOEGAPC058812,Google Women's Shell Jacket Blue/Black,Apparel,1.0,23.75,6.0,Clicked,0.18,11/1/2019,2000.0,1224.01,11,SALE20,20.0,Women,True
29401,16714.0,M,New Jersey,38.0,42336.0,2019-11-01,GGOEGATH060716,Google Women's Convertible Vest-Jacket Sea Foam Green,Apparel,1.0,19.8,6.0,Not Used,0.18,11/1/2019,2000.0,1224.01,11,SALE20,20.0,Women,True
29408,17027.0,F,California,32.0,42358.0,2019-11-01,GGOEGAQB036017,Google Women's Fleece Hoodie,Apparel,1.0,11.2,6.0,Clicked,0.18,11/1/2019,2000.0,1224.01,11,SALE20,20.0,Women,True
29413,17027.0,F,California,32.0,42361.0,2019-11-01,GGOEGADB059618,Google Men's Quilted Insulated Vest Black,Apparel,1.0,15.0,6.0,Clicked,0.18,11/1/2019,2000.0,1224.01,11,SALE20,20.0,Men,True
29415,17027.0,F,California,32.0,42362.0,2019-11-01,GGOEGAPJ058012,Google Women's 1/4 Zip Jacket Charcoal,Apparel,1.0,27.5,6.0,Clicked,0.18,11/1/2019,2000.0,1224.01,11,SALE20,20.0,Women,True
29482,16496.0,M,California,16.0,42635.0,2019-11-05,GGOEGATH060717,Google Women's Convertible Vest-Jacket Sea Foam Green,Apparel,1.0,19.8,6.0,Clicked,0.18,11/5/2019,3500.0,2019.94,11,SALE20,20.0,Women,True
29484,16496.0,M,California,16.0,42638.0,2019-11-05,GGOEGADB056718,Men's Softshell Jacket Black/Grey,Apparel,1.0,19.8,6.0,Clicked,0.18,11/5/2019,3500.0,2019.94,11,SALE20,20.0,Men,True
29488,12347.0,M,New York,20.0,42379.0,2019-11-02,GGOEGAPB058616,Google Women's Yoga Jacket Black,Apparel,1.0,21.0,6.0,Clicked,0.18,11/2/2019,2000.0,2437.58,11,SALE20,20.0,Women,True
29491,12347.0,M,New York,20.0,42388.0,2019-11-02,GGOEGADB059618,Google Men's Quilted Insulated Vest Black,Apparel,1.0,18.75,6.0,Not Used,0.18,11/2/2019,2000.0,2437.58,11,SALE20,20.0,Men,True
29492,12347.0,M,New York,20.0,42388.0,2019-11-02,GGOEGAPB058616,Google Women's Yoga Jacket Black,Apparel,1.0,26.25,6.0,Used,0.18,11/2/2019,2000.0,2437.58,11,SALE20,20.0,Women,True
29499,17786.0,F,California,9.0,42426.0,2019-11-02,GGOEGADC059517,Google Men's Microfiber 1/4 Zip Pullover Blue/Indigo,Apparel,1.0,15.0,6.0,Clicked,0.18,11/2/2019,2000.0,2437.58,11,SALE20,20.0,Men,True
29505,17786.0,F,California,9.0,42433.0,2019-11-02,GGOEGAPB058217,Google Women's Lightweight Microfleece Jacket,Apparel,1.0,15.0,6.0,Used,0.18,11/2/2019,2000.0,2437.58,11,SALE20,20.0,Women,True
29512,16124.0,F,New York,34.0,42436.0,2019-11-02,GGOEGADB057318,Google Men's Lightweight Microfleece Jacket Black,Apparel,1.0,18.75,6.0,Clicked,0.18,11/2/2019,2000.0,2437.58,11,SALE20,20.0,Men,True
29513,16124.0,F,New York,34.0,42436.0,2019-11-02,GGOEGAQB036017,Google Women's Fleece Hoodie,Apparel,1.0,14.0,6.0,Not Used,0.18,11/2/2019,2000.0,2437.58,11,SALE20,20.0,Women,True
29517,16409.0,F,Chicago,45.0,42440.0,2019-11-02,GGOEGAPB058616,Google Women's Yoga Jacket Black,Apparel,1.0,21.0,6.0,Not Used,0.18,11/2/2019,2000.0,2437.58,11,SALE20,20.0,Women,True
29526,16409.0,F,Chicago,45.0,42454.0,2019-11-02,GGOEGAPC058812,Google Women's Shell Jacket Blue/Black,Apparel,1.0,19.0,6.0,Not Used,0.18,11/2/2019,2000.0,2437.58,11,SALE20,20.0,Women,True
29535,16918.0,M,Washington DC,47.0,42551.0,2019-11-04,GGOEGADB056718,Men's Softshell Jacket Black/Grey,Apparel,1.0,24.75,6.0,Clicked,0.18,11/4/2019,2000.0,2478.79,11,SALE20,20.0,Men,True
29536,16918.0,M,Washington DC,47.0,42555.0,2019-11-04,GGOEGADC059317,Google Men's Airflow 1/4 Zip Pullover Lapis,Apparel,1.0,17.5,6.0,Used,0.18,11/4/2019,2000.0,2478.79,11,SALE20,20.0,Men,True
29537,16918.0,M,Washington DC,47.0,42555.0,2019-11-04,GGOEGADC059517,Google Men's Microfiber 1/4 Zip Pullover Blue/Indigo,Apparel,1.0,18.75,6.0,Clicked,0.18,11/4/2019,2000.0,2478.79,11,SALE20,20.0,Men,True
29546,17463.0,F,New York,27.0,44611.0,2019-11-26,GGOEGATH060717,Google Women's Convertible Vest-Jacket Sea Foam Green,Apparel,2.0,19.8,6.5,Clicked,0.18,11/26/2019,3000.0,1642.31,11,SALE20,20.0,Women,True
32319,16477.0,F,Washington DC,50.0,19667.0,2019-02-04,GGOEGADJ056816,Google Men's Watershed Full Zip Hoodie Grey,Apparel,1.0,109.99,6.5,Used,0.18,2/4/2019,700.0,2216.98,2,SALE20,20.0,Men,True
32320,16477.0,F,Washington DC,50.0,19668.0,2019-02-04,GGOEGAFB035815,Google Men's  Zip Hoodie,Apparel,1.0,55.99,6.5,Not Used,0.18,2/4/2019,700.0,2216.98,2,SALE20,20.0,Men,True
32331,12779.0,F,California,28.0,19678.0,2019-02-04,GGOEYAFB073114,YouTube Men's Fleece Hoodie Black,Apparel,1.0,44.79,6.5,Clicked,0.18,2/4/2019,700.0,2216.98,2,SALE20,20.0,Men,True
32332,12779.0,F,California,28.0,19678.0,2019-02-04,GGOEYAQB073213,YouTube Women's Fleece Hoodie Black,Apparel,1.0,44.79,6.5,Used,0.18,2/4/2019,700.0,2216.98,2,SALE20,20.0,Women,True
32336,16926.0,M,California,48.0,19679.0,2019-02-04,GGOEGAFB035814,Google Men's  Zip Hoodie,Apparel,1.0,44.79,6.5,Used,0.18,2/4/2019,700.0,2216.98,2,SALE20,20.0,Men,True
32341,15311.0,F,Chicago,40.0,21280.0,2019-02-24,GGOEGADB059615,Google Men's Quilted Insulated Vest Black,Apparel,1.0,74.99,6.5,Clicked,0.18,2/24/2019,3500.0,2280.26,2,SALE20,20.0,Men,True
32342,15311.0,F,Chicago,40.0,21283.0,2019-02-24,GGOEGADJ057116,Google Men's Performance 1/4 Zip Pullover Heather/Black,Apparel,1.0,87.99,6.5,Clicked,0.18,2/24/2019,3500.0,2280.26,2,SALE20,20.0,Men,True
32343,15311.0,F,Chicago,40.0,21283.0,2019-02-24,GGOEGAPJ058013,Google Women's 1/4 Zip Jacket Charcoal,Apparel,1.0,87.99,6.5,Clicked,0.18,2/24/2019,3500.0,2280.26,2,SALE20,20.0,Women,True
32344,15311.0,F,Chicago,40.0,21283.0,2019-02-24,GGOEGAPJ058014,Google Women's 1/4 Zip Jacket Charcoal,Apparel,2.0,87.99,6.5,Clicked,0.18,2/24/2019,3500.0,2280.26,2,SALE20,20.0,Women,True
32345,15311.0,F,Chicago,40.0,21283.0,2019-02-24,GGOEGAPJ058016,Google Women's 1/4 Zip Jacket Charcoal,Apparel,1.0,87.99,6.5,Clicked,0.18,2/24/2019,3500.0,2280.26,2,SALE20,20.0,Women,True
32350,16402.0,M,Chicago,31.0,21252.0,2019-02-24,GGOEGAFB035817,Google Men's  Zip Hoodie,Apparel,1.0,44.79,6.5,Clicked,0.18,2/24/2019,3500.0,2280.26,2,SALE20,20.0,Men,True
32371,15426.0,F,Chicago,17.0,21295.0,2019-02-24,GGOEGAFB035815,Google Men's  Zip Hoodie,Apparel,1.0,44.79,6.5,Clicked,0.18,2/24/2019,3500.0,2280.26,2,SALE20,20.0,Men,True
32373,15426.0,F,Chicago,17.0,21304.0,2019-02-24,GGOEGAFB035815,Google Men's  Zip Hoodie,Apparel,1.0,44.79,6.5,Used,0.18,2/24/2019,3500.0,2280.26,2,SALE20,20.0,Men,True
32375,15426.0,F,Chicago,17.0,21305.0,2019-02-24,GGOEGATB060416,Google Women's Quilted Insulated Vest Black,Apparel,1.0,74.99,6.5,Used,0.18,2/24/2019,3500.0,2280.26,2,SALE20,20.0,Women,True
32377,15426.0,F,Chicago,17.0,21310.0,2019-02-24,GGOEGADB056913,Google Men's Performance Full Zip Jacket Black,Apparel,1.0,119.99,6.5,Not Used,0.18,2/24/2019,3500.0,2280.26,2,SALE20,20.0,Men,True
32378,15426.0,F,Chicago,17.0,21310.0,2019-02-24,GGOEGADB057313,Google Men's Lightweight Microfleece Jacket Black,Apparel,1.0,74.99,6.5,Clicked,0.18,2/24/2019,3500.0,2280.26,2,SALE20,20.0,Men,True
32381,15426.0,F,Chicago,17.0,21313.0,2019-02-24,GGOEGATB060614,Google Women's Convertible Vest-Jacket Black,Apparel,1.0,98.99,6.5,Not Used,0.18,2/24/2019,3500.0,2280.26,2,SALE20,20.0,Women,True
32407,14161.0,F,Chicago,41.0,21184.0,2019-02-23,GGOEGADB059615,Google Men's Quilted Insulated Vest Black,Apparel,1.0,4.99,6.48,Used,0.18,2/23/2019,3500.0,2548.51,2,SALE20,20.0,Men,True
32415,16411.0,F,Chicago,40.0,21199.0,2019-02-23,GGOEYAFB073116,YouTube Men's Fleece Hoodie Black,Apparel,1.0,1.59,6.51,Clicked,0.18,2/23/2019,3500.0,2548.51,2,SALE20,20.0,Men,True
32416,16411.0,F,Chicago,40.0,21199.0,2019-02-23,GGOEYAQB073213,YouTube Women's Fleece Hoodie Black,Apparel,1.0,1.59,6.51,Used,0.18,2/23/2019,3500.0,2548.51,2,SALE20,20.0,Women,True
32418,16402.0,M,Chicago,31.0,21221.0,2019-02-23,GGOEGAPB058214,Google Women's Lightweight Microfleece Jacket,Apparel,1.0,59.99,6.5,Not Used,0.18,2/23/2019,3500.0,2548.51,2,SALE20,20.0,Women,True
32427,17059.0,M,California,24.0,20742.0,2019-02-18,GGOEGADB056714,Men's Softshell Jacket Black/Grey,Apparel,1.0,79.19,6.5,Clicked,0.18,2/18/2019,3000.0,1586.43,2,SALE20,20.0,Men,True
32432,17059.0,M,California,24.0,20762.0,2019-02-18,GGOEGAQB036015,Google Women's Fleece Hoodie,Apparel,1.0,44.79,6.5,Not Used,0.18,2/18/2019,3000.0,1586.43,2,SALE20,20.0,Women,True
32433,12748.0,F,Chicago,28.0,20772.0,2019-02-19,GGOEGAFB035816,Google Men's  Zip Hoodie,Apparel,1.0,44.79,6.5,Used,0.18,2/19/2019,3500.0,1720.16,2,SALE20,20.0,Men,True
32438,16327.0,M,California,44.0,20793.0,2019-02-19,GGOEYAQB073213,YouTube Women's Fleece Hoodie Black,Apparel,1.0,55.99,6.5,Used,0.18,2/19/2019,3500.0,1720.16,2,SALE20,20.0,Women,True
32446,16327.0,M,California,44.0,20812.0,2019-02-19,GGOEAAFB035914,Android Men's  Zip Hoodie,Apparel,3.0,55.99,6.5,Not Used,0.18,2/19/2019,3500.0,1720.16,2,SALE20,20.0,Men,True
32447,16327.0,M,California,44.0,20813.0,2019-02-19,GGOEGAFJ036213,Google Men's Pullover Hoodie Grey,Apparel,3.0,51.99,6.5,Clicked,0.18,2/19/2019,3500.0,1720.16,2,SALE20,20.0,Men,True
32456,12748.0,F,Chicago,28.0,20860.0,2019-02-20,GGOEYAFB073116,YouTube Men's Fleece Hoodie Black,Apparel,1.0,55.99,6.5,Not Used,0.18,2/20/2019,3500.0,2768.28,2,SALE20,20.0,Men,True
32466,12748.0,F,Chicago,28.0,20874.0,2019-02-20,GGOEGAFB035814,Google Men's  Zip Hoodie,Apparel,1.0,55.99,6.5,Used,0.18,2/20/2019,3500.0,2768.28,2,SALE20,20.0,Men,True
32467,12748.0,F,Chicago,28.0,20874.0,2019-02-20,GGOEGAFB035815,Google Men's  Zip Hoodie,Apparel,1.0,55.99,6.5,Clicked,0.18,2/20/2019,3500.0,2768.28,2,SALE20,20.0,Men,True
32474,17211.0,F,Chicago,29.0,20842.0,2019-02-20,GGOEGAFB035815,Google Men's  Zip Hoodie,Apparel,1.0,44.79,6.5,Clicked,0.18,2/20/2019,3500.0,2768.28,2,SALE20,20.0,Men,True
32481,15570.0,F,New Jersey,34.0,20879.0,2019-02-20,GGOEGADJ059416,Google Men's Microfiber 1/4 Zip Pullover Grey/Black,Apparel,1.0,59.99,6.5,Used,0.18,2/20/2019,3500.0,2768.28,2,SALE20,20.0,Men,True
32493,15570.0,F,New Jersey,34.0,20890.0,2019-02-20,GGOEGAFB035814,Google Men's  Zip Hoodie,Apparel,1.0,44.79,6.5,Not Used,0.18,2/20/2019,3500.0,2768.28,2,SALE20,20.0,Men,True
32501,15880.0,F,New York,33.0,20920.0,2019-02-21,GGOEGAFB035816,Google Men's  Zip Hoodie,Apparel,2.0,55.99,6.5,Clicked,0.18,2/21/2019,3500.0,727.39,2,SALE20,20.0,Men,True
32503,15880.0,F,New York,33.0,20932.0,2019-02-21,GGOEYAEJ033514,YouTube Men's Long Sleeve Pullover Badge Tee Heather,Apparel,1.0,34.99,6.5,Clicked,0.18,2/21/2019,3500.0,727.39,2,SALE20,20.0,Men,True
32512,15880.0,F,New York,33.0,20983.0,2019-02-21,GGOEGAFB035816,Google Men's  Zip Hoodie,Apparel,1.0,44.79,6.5,Used,0.18,2/21/2019,3500.0,727.39,2,SALE20,20.0,Men,True
32513,15880.0,F,New York,33.0,20988.0,2019-02-21,GGOEGADB059615,Google Men's Quilted Insulated Vest Black,Apparel,1.0,59.99,158.74,Clicked,0.18,2/21/2019,3500.0,727.39,2,SALE20,20.0,Men,True
32519,15880.0,F,New York,33.0,20990.0,2019-02-21,GGOEGADB059615,Google Men's Quilted Insulated Vest Black,Apparel,1.0,59.99,6.5,Not Used,0.18,2/21/2019,3500.0,727.39,2,SALE20,20.0,Men,True
32530,12748.0,F,Chicago,28.0,21119.0,2019-02-22,GGOEGADB056915,Google Men's Performance Full Zip Jacket Black,Apparel,1.0,119.99,6.5,Used,0.18,2/22/2019,3500.0,939.9,2,SALE20,20.0,Men,True
32534,16718.0,F,California,39.0,21039.0,2019-02-22,GGOEGADB059615,Google Men's Quilted Insulated Vest Black,Apparel,1.0,74.99,6.5,Clicked,0.18,2/22/2019,3500.0,939.9,2,SALE20,20.0,Men,True
32539,15808.0,F,California,6.0,21054.0,2019-02-22,GGOEGATB060414,Google Women's Quilted Insulated Vest Black,Apparel,1.0,59.99,13.78,Clicked,0.18,2/22/2019,3500.0,939.9,2,SALE20,20.0,Women,True
32541,15808.0,F,California,6.0,21060.0,2019-02-22,GGOEGADB059615,Google Men's Quilted Insulated Vest Black,Apparel,1.0,59.99,492.84,Clicked,0.18,2/22/2019,3500.0,939.9,2,SALE20,20.0,Men,True
32554,15808.0,F,California,6.0,21101.0,2019-02-22,GGOEGADB059614,Google Men's Quilted Insulated Vest Black,Apparel,1.0,59.99,6.5,Clicked,0.18,2/22/2019,3500.0,939.9,2,SALE20,20.0,Men,True
32558,17858.0,M,Chicago,34.0,21143.0,2019-02-22,GGOEGAFB035813,Google Men's  Zip Hoodie,Apparel,1.0,44.79,6.5,Used,0.18,2/22/2019,3500.0,939.9,2,SALE20,20.0,Men,True
32563,17787.0,M,California,8.0,19698.0,2019-02-05,GGOEAAQB036114,Android Women's Fleece Hoodie,Apparel,1.0,44.79,6.5,Clicked,0.18,2/5/2019,3000.0,2486.46,2,SALE20,20.0,Women,True
32566,17787.0,M,California,8.0,19706.0,2019-02-05,GGOEGAFB035817,Google Men's  Zip Hoodie,Apparel,1.0,55.99,6.5,Clicked,0.18,2/5/2019,3000.0,2486.46,2,SALE20,20.0,Men,True
32569,12682.0,F,Chicago,33.0,19719.0,2019-02-05,GGOEGAQB036014,Google Women's Fleece Hoodie,Apparel,1.0,44.79,6.5,Clicked,0.18,2/5/2019,3000.0,2486.46,2,SALE20,20.0,Women,True
32574,14911.0,F,California,34.0,19736.0,2019-02-06,GGOEYAFB073113,YouTube Men's Fleece Hoodie Black,Apparel,1.0,55.99,6.5,Used,0.18,2/6/2019,3000.0,1665.47,2,SALE20,20.0,Men,True
32575,14911.0,F,California,34.0,19737.0,2019-02-06,GGOEGADC059316,Google Men's Airflow 1/4 Zip Pullover Lapis,Apparel,1.0,69.99,6.5,Not Used,0.18,2/6/2019,3000.0,1665.47,2,SALE20,20.0,Men,True
32579,14911.0,F,California,34.0,19771.0,2019-02-06,GGOEYAFB073114,YouTube Men's Fleece Hoodie Black,Apparel,1.0,44.79,24.47,Not Used,0.18,2/6/2019,3000.0,1665.47,2,SALE20,20.0,Men,True
32580,14911.0,F,California,34.0,19771.0,2019-02-06,GGOEYAQB073215,YouTube Women's Fleece Hoodie Black,Apparel,1.0,44.79,24.47,Used,0.18,2/6/2019,3000.0,1665.47,2,SALE20,20.0,Women,True
32582,14911.0,F,California,34.0,19772.0,2019-02-06,GGOEGAFB035815,Google Men's  Zip Hoodie,Apparel,1.0,44.79,6.5,Used,0.18,2/6/2019,3000.0,1665.47,2,SALE20,20.0,Men,True
32589,14723.0,M,Chicago,4.0,19796.0,2019-02-06,GGOEGADB059216,Google Men's Airflow 1/4 Zip Pullover Black,Apparel,1.0,55.99,6.5,Not Used,0.18,2/6/2019,3000.0,1665.47,2,SALE20,20.0,Men,True
32590,14723.0,M,Chicago,4.0,19802.0,2019-02-06,GGOEGAEJ033314,Google Men's Long Sleeve Pullover Badge Tee Heather,Apparel,1.0,27.99,6.5,Not Used,0.18,2/6/2019,3000.0,1665.47,2,SALE20,20.0,Men,True
32597,14723.0,M,Chicago,4.0,19820.0,2019-02-06,GGOEGAEJ033313,Google Men's Long Sleeve Pullover Badge Tee Heather,Apparel,1.0,27.99,6.5,Used,0.18,2/6/2019,3000.0,1665.47,2,SALE20,20.0,Men,True
32603,17819.0,M,Chicago,13.0,19811.0,2019-02-06,GGOEGAFB035814,Google Men's  Zip Hoodie,Apparel,1.0,44.79,6.5,Used,0.18,2/6/2019,3000.0,1665.47,2,SALE20,20.0,Men,True
32604,17819.0,M,Chicago,13.0,19811.0,2019-02-06,GGOEGAQB036014,Google Women's Fleece Hoodie,Apparel,1.0,44.79,6.5,Clicked,0.18,2/6/2019,3000.0,1665.47,2,SALE20,20.0,Women,True
32610,17819.0,M,Chicago,13.0,19813.0,2019-02-06,GGOEGADJ057115,Google Men's Performance 1/4 Zip Pullover Heather/Black,Apparel,1.0,87.99,102.79,Clicked,0.18,2/6/2019,3000.0,1665.47,2,SALE20,20.0,Men,True
32615,17841.0,M,California,21.0,19839.0,2019-02-07,GGOEGAPB058214,Google Women's Lightweight Microfleece Jacket,Apparel,1.0,59.99,35.3,Used,0.18,2/7/2019,3000.0,877.2,2,SALE20,20.0,Women,True
32618,15373.0,M,Washington DC,24.0,19849.0,2019-02-07,GGOEGADB056614,Men's Weatherblock Shell Jacket Black,Apparel,1.0,74.39,6.5,Clicked,0.18,2/7/2019,3000.0,877.2,2,SALE20,20.0,Men,True
32620,15373.0,M,Washington DC,24.0,19852.0,2019-02-07,GGOEGADB056918,Google Men's Performance Full Zip Jacket Black,Apparel,1.0,95.99,6.5,Clicked,0.18,2/7/2019,3000.0,877.2,2,SALE20,20.0,Men,True
32624,17198.0,F,New York,18.0,19875.0,2019-02-07,GGOEYAFB073117,YouTube Men's Fleece Hoodie Black,Apparel,1.0,55.99,24.47,Clicked,0.18,2/7/2019,3000.0,877.2,2,SALE20,20.0,Men,True
32627,17198.0,F,New York,18.0,19907.0,2019-02-07,GGOEGADB059614,Google Men's Quilted Insulated Vest Black,Apparel,1.0,74.99,6.5,Clicked,0.18,2/7/2019,3000.0,877.2,2,SALE20,20.0,Men,True
32632,17198.0,F,New York,18.0,19915.0,2019-02-07,GGOEGAFB035814,Google Men's  Zip Hoodie,Apparel,1.0,55.99,6.5,Used,0.18,2/7/2019,3000.0,877.2,2,SALE20,20.0,Men,True
32642,12472.0,F,New Jersey,2.0,21440.0,2019-02-27,GGOEYAFB073116,YouTube Men's Fleece Hoodie Black,Apparel,1.0,55.99,6.5,Clicked,0.18,2/27/2019,4000.0,4349.02,2,SALE20,20.0,Men,True
32645,12472.0,F,New Jersey,2.0,21442.0,2019-02-27,GGOEGAFB035814,Google Men's  Zip Hoodie,Apparel,2.0,55.99,6.5,Used,0.18,2/27/2019,4000.0,4349.02,2,SALE20,20.0,Men,True
32646,12472.0,F,New Jersey,2.0,21442.0,2019-02-27,GGOEGAFB035815,Google Men's  Zip Hoodie,Apparel,1.0,55.99,6.5,Used,0.18,2/27/2019,4000.0,4349.02,2,SALE20,20.0,Men,True
32650,12472.0,F,New Jersey,2.0,21460.0,2019-02-27,GGOEGADB056715,Men's Softshell Jacket Black/Grey,Apparel,1.0,79.19,64.01,Clicked,0.18,2/27/2019,4000.0,4349.02,2,SALE20,20.0,Men,True
32651,12472.0,F,New Jersey,2.0,21460.0,2019-02-27,GGOEGAEJ033315,Google Men's Long Sleeve Pullover Badge Tee Heather,Apparel,1.0,27.99,64.01,Used,0.18,2/27/2019,4000.0,4349.02,2,SALE20,20.0,Men,True
32653,12472.0,F,New Jersey,2.0,21460.0,2019-02-27,GGOEGAFJ036215,Google Men's Pullover Hoodie Grey,Apparel,1.0,41.59,64.01,Used,0.18,2/27/2019,4000.0,4349.02,2,SALE20,20.0,Men,True
32654,12472.0,F,New Jersey,2.0,21460.0,2019-02-27,GGOEGAQB036014,Google Women's Fleece Hoodie,Apparel,1.0,44.79,64.01,Used,0.18,2/27/2019,4000.0,4349.02,2,SALE20,20.0,Women,True
32655,12472.0,F,New Jersey,2.0,21460.0,2019-02-27,GGOEGATH060714,Google Women's Convertible Vest-Jacket Sea Foam Green,Apparel,1.0,79.19,64.01,Clicked,0.18,2/27/2019,4000.0,4349.02,2,SALE20,20.0,Women,True
32656,12472.0,F,New Jersey,2.0,21461.0,2019-02-27,GGOEGAEJ033314,Google Men's Long Sleeve Pullover Badge Tee Heather,Apparel,1.0,34.99,6.5,Clicked,0.18,2/27/2019,4000.0,4349.02,2,SALE20,20.0,Men,True
32659,14506.0,F,California,34.0,21480.0,2019-02-27,GGOEGADB056614,Men's Weatherblock Shell Jacket Black,Apparel,1.0,74.39,6.5,Used,0.18,2/27/2019,4000.0,4349.02,2,SALE20,20.0,Men,True
32660,14506.0,F,California,34.0,21480.0,2019-02-27,GGOEGADB056714,Men's Softshell Jacket Black/Grey,Apparel,1.0,79.19,6.5,Used,0.18,2/27/2019,4000.0,4349.02,2,SALE20,20.0,Men,True
32661,14506.0,F,California,34.0,21480.0,2019-02-27,GGOEGADJ059814,Google Men's Convertible Vest-Jacket Pewter,Apparel,1.0,79.19,6.5,Not Used,0.18,2/27/2019,4000.0,4349.02,2,SALE20,20.0,Men,True
32662,14506.0,F,California,34.0,21480.0,2019-02-27,GGOEGAEJ033314,Google Men's Long Sleeve Pullover Badge Tee Heather,Apparel,1.0,27.99,6.5,Used,0.18,2/27/2019,4000.0,4349.02,2,SALE20,20.0,Men,True
32671,16891.0,M,Chicago,12.0,19493.0,2019-02-02,GGOEGADJ059416,Google Men's Microfiber 1/4 Zip Pullover Grey/Black,Apparel,1.0,74.99,6.5,Clicked,0.18,2/2/2019,700.0,770.87,2,SALE20,20.0,Men,True
32672,16891.0,M,Chicago,12.0,19517.0,2019-02-02,GGOEGATJ060516,Google Women's Quilted Insulated Vest White,Apparel,1.0,74.99,6.5,Clicked,0.18,2/2/2019,700.0,770.87,2,SALE20,20.0,Women,True
32681,12557.0,M,New York,50.0,19573.0,2019-02-02,GGOEGAFB035815,Google Men's  Zip Hoodie,Apparel,1.0,55.99,6.5,Used,0.18,2/2/2019,700.0,770.87,2,SALE20,20.0,Men,True
32686,13370.0,M,Washington DC,41.0,19378.0,2019-02-01,GGOEGATB060413,Google Women's Quilted Insulated Vest Black,Apparel,1.0,59.99,18.47,Clicked,0.18,2/1/2019,700.0,692.67,2,SALE20,20.0,Women,True
32690,13370.0,M,Washington DC,41.0,19390.0,2019-02-01,GGOEYAQB073214,YouTube Women's Fleece Hoodie Black,Apparel,1.0,44.79,28.78,Clicked,0.18,2/1/2019,700.0,692.67,2,SALE20,20.0,Women,True
32695,16883.0,F,Washington DC,37.0,19399.0,2019-02-01,GGOEYAFB073115,YouTube Men's Fleece Hoodie Black,Apparel,1.0,55.99,6.5,Used,0.18,2/1/2019,700.0,692.67,2,SALE20,20.0,Men,True
32696,16883.0,F,Washington DC,37.0,19401.0,2019-02-01,GGOEGADB059614,Google Men's Quilted Insulated Vest Black,Apparel,1.0,59.99,13.78,Used,0.18,2/1/2019,700.0,692.67,2,SALE20,20.0,Men,True
32698,16883.0,F,Washington DC,37.0,19410.0,2019-02-01,GGOEGADB059615,Google Men's Quilted Insulated Vest Black,Apparel,1.0,74.99,6.5,Not Used,0.18,2/1/2019,700.0,692.67,2,SALE20,20.0,Men,True
32699,16883.0,F,Washington DC,37.0,19410.0,2019-02-01,GGOEGAQJ058716,Google Women's Zip Hoodie Grey,Apparel,1.0,139.99,6.5,Clicked,0.18,2/1/2019,700.0,692.67,2,SALE20,20.0,Women,True
32700,16883.0,F,Washington DC,37.0,19410.0,2019-02-01,GGOEGATB060414,Google Women's Quilted Insulated Vest Black,Apparel,1.0,74.99,6.5,Clicked,0.18,2/1/2019,700.0,692.67,2,SALE20,20.0,Women,True
32701,16883.0,F,Washington DC,37.0,19410.0,2019-02-01,GGOEGATB060415,Google Women's Quilted Insulated Vest Black,Apparel,2.0,74.99,6.5,Clicked,0.18,2/1/2019,700.0,692.67,2,SALE20,20.0,Women,True
32702,16883.0,F,Washington DC,37.0,19410.0,2019-02-01,GGOEGATB060417,Google Women's Quilted Insulated Vest Black,Apparel,1.0,74.99,6.5,Not Used,0.18,2/1/2019,700.0,692.67,2,SALE20,20.0,Women,True
32703,16883.0,F,Washington DC,37.0,19410.0,2019-02-01,GGOEGATJ060516,Google Women's Quilted Insulated Vest White,Apparel,1.0,74.99,6.5,Clicked,0.18,2/1/2019,700.0,692.67,2,SALE20,20.0,Women,True
32715,12427.0,F,New York,37.0,19437.0,2019-02-01,GGOEGADB059616,Google Men's Quilted Insulated Vest Black,Apparel,1.0,74.99,6.5,Used,0.18,2/1/2019,700.0,692.67,2,SALE20,20.0,Men,True
32717,12841.0,F,California,19.0,20570.0,2019-02-16,GGOEGADB059616,Google Men's Quilted Insulated Vest Black,Apparel,1.0,74.99,6.5,Used,0.18,2/16/2019,3000.0,3784.07,2,SALE20,20.0,Men,True
32723,12841.0,F,California,19.0,20572.0,2019-02-16,GGOEGAFB035814,Google Men's  Zip Hoodie,Apparel,2.0,55.99,6.5,Used,0.18,2/16/2019,3000.0,3784.07,2,SALE20,20.0,Men,True
32724,12841.0,F,California,19.0,20572.0,2019-02-16,GGOEGAFB035815,Google Men's  Zip Hoodie,Apparel,5.0,55.99,6.5,Clicked,0.18,2/16/2019,3000.0,3784.07,2,SALE20,20.0,Men,True
32725,12841.0,F,California,19.0,20572.0,2019-02-16,GGOEGAFB035816,Google Men's  Zip Hoodie,Apparel,1.0,55.99,6.5,Clicked,0.18,2/16/2019,3000.0,3784.07,2,SALE20,20.0,Men,True
32728,12841.0,F,California,19.0,20572.0,2019-02-16,GGOEGAQB036013,Google Women's Fleece Hoodie,Apparel,3.0,55.99,6.5,Clicked,0.18,2/16/2019,3000.0,3784.07,2,SALE20,20.0,Women,True
32729,12841.0,F,California,19.0,20572.0,2019-02-16,GGOEGAQB036014,Google Women's Fleece Hoodie,Apparel,2.0,55.99,6.5,Used,0.18,2/16/2019,3000.0,3784.07,2,SALE20,20.0,Women,True
32734,18118.0,M,Chicago,24.0,20533.0,2019-02-16,GGOEGADB056716,Men's Softshell Jacket Black/Grey,Apparel,1.0,79.19,6.5,Clicked,0.18,2/16/2019,3000.0,3784.07,2,SALE20,20.0,Men,True
32736,18118.0,M,Chicago,24.0,20538.0,2019-02-16,GGOEGADB059213,Google Men's Airflow 1/4 Zip Pullover Black,Apparel,1.0,55.99,6.5,Used,0.18,2/16/2019,3000.0,3784.07,2,SALE20,20.0,Men,True
32737,18118.0,M,Chicago,24.0,20538.0,2019-02-16,GGOEGAFB035815,Google Men's  Zip Hoodie,Apparel,1.0,44.79,6.5,Clicked,0.18,2/16/2019,3000.0,3784.07,2,SALE20,20.0,Men,True
32742,18118.0,M,Chicago,24.0,20551.0,2019-02-16,GGOEGADB056615,Men's Weatherblock Shell Jacket Black,Apparel,1.0,74.39,24.47,Used,0.18,2/16/2019,3000.0,3784.07,2,SALE20,20.0,Men,True
32743,18118.0,M,Chicago,24.0,20553.0,2019-02-16,GGOEGADB057316,Google Men's Lightweight Microfleece Jacket Black,Apparel,1.0,74.99,139.84,Clicked,0.18,2/16/2019,3000.0,3784.07,2,SALE20,20.0,Men,True
32744,18118.0,M,Chicago,24.0,20556.0,2019-02-16,GGOEGATB060413,Google Women's Quilted Insulated Vest Black,Apparel,1.0,59.99,24.47,Used,0.18,2/16/2019,3000.0,3784.07,2,SALE20,20.0,Women,True
32745,18118.0,M,Chicago,24.0,20557.0,2019-02-16,GGOEGAPB057512,Women's Weatherblock Shell Jacket Black,Apparel,1.0,74.39,24.47,Used,0.18,2/16/2019,3000.0,3784.07,2,SALE20,20.0,Women,True
32750,18118.0,M,Chicago,24.0,20563.0,2019-02-16,GGOEGAFB035815,Google Men's  Zip Hoodie,Apparel,1.0,55.99,6.5,Used,0.18,2/16/2019,3000.0,3784.07,2,SALE20,20.0,Men,True
32758,17796.0,F,Washington DC,5.0,20602.0,2019-02-16,GGOEGADB057315,Google Men's Lightweight Microfleece Jacket Black,Apparel,1.0,59.99,6.5,Used,0.18,2/16/2019,3000.0,3784.07,2,SALE20,20.0,Men,True
32760,12557.0,M,New York,50.0,19574.0,2019-02-03,GGOEGADB057315,Google Men's Lightweight Microfleece Jacket Black,Apparel,1.0,74.99,6.5,Used,0.18,2/3/2019,700.0,2091.61,2,SALE20,20.0,Men,True
32761,12557.0,M,New York,50.0,19574.0,2019-02-03,GGOEGAFB035815,Google Men's  Zip Hoodie,Apparel,1.0,55.99,6.5,Clicked,0.18,2/3/2019,700.0,2091.61,2,SALE20,20.0,Men,True
32762,14083.0,M,Chicago,41.0,19576.0,2019-02-03,GGOEGAFJ036215,Google Men's Pullover Hoodie Grey,Apparel,1.0,41.59,6.5,Clicked,0.18,2/3/2019,700.0,2091.61,2,SALE20,20.0,Men,True
32763,14083.0,M,Chicago,41.0,19576.0,2019-02-03,GGOEGAFJ036216,Google Men's Pullover Hoodie Grey,Apparel,1.0,41.59,6.5,Not Used,0.18,2/3/2019,700.0,2091.61,2,SALE20,20.0,Men,True
32764,14083.0,M,Chicago,41.0,19576.0,2019-02-03,GGOEGAQB036014,Google Women's Fleece Hoodie,Apparel,1.0,44.79,6.5,Clicked,0.18,2/3/2019,700.0,2091.61,2,SALE20,20.0,Women,True
32766,14083.0,M,Chicago,41.0,19580.0,2019-02-03,GGOEYAQB073217,YouTube Women's Fleece Hoodie Black,Apparel,1.0,55.99,6.5,Clicked,0.18,2/3/2019,700.0,2091.61,2,SALE20,20.0,Women,True
32772,14083.0,M,Chicago,41.0,19602.0,2019-02-03,GGOEGAPB058214,Google Women's Lightweight Microfleece Jacket,Apparel,3.0,59.99,18.47,Used,0.18,2/3/2019,700.0,2091.61,2,SALE20,20.0,Women,True
32780,13013.0,M,Chicago,13.0,19614.0,2019-02-03,GGOEGAPB058214,Google Women's Lightweight Microfleece Jacket,Apparel,1.0,59.99,6.5,Clicked,0.18,2/3/2019,700.0,2091.61,2,SALE20,20.0,Women,True
32781,13013.0,M,Chicago,13.0,19615.0,2019-02-03,GGOEGADB059615,Google Men's Quilted Insulated Vest Black,Apparel,1.0,59.99,35.96,Used,0.18,2/3/2019,700.0,2091.61,2,SALE20,20.0,Men,True
32782,13013.0,M,Chicago,13.0,19615.0,2019-02-03,GGOEGADB059616,Google Men's Quilted Insulated Vest Black,Apparel,2.0,59.99,35.96,Clicked,0.18,2/3/2019,700.0,2091.61,2,SALE20,20.0,Men,True
32783,13013.0,M,Chicago,13.0,19615.0,2019-02-03,GGOEGATB060413,Google Women's Quilted Insulated Vest Black,Apparel,1.0,59.99,35.96,Not Used,0.18,2/3/2019,700.0,2091.61,2,SALE20,20.0,Women,True
32789,13013.0,M,Chicago,13.0,19625.0,2019-02-03,GGOEGATB060413,Google Women's Quilted Insulated Vest Black,Apparel,1.0,59.99,6.5,Used,0.18,2/3/2019,700.0,2091.61,2,SALE20,20.0,Women,True
32794,13013.0,M,Chicago,13.0,19644.0,2019-02-03,GGOEYAFB073115,YouTube Men's Fleece Hoodie Black,Apparel,1.0,55.99,6.5,Used,0.18,2/3/2019,700.0,2091.61,2,SALE20,20.0,Men,True
32796,13013.0,M,Chicago,13.0,19650.0,2019-02-03,GGOEGAFB035815,Google Men's  Zip Hoodie,Apparel,1.0,55.99,6.5,Not Used,0.18,2/3/2019,700.0,2091.61,2,SALE20,20.0,Men,True
32812,17238.0,F,Chicago,20.0,19947.0,2019-02-08,GGOEYAFB073114,YouTube Men's Fleece Hoodie Black,Apparel,3.0,44.79,50.74,Clicked,0.18,2/8/2019,3000.0,1973.27,2,SALE20,20.0,Men,True
32818,14396.0,M,New Jersey,9.0,19986.0,2019-02-08,GGOEGADB056914,Google Men's Performance Full Zip Jacket Black,Apparel,1.0,95.99,6.5,Clicked,0.18,2/8/2019,3000.0,1973.27,2,SALE20,20.0,Men,True
32820,12725.0,F,New Jersey,48.0,20011.0,2019-02-09,GGOEGAFB035814,Google Men's  Zip Hoodie,Apparel,1.0,44.79,6.5,Clicked,0.18,2/9/2019,3000.0,2659.34,2,SALE20,20.0,Men,True
32821,12725.0,F,New Jersey,48.0,20013.0,2019-02-09,GGOEAAFB035917,Android Men's  Zip Hoodie,Apparel,1.0,44.79,41.3,Used,0.18,2/9/2019,3000.0,2659.34,2,SALE20,20.0,Men,True
32825,16725.0,F,Chicago,48.0,20026.0,2019-02-09,GGOEGAFB035814,Google Men's  Zip Hoodie,Apparel,1.0,44.79,6.5,Used,0.18,2/9/2019,3000.0,2659.34,2,SALE20,20.0,Men,True
32830,16455.0,F,Chicago,23.0,20038.0,2019-02-09,GGOEYAFB073115,YouTube Men's Fleece Hoodie Black,Apparel,1.0,55.99,6.5,Used,0.18,2/9/2019,3000.0,2659.34,2,SALE20,20.0,Men,True
32831,13081.0,F,New York,5.0,20051.0,2019-02-09,GGOEGADB056714,Men's Softshell Jacket Black/Grey,Apparel,1.0,79.19,6.5,Clicked,0.18,2/9/2019,3000.0,2659.34,2,SALE20,20.0,Men,True
32839,13081.0,F,New York,5.0,20060.0,2019-02-09,GGOEGADJ059713,Google Men's Quilted Insulated Vest Battleship Grey,Apparel,1.0,59.99,6.5,Clicked,0.18,2/9/2019,3000.0,2659.34,2,SALE20,20.0,Men,True
32845,13081.0,F,New York,5.0,20079.0,2019-02-09,GGOEGAPB057814,Women's Performance Full Zip Jacket Black,Apparel,1.0,95.99,6.5,Clicked,0.18,2/9/2019,3000.0,2659.34,2,SALE20,20.0,Women,True
32848,13081.0,F,New York,5.0,20083.0,2019-02-10,GGOEGAPB058214,Google Women's Lightweight Microfleece Jacket,Apparel,1.0,59.99,6.5,Clicked,0.18,2/10/2019,3000.0,2037.41,2,SALE20,20.0,Women,True
32856,15545.0,F,California,39.0,20100.0,2019-02-10,GGOEGADB056914,Google Men's Performance Full Zip Jacket Black,Apparel,1.0,95.99,6.5,Used,0.18,2/10/2019,3000.0,2037.41,2,SALE20,20.0,Men,True
32857,15545.0,F,California,39.0,20100.0,2019-02-10,GGOEGADJ056814,Google Men's Watershed Full Zip Hoodie Grey,Apparel,3.0,87.99,6.5,Clicked,0.18,2/10/2019,3000.0,2037.41,2,SALE20,20.0,Men,True
32859,15545.0,F,California,39.0,20100.0,2019-02-10,GGOEGAPB057614,Google Women's Softshell Jacket Black/Grey,Apparel,1.0,86.39,6.5,Not Used,0.18,2/10/2019,3000.0,2037.41,2,SALE20,20.0,Women,True
32860,15545.0,F,California,39.0,20100.0,2019-02-10,GGOEGAPB057814,Women's Performance Full Zip Jacket Black,Apparel,3.0,95.99,6.5,Not Used,0.18,2/10/2019,3000.0,2037.41,2,SALE20,20.0,Women,True
32867,16033.0,F,Chicago,48.0,20119.0,2019-02-10,GGOEYAFB073114,YouTube Men's Fleece Hoodie Black,Apparel,1.0,55.99,175.14,Clicked,0.18,2/10/2019,3000.0,2037.41,2,SALE20,20.0,Men,True
32868,16033.0,F,Chicago,48.0,20119.0,2019-02-10,GGOEYAFB073115,YouTube Men's Fleece Hoodie Black,Apparel,5.0,55.99,175.14,Clicked,0.18,2/10/2019,3000.0,2037.41,2,SALE20,20.0,Men,True
32869,16033.0,F,Chicago,48.0,20119.0,2019-02-10,GGOEYAQB073213,YouTube Women's Fleece Hoodie Black,Apparel,1.0,55.99,175.14,Not Used,0.18,2/10/2019,3000.0,2037.41,2,SALE20,20.0,Women,True
32870,16033.0,F,Chicago,48.0,20119.0,2019-02-10,GGOEYAQB073214,YouTube Women's Fleece Hoodie Black,Apparel,1.0,55.99,175.14,Clicked,0.18,2/10/2019,3000.0,2037.41,2,SALE20,20.0,Women,True
32875,13838.0,F,California,5.0,20128.0,2019-02-10,GGOEGADB057316,Google Men's Lightweight Microfleece Jacket Black,Apparel,1.0,59.99,6.5,Not Used,0.18,2/10/2019,3000.0,2037.41,2,SALE20,20.0,Men,True
32882,13838.0,F,California,5.0,20147.0,2019-02-10,GGOEYAQB073216,YouTube Women's Fleece Hoodie Black,Apparel,1.0,55.99,6.5,Used,0.18,2/10/2019,3000.0,2037.41,2,SALE20,20.0,Women,True
32883,13838.0,F,California,5.0,20151.0,2019-02-10,GGOEGADB059613,Google Men's Quilted Insulated Vest Black,Apparel,1.0,59.99,6.5,Clicked,0.18,2/10/2019,3000.0,2037.41,2,SALE20,20.0,Men,True
32886,13838.0,F,California,5.0,20154.0,2019-02-10,GGOEGAQB036013,Google Women's Fleece Hoodie,Apparel,1.0,44.79,6.5,Used,0.18,2/10/2019,3000.0,2037.41,2,SALE20,20.0,Women,True
32905,16241.0,M,New York,34.0,20262.0,2019-02-13,GGOEGAEJ033316,Google Men's Long Sleeve Pullover Badge Tee Heather,Apparel,1.0,34.99,6.5,Clicked,0.18,2/13/2019,3000.0,2007.32,2,SALE20,20.0,Men,True
32907,16241.0,M,New York,34.0,20263.0,2019-02-13,GGOEGAPB058213,Google Women's Lightweight Microfleece Jacket,Apparel,1.0,59.99,24.47,Clicked,0.18,2/13/2019,3000.0,2007.32,2,SALE20,20.0,Women,True
32908,14800.0,M,Chicago,21.0,20264.0,2019-02-13,GGOEGAFB035814,Google Men's  Zip Hoodie,Apparel,1.0,55.99,6.5,Used,0.18,2/13/2019,3000.0,2007.32,2,SALE20,20.0,Men,True
32909,14800.0,M,Chicago,21.0,20265.0,2019-02-13,GGOEGAFB035815,Google Men's  Zip Hoodie,Apparel,1.0,44.79,6.5,Used,0.18,2/13/2019,3000.0,2007.32,2,SALE20,20.0,Men,True
32910,14800.0,M,Chicago,21.0,20265.0,2019-02-13,GGOEGAFB035816,Google Men's  Zip Hoodie,Apparel,1.0,44.79,6.5,Used,0.18,2/13/2019,3000.0,2007.32,2,SALE20,20.0,Men,True
32914,14800.0,M,Chicago,21.0,20279.0,2019-02-13,GGOEGAFB035816,Google Men's  Zip Hoodie,Apparel,1.0,44.79,6.5,Clicked,0.18,2/13/2019,3000.0,2007.32,2,SALE20,20.0,Men,True
32915,14800.0,M,Chicago,21.0,20279.0,2019-02-13,GGOEGAQB036013,Google Women's Fleece Hoodie,Apparel,1.0,44.79,6.5,Used,0.18,2/13/2019,3000.0,2007.32,2,SALE20,20.0,Women,True
32917,14800.0,M,Chicago,21.0,20286.0,2019-02-13,GGOEGAQB036017,Google Women's Fleece Hoodie,Apparel,1.0,44.79,6.5,Clicked,0.18,2/13/2019,3000.0,2007.32,2,SALE20,20.0,Women,True
32918,14800.0,M,Chicago,21.0,20288.0,2019-02-13,GGOEGAFB035815,Google Men's  Zip Hoodie,Apparel,1.0,55.99,6.5,Not Used,0.18,2/13/2019,3000.0,2007.32,2,SALE20,20.0,Men,True
32932,18055.0,F,Washington DC,18.0,20171.0,2019-02-11,GGOEGADC059515,Google Men's Microfiber 1/4 Zip Pullover Blue/Indigo,Apparel,1.0,59.99,6.5,Clicked,0.18,2/11/2019,3000.0,2864.69,2,SALE20,20.0,Men,True
32935,18055.0,F,Washington DC,18.0,20179.0,2019-02-11,GGOEGAFB035814,Google Men's  Zip Hoodie,Apparel,1.0,55.99,6.5,Clicked,0.18,2/11/2019,3000.0,2864.69,2,SALE20,20.0,Men,True
32936,15038.0,F,California,37.0,20189.0,2019-02-11,GGOEGAPB058212,Google Women's Lightweight Microfleece Jacket,Apparel,1.0,59.99,6.5,Clicked,0.18,2/11/2019,3000.0,2864.69,2,SALE20,20.0,Women,True
32941,15351.0,F,Washington DC,29.0,20359.0,2019-02-14,GGOEGAFB035815,Google Men's  Zip Hoodie,Apparel,1.0,55.99,20.74,Clicked,0.18,2/14/2019,3000.0,830.68,2,SALE20,20.0,Men,True
32942,15351.0,F,Washington DC,29.0,20370.0,2019-02-14,GGOEGAFB035814,Google Men's  Zip Hoodie,Apparel,1.0,44.79,6.5,Clicked,0.18,2/14/2019,3000.0,830.68,2,SALE20,20.0,Men,True
32983,12567.0,F,Washington DC,23.0,20417.0,2019-02-14,GGOEGAEJ033314,Google Men's Long Sleeve Pullover Badge Tee Heather,Apparel,1.0,34.99,6.5,Clicked,0.18,2/14/2019,3000.0,830.68,2,SALE20,20.0,Men,True
32984,12567.0,F,Washington DC,23.0,20417.0,2019-02-14,GGOEGAEJ033315,Google Men's Long Sleeve Pullover Badge Tee Heather,Apparel,2.0,34.99,6.5,Clicked,0.18,2/14/2019,3000.0,830.68,2,SALE20,20.0,Men,True
32985,12567.0,F,Washington DC,23.0,20417.0,2019-02-14,GGOEGAEJ033317,Google Men's Long Sleeve Pullover Badge Tee Heather,Apparel,1.0,36.99,6.5,Used,0.18,2/14/2019,3000.0,830.68,2,SALE20,20.0,Men,True
32991,12567.0,F,Washington DC,23.0,20428.0,2019-02-14,GGOEGAQB036014,Google Women's Fleece Hoodie,Apparel,1.0,44.79,6.5,Clicked,0.18,2/14/2019,3000.0,830.68,2,SALE20,20.0,Women,True
32998,12567.0,F,Washington DC,23.0,20438.0,2019-02-14,GGOEGADB059615,Google Men's Quilted Insulated Vest Black,Apparel,1.0,74.99,6.5,Clicked,0.18,2/14/2019,3000.0,830.68,2,SALE20,20.0,Men,True
32999,12567.0,F,Washington DC,23.0,20438.0,2019-02-14,GGOEGAEJ033315,Google Men's Long Sleeve Pullover Badge Tee Heather,Apparel,1.0,34.99,6.5,Used,0.18,2/14/2019,3000.0,830.68,2,SALE20,20.0,Men,True
33008,15038.0,F,California,37.0,20213.0,2019-02-12,GGOEGAEJ033315,Google Men's Long Sleeve Pullover Badge Tee Heather,Apparel,1.0,27.99,20.78,Not Used,0.18,2/12/2019,3000.0,2844.64,2,SALE20,20.0,Men,True
33015,18109.0,F,New York,9.0,20220.0,2019-02-12,GGOEGATC060314,Google Women's 1/4 Zip Performance Pullover Two-Tone Blue,Apparel,1.0,51.99,6.5,Clicked,0.18,2/12/2019,3000.0,2844.64,2,SALE20,20.0,Women,True
33024,13069.0,F,New York,38.0,20245.0,2019-02-12,GGOEAAQB036115,Android Women's Fleece Hoodie,Apparel,1.0,44.79,6.5,Used,0.18,2/12/2019,3000.0,2844.64,2,SALE20,20.0,Women,True
33025,13069.0,F,New York,38.0,20245.0,2019-02-12,GGOEGADB056716,Men's Softshell Jacket Black/Grey,Apparel,1.0,79.19,6.5,Used,0.18,2/12/2019,3000.0,2844.64,2,SALE20,20.0,Men,True
33026,13069.0,F,New York,38.0,20245.0,2019-02-12,GGOEGAFJ036214,Google Men's Pullover Hoodie Grey,Apparel,1.0,41.59,6.5,Clicked,0.18,2/12/2019,3000.0,2844.64,2,SALE20,20.0,Men,True
33036,17062.0,M,Chicago,44.0,20456.0,2019-02-15,GGOEGAFB035815,Google Men's  Zip Hoodie,Apparel,1.0,44.79,6.5,Clicked,0.18,2/15/2019,3000.0,1738.89,2,SALE20,20.0,Men,True
33037,17062.0,M,Chicago,44.0,20457.0,2019-02-15,GGOEGAPB058614,Google Women's Yoga Jacket Black,Apparel,2.0,83.99,6.5,Clicked,0.18,2/15/2019,3000.0,1738.89,2,SALE20,20.0,Women,True
33038,17062.0,M,Chicago,44.0,20457.0,2019-02-15,GGOEGAPJ058014,Google Women's 1/4 Zip Jacket Charcoal,Apparel,2.0,87.99,6.5,Clicked,0.18,2/15/2019,3000.0,1738.89,2,SALE20,20.0,Women,True
33041,17062.0,M,Chicago,44.0,20458.0,2019-02-15,GGOEGAFB035816,Google Men's  Zip Hoodie,Apparel,1.0,44.79,6.5,Used,0.18,2/15/2019,3000.0,1738.89,2,SALE20,20.0,Men,True
33042,17062.0,M,Chicago,44.0,20458.0,2019-02-15,GGOEGAFJ036216,Google Men's Pullover Hoodie Grey,Apparel,1.0,41.59,6.5,Not Used,0.18,2/15/2019,3000.0,1738.89,2,SALE20,20.0,Men,True
33054,15332.0,F,California,30.0,20473.0,2019-02-15,GGOEAAFB035915,Android Men's  Zip Hoodie,Apparel,1.0,44.79,6.5,Clicked,0.18,2/15/2019,3000.0,1738.89,2,SALE20,20.0,Men,True
33059,14810.0,M,California,21.0,20484.0,2019-02-15,GGOEGAPB058212,Google Women's Lightweight Microfleece Jacket,Apparel,1.0,59.99,6.5,Used,0.18,2/15/2019,3000.0,1738.89,2,SALE20,20.0,Women,True
33063,18118.0,M,Chicago,24.0,20496.0,2019-02-15,GGOEGADB059216,Google Men's Airflow 1/4 Zip Pullover Black,Apparel,1.0,55.99,6.5,Clicked,0.18,2/15/2019,3000.0,1738.89,2,SALE20,20.0,Men,True
33064,18118.0,M,Chicago,24.0,20496.0,2019-02-15,GGOEGADJ056816,Google Men's Watershed Full Zip Hoodie Grey,Apparel,1.0,87.99,6.5,Clicked,0.18,2/15/2019,3000.0,1738.89,2,SALE20,20.0,Men,True
33081,15716.0,F,Chicago,2.0,20625.0,2019-02-17,GGOEGADB057315,Google Men's Lightweight Microfleece Jacket Black,Apparel,1.0,59.99,6.5,Not Used,0.18,2/17/2019,3000.0,2107.67,2,SALE20,20.0,Men,True
33084,15716.0,F,Chicago,2.0,20628.0,2019-02-17,GGOEGAQB036014,Google Women's Fleece Hoodie,Apparel,1.0,44.79,6.5,Clicked,0.18,2/17/2019,3000.0,2107.67,2,SALE20,20.0,Women,True
33088,18156.0,F,California,26.0,20636.0,2019-02-17,GGOEGAFJ036217,Google Men's Pullover Hoodie Grey,Apparel,1.0,51.99,6.5,Used,0.18,2/17/2019,3000.0,2107.67,2,SALE20,20.0,Men,True
33092,18156.0,F,California,26.0,20638.0,2019-02-17,GGOEGAPB058617,Google Women's Yoga Jacket Black,Apparel,1.0,83.99,6.5,Clicked,0.18,2/17/2019,3000.0,2107.67,2,SALE20,20.0,Women,True
33099,18156.0,F,California,26.0,20640.0,2019-02-17,GGOEGADB056915,Google Men's Performance Full Zip Jacket Black,Apparel,1.0,95.99,6.5,Clicked,0.18,2/17/2019,3000.0,2107.67,2,SALE20,20.0,Men,True
33117,18156.0,F,California,26.0,20662.0,2019-02-17,GGOEGAQJ058715,Google Women's Zip Hoodie Grey,Apparel,1.0,111.99,6.5,Used,0.18,2/17/2019,3000.0,2107.67,2,SALE20,20.0,Women,True
33167,17059.0,M,California,24.0,20708.0,2019-02-17,GGOEGADB059615,Google Men's Quilted Insulated Vest Black,Apparel,1.0,59.99,6.5,Not Used,0.18,2/17/2019,3000.0,2107.67,2,SALE20,20.0,Men,True
33168,17059.0,M,California,24.0,20708.0,2019-02-17,GGOEGAEJ033315,Google Men's Long Sleeve Pullover Badge Tee Heather,Apparel,1.0,27.99,6.5,Clicked,0.18,2/17/2019,3000.0,2107.67,2,SALE20,20.0,Men,True
33174,15235.0,F,New Jersey,23.0,21542.0,2019-02-28,GGOEGADJ056814,Google Men's Watershed Full Zip Hoodie Grey,Apparel,1.0,87.99,6.5,Not Used,0.18,2/28/2019,4000.0,1817.18,2,SALE20,20.0,Men,True
33175,15235.0,F,New Jersey,23.0,21542.0,2019-02-28,GGOEGAFB035814,Google Men's  Zip Hoodie,Apparel,1.0,44.79,6.5,Clicked,0.18,2/28/2019,4000.0,1817.18,2,SALE20,20.0,Men,True
33191,13034.0,F,Chicago,40.0,21539.0,2019-02-28,GGOEGADB057313,Google Men's Lightweight Microfleece Jacket Black,Apparel,1.0,59.99,6.5,Used,0.18,2/28/2019,4000.0,1817.18,2,SALE20,20.0,Men,True
33194,15889.0,F,California,21.0,21558.0,2019-02-28,GGOEGADB056916,Google Men's Performance Full Zip Jacket Black,Apparel,1.0,95.99,6.5,Clicked,0.18,2/28/2019,4000.0,1817.18,2,SALE20,20.0,Men,True
33195,15889.0,F,California,21.0,21558.0,2019-02-28,GGOEGADJ057114,Google Men's Performance 1/4 Zip Pullover Heather/Black,Apparel,1.0,87.99,6.5,Clicked,0.18,2/28/2019,4000.0,1817.18,2,SALE20,20.0,Men,True
33196,15889.0,F,California,21.0,21558.0,2019-02-28,GGOEGAQJ058714,Google Women's Zip Hoodie Grey,Apparel,1.0,111.99,6.5,Clicked,0.18,2/28/2019,4000.0,1817.18,2,SALE20,20.0,Women,True
33218,15894.0,M,Chicago,44.0,21380.0,2019-02-26,GGOEGAFB035815,Google Men's  Zip Hoodie,Apparel,1.0,44.79,6.5,Clicked,0.18,2/26/2019,4000.0,1951.71,2,SALE20,20.0,Men,True
33219,15894.0,M,Chicago,44.0,21380.0,2019-02-26,GGOEGAPB058213,Google Women's Lightweight Microfleece Jacket,Apparel,1.0,59.99,6.5,Clicked,0.18,2/26/2019,4000.0,1951.71,2,SALE20,20.0,Women,True
35684,13455.0,F,New York,38.0,24844.0,2019-04-05,GGOEGADB056915,Google Men's Performance Full Zip Jacket Black,Apparel,1.0,67.19,6.5,Not Used,0.18,4/5/2019,2500.0,2342.68,4,SALE10,10.0,Men,True
35685,13455.0,F,New York,38.0,24844.0,2019-04-05,GGOEGADB056918,Google Men's Performance Full Zip Jacket Black,Apparel,1.0,67.19,6.5,Clicked,0.18,4/5/2019,2500.0,2342.68,4,SALE10,10.0,Men,True
35686,14217.0,F,New York,10.0,24873.0,2019-04-05,GGOEGADB056915,Google Men's Performance Full Zip Jacket Black,Apparel,1.0,67.19,6.5,Clicked,0.18,4/5/2019,2500.0,2342.68,4,SALE10,10.0,Men,True
35687,14217.0,F,New York,10.0,24874.0,2019-04-05,GGOEGADB057314,Google Men's Lightweight Microfleece Jacket Black,Apparel,1.0,59.99,6.5,Clicked,0.18,4/5/2019,2500.0,2342.68,4,SALE10,10.0,Men,True
35688,14217.0,F,New York,10.0,24875.0,2019-04-05,GGOEGADB056713,Men's Softshell Jacket Black/Grey,Apparel,1.0,79.19,6.5,Not Used,0.18,4/5/2019,2500.0,2342.68,4,SALE10,10.0,Men,True
35690,14217.0,F,New York,10.0,24876.0,2019-04-05,GGOEGADC059314,Google Men's Airflow 1/4 Zip Pullover Lapis,Apparel,1.0,39.19,6.5,Used,0.18,4/5/2019,2500.0,2342.68,4,SALE10,10.0,Men,True
35701,17676.0,M,New York,15.0,24880.0,2019-04-05,GGOEGATB060213,Google Women's 1/4 Zip Performance Pullover Black,Apparel,2.0,36.39,13.35,Not Used,0.18,4/5/2019,2500.0,2342.68,4,SALE10,10.0,Women,True
35702,17676.0,M,New York,15.0,24880.0,2019-04-05,GGOEGATB060214,Google Women's 1/4 Zip Performance Pullover Black,Apparel,2.0,36.39,13.35,Used,0.18,4/5/2019,2500.0,2342.68,4,SALE10,10.0,Women,True
35703,17676.0,M,New York,15.0,24880.0,2019-04-05,GGOEGATB060216,Google Women's 1/4 Zip Performance Pullover Black,Apparel,1.0,36.39,13.35,Used,0.18,4/5/2019,2500.0,2342.68,4,SALE10,10.0,Women,True
35704,17676.0,M,New York,15.0,24880.0,2019-04-05,GGOEGATC060315,Google Women's 1/4 Zip Performance Pullover Two-Tone Blue,Apparel,1.0,36.39,13.35,Clicked,0.18,4/5/2019,2500.0,2342.68,4,SALE10,10.0,Women,True
35705,17676.0,M,New York,15.0,24880.0,2019-04-05,GGOEYAQB073213,YouTube Women's Fleece Hoodie Black,Apparel,1.0,31.35,13.35,Not Used,0.18,4/5/2019,2500.0,2342.68,4,SALE10,10.0,Women,True
35706,17676.0,M,New York,15.0,24880.0,2019-04-05,GGOEYAQB073214,YouTube Women's Fleece Hoodie Black,Apparel,1.0,31.35,13.35,Clicked,0.18,4/5/2019,2500.0,2342.68,4,SALE10,10.0,Women,True
35707,17676.0,M,New York,15.0,24880.0,2019-04-05,GGOEYAQB073215,YouTube Women's Fleece Hoodie Black,Apparel,1.0,31.35,13.35,Clicked,0.18,4/5/2019,2500.0,2342.68,4,SALE10,10.0,Women,True
35708,17676.0,M,New York,15.0,24881.0,2019-04-05,GGOEGADJ056813,Google Men's Watershed Full Zip Hoodie Grey,Apparel,1.0,61.59,6.5,Used,0.18,4/5/2019,2500.0,2342.68,4,SALE10,10.0,Men,True
35732,12766.0,F,Chicago,22.0,24893.0,2019-04-05,GGOEGAPB057816,Women's Performance Full Zip Jacket Black,Apparel,1.0,67.19,6.5,Clicked,0.18,4/5/2019,2500.0,2342.68,4,SALE10,10.0,Women,True
35733,12766.0,F,Chicago,22.0,24893.0,2019-04-05,GGOEGATB060416,Google Women's Quilted Insulated Vest Black,Apparel,1.0,59.99,6.5,Not Used,0.18,4/5/2019,2500.0,2342.68,4,SALE10,10.0,Women,True
35734,12766.0,F,Chicago,22.0,24895.0,2019-04-05,GGOEGADJ059813,Google Men's Convertible Vest-Jacket Pewter,Apparel,1.0,55.43,6.5,Clicked,0.18,4/5/2019,2500.0,2342.68,4,SALE10,10.0,Men,True
35744,14527.0,M,California,43.0,25548.0,2019-04-14,GGOEGADJ056816,Google Men's Watershed Full Zip Hoodie Grey,Apparel,1.0,61.59,6.0,Not Used,0.18,4/14/2019,3000.0,1747.0,4,SALE10,10.0,Men,True
35747,14527.0,M,California,43.0,25552.0,2019-04-14,GGOEGATB060417,Google Women's Quilted Insulated Vest Black,Apparel,1.0,74.99,6.0,Used,0.18,4/14/2019,3000.0,1747.0,4,SALE10,10.0,Women,True
35752,17062.0,M,Chicago,44.0,25558.0,2019-04-14,GGOEGAFB035816,Google Men's  Zip Hoodie,Apparel,1.0,55.99,12.99,Clicked,0.18,4/14/2019,3000.0,1747.0,4,SALE10,10.0,Men,True
35757,13240.0,F,California,24.0,25563.0,2019-04-14,GGOEGADJ056816,Google Men's Watershed Full Zip Hoodie Grey,Apparel,1.0,61.59,6.0,Clicked,0.18,4/14/2019,3000.0,1747.0,4,SALE10,10.0,Men,True
35767,14479.0,F,California,17.0,25581.0,2019-04-14,GGOEGADJ056816,Google Men's Watershed Full Zip Hoodie Grey,Apparel,2.0,61.59,6.0,Used,0.18,4/14/2019,3000.0,1747.0,4,SALE10,10.0,Men,True
35775,16065.0,F,New York,41.0,25594.0,2019-04-14,GGOEGADB056915,Google Men's Performance Full Zip Jacket Black,Apparel,1.0,67.19,6.5,Clicked,0.18,4/14/2019,3000.0,1747.0,4,SALE10,10.0,Men,True
35776,16065.0,F,New York,41.0,25595.0,2019-04-14,GGOEGADJ056815,Google Men's Watershed Full Zip Hoodie Grey,Apparel,1.0,61.59,6.0,Used,0.18,4/14/2019,3000.0,1747.0,4,SALE10,10.0,Men,True
35777,16065.0,F,New York,41.0,25595.0,2019-04-14,GGOEGAPB058614,Google Women's Yoga Jacket Black,Apparel,1.0,83.99,6.0,Clicked,0.18,4/14/2019,3000.0,1747.0,4,SALE10,10.0,Women,True
35783,16065.0,F,New York,41.0,25611.0,2019-04-14,GGOEGADB057316,Google Men's Lightweight Microfleece Jacket Black,Apparel,1.0,74.99,6.0,Not Used,0.18,4/14/2019,3000.0,1747.0,4,SALE10,10.0,Men,True
35785,16065.0,F,New York,41.0,25615.0,2019-04-14,GGOEGADJ059713,Google Men's Quilted Insulated Vest Battleship Grey,Apparel,1.0,41.99,6.5,Not Used,0.18,4/14/2019,3000.0,1747.0,4,SALE10,10.0,Men,True
35788,15513.0,F,Chicago,21.0,25270.0,2019-04-11,GGOEYAFB073113,YouTube Men's Fleece Hoodie Black,Apparel,1.0,55.99,15.75,Used,0.18,4/11/2019,3000.0,804.85,4,SALE10,10.0,Men,True
35790,15513.0,F,Chicago,21.0,25274.0,2019-04-11,GGOEGAFJ036213,Google Men's Pullover Hoodie Grey,Apparel,1.0,51.99,6.5,Clicked,0.18,4/11/2019,3000.0,804.85,4,SALE10,10.0,Men,True
35806,13319.0,F,Chicago,27.0,25332.0,2019-04-11,GGOEGAFB035814,Google Men's  Zip Hoodie,Apparel,2.0,55.99,6.5,Not Used,0.18,4/11/2019,3000.0,804.85,4,SALE10,10.0,Men,True
35807,13319.0,F,Chicago,27.0,25332.0,2019-04-11,GGOEGAFB035815,Google Men's  Zip Hoodie,Apparel,1.0,55.99,6.5,Used,0.18,4/11/2019,3000.0,804.85,4,SALE10,10.0,Men,True
35808,13319.0,F,Chicago,27.0,25332.0,2019-04-11,GGOEGAFB035816,Google Men's  Zip Hoodie,Apparel,2.0,55.99,6.5,Clicked,0.18,4/11/2019,3000.0,804.85,4,SALE10,10.0,Men,True
35810,13319.0,F,Chicago,27.0,25335.0,2019-04-11,GGOEGADB057314,Google Men's Lightweight Microfleece Jacket Black,Apparel,1.0,59.99,6.5,Clicked,0.18,4/11/2019,3000.0,804.85,4,SALE10,10.0,Men,True
35811,13319.0,F,Chicago,27.0,25335.0,2019-04-11,GGOEGAFB035814,Google Men's  Zip Hoodie,Apparel,1.0,44.79,6.5,Clicked,0.18,4/11/2019,3000.0,804.85,4,SALE10,10.0,Men,True
35812,13319.0,F,Chicago,27.0,25335.0,2019-04-11,GGOEGAFJ036214,Google Men's Pullover Hoodie Grey,Apparel,1.0,41.59,6.5,Clicked,0.18,4/11/2019,3000.0,804.85,4,SALE10,10.0,Men,True
35816,13319.0,F,Chicago,27.0,25339.0,2019-04-11,GGOEGADB059615,Google Men's Quilted Insulated Vest Black,Apparel,1.0,59.99,6.5,Clicked,0.18,4/11/2019,3000.0,804.85,4,SALE10,10.0,Men,True
35817,13319.0,F,Chicago,27.0,25339.0,2019-04-11,GGOEGAQB036014,Google Women's Fleece Hoodie,Apparel,1.0,44.79,6.5,Used,0.18,4/11/2019,3000.0,804.85,4,SALE10,10.0,Women,True
35822,12963.0,M,New York,9.0,25268.0,2019-04-11,GGOEYAQB073213,YouTube Women's Fleece Hoodie Black,Apparel,1.0,31.35,6.5,Not Used,0.18,4/11/2019,3000.0,804.85,4,SALE10,10.0,Women,True
35826,15079.0,F,California,45.0,25277.0,2019-04-11,GGOEGADJ056814,Google Men's Watershed Full Zip Hoodie Grey,Apparel,1.0,61.59,6.5,Used,0.18,4/11/2019,3000.0,804.85,4,SALE10,10.0,Men,True
35845,18092.0,M,California,34.0,25305.0,2019-04-11,GGOEGAPB057813,Women's Performance Full Zip Jacket Black,Apparel,1.0,67.19,6.5,Used,0.18,4/11/2019,3000.0,804.85,4,SALE10,10.0,Women,True
35850,15358.0,F,New Jersey,35.0,25311.0,2019-04-11,GGOEYAQB073213,YouTube Women's Fleece Hoodie Black,Apparel,1.0,31.35,6.5,Clicked,0.18,4/11/2019,3000.0,804.85,4,SALE10,10.0,Women,True
35856,15358.0,F,New Jersey,35.0,25319.0,2019-04-11,GGOEYAQB073215,YouTube Women's Fleece Hoodie Black,Apparel,1.0,31.35,6.5,Clicked,0.18,4/11/2019,3000.0,804.85,4,SALE10,10.0,Women,True
35857,15358.0,F,New Jersey,35.0,25323.0,2019-04-11,GGOEGAQB036014,Google Women's Fleece Hoodie,Apparel,1.0,44.79,6.5,Used,0.18,4/11/2019,3000.0,804.85,4,SALE10,10.0,Women,True
35875,15983.0,M,New York,25.0,25386.0,2019-04-12,GGOEGADB056614,Men's Weatherblock Shell Jacket Black,Apparel,1.0,52.07,6.5,Clicked,0.18,4/12/2019,3000.0,1631.25,4,SALE10,10.0,Men,True
35880,17377.0,M,Chicago,34.0,25376.0,2019-04-12,GGOEGATB060414,Google Women's Quilted Insulated Vest Black,Apparel,1.0,74.99,6.5,Clicked,0.18,4/12/2019,3000.0,1631.25,4,SALE10,10.0,Women,True
35881,17377.0,M,Chicago,34.0,25381.0,2019-04-12,GGOEAAFB035913,Android Men's  Zip Hoodie,Apparel,1.0,44.79,6.5,Not Used,0.18,4/12/2019,3000.0,1631.25,4,SALE10,10.0,Men,True
35897,16782.0,F,New York,45.0,25405.0,2019-04-12,GGOEGAFB035815,Google Men's  Zip Hoodie,Apparel,1.0,44.79,6.0,Clicked,0.18,4/12/2019,3000.0,1631.25,4,SALE10,10.0,Men,True
35899,16782.0,F,New York,45.0,25405.0,2019-04-12,GGOEYAQB073214,YouTube Women's Fleece Hoodie Black,Apparel,1.0,31.35,6.0,Clicked,0.18,4/12/2019,3000.0,1631.25,4,SALE10,10.0,Women,True
35904,16782.0,F,New York,45.0,25416.0,2019-04-12,GGOEGAFB035815,Google Men's  Zip Hoodie,Apparel,1.0,44.79,6.0,Clicked,0.18,4/12/2019,3000.0,1631.25,4,SALE10,10.0,Men,True
35909,12621.0,M,California,44.0,25349.0,2019-04-12,GGOEGADJ056813,Google Men's Watershed Full Zip Hoodie Grey,Apparel,1.0,61.59,6.5,Clicked,0.18,4/12/2019,3000.0,1631.25,4,SALE10,10.0,Men,True
35923,12797.0,M,California,34.0,25395.0,2019-04-12,GGOEGATB060216,Google Women's 1/4 Zip Performance Pullover Black,Apparel,1.0,36.39,6.0,Not Used,0.18,4/12/2019,3000.0,1631.25,4,SALE10,10.0,Women,True
35929,13369.0,F,New York,24.0,25418.0,2019-04-12,GGOEGAFB035814,Google Men's  Zip Hoodie,Apparel,1.0,55.99,6.0,Used,0.18,4/12/2019,3000.0,1631.25,4,SALE10,10.0,Men,True
35932,12748.0,F,Chicago,28.0,25244.0,2019-04-10,GGOEGADJ056815,Google Men's Watershed Full Zip Hoodie Grey,Apparel,1.0,76.99,6.5,Clicked,0.18,4/10/2019,3000.0,2143.39,4,SALE10,10.0,Men,True
35964,12971.0,F,Washington DC,43.0,25177.0,2019-04-10,GGOEGADJ056815,Google Men's Watershed Full Zip Hoodie Grey,Apparel,1.0,61.59,6.5,Clicked,0.18,4/10/2019,3000.0,2143.39,4,SALE10,10.0,Men,True
35970,16252.0,F,Chicago,37.0,25169.0,2019-04-10,GGOEGAFB035815,Google Men's  Zip Hoodie,Apparel,1.0,44.79,6.5,Clicked,0.18,4/10/2019,3000.0,2143.39,4,SALE10,10.0,Men,True
35974,16700.0,M,New York,7.0,25181.0,2019-04-10,GGOEGADB057314,Google Men's Lightweight Microfleece Jacket Black,Apparel,1.0,59.99,6.5,Clicked,0.18,4/10/2019,3000.0,2143.39,4,SALE10,10.0,Men,True
35976,16700.0,M,New York,7.0,25182.0,2019-04-10,GGOEGADB056615,Men's Weatherblock Shell Jacket Black,Apparel,2.0,65.09,6.5,Used,0.18,4/10/2019,3000.0,2143.39,4,SALE10,10.0,Men,True
35977,16700.0,M,New York,7.0,25182.0,2019-04-10,GGOEGADB056616,Men's Weatherblock Shell Jacket Black,Apparel,2.0,65.09,6.5,Not Used,0.18,4/10/2019,3000.0,2143.39,4,SALE10,10.0,Men,True
35978,16700.0,M,New York,7.0,25182.0,2019-04-10,GGOEGADJ059714,Google Men's Quilted Insulated Vest Battleship Grey,Apparel,1.0,52.49,6.5,Not Used,0.18,4/10/2019,3000.0,2143.39,4,SALE10,10.0,Men,True
35979,16700.0,M,New York,7.0,25182.0,2019-04-10,GGOEGADJ059715,Google Men's Quilted Insulated Vest Battleship Grey,Apparel,3.0,52.49,6.5,Clicked,0.18,4/10/2019,3000.0,2143.39,4,SALE10,10.0,Men,True
35983,16011.0,M,New Jersey,10.0,25182.0,2019-04-10,GGOEGAPB057514,Women's Weatherblock Shell Jacket Black,Apparel,1.0,65.09,6.5,Clicked,0.18,4/10/2019,3000.0,2143.39,4,SALE10,10.0,Women,True
35984,16011.0,M,New Jersey,10.0,25182.0,2019-04-10,GGOEGAPB057515,Women's Weatherblock Shell Jacket Black,Apparel,1.0,65.09,6.5,Clicked,0.18,4/10/2019,3000.0,2143.39,4,SALE10,10.0,Women,True
35985,16011.0,M,New Jersey,10.0,25182.0,2019-04-10,GGOEGAPB057516,Women's Weatherblock Shell Jacket Black,Apparel,1.0,65.09,6.5,Not Used,0.18,4/10/2019,3000.0,2143.39,4,SALE10,10.0,Women,True
35986,16011.0,M,New Jersey,10.0,25182.0,2019-04-10,GGOEGAPB057517,Women's Weatherblock Shell Jacket Black,Apparel,1.0,65.09,6.5,Clicked,0.18,4/10/2019,3000.0,2143.39,4,SALE10,10.0,Women,True
35987,16011.0,M,New Jersey,10.0,25182.0,2019-04-10,GGOEGATB060417,Google Women's Quilted Insulated Vest Black,Apparel,1.0,74.99,6.5,Clicked,0.18,4/10/2019,3000.0,2143.39,4,SALE10,10.0,Women,True
35988,16011.0,M,New Jersey,10.0,25183.0,2019-04-10,GGOEGADB059614,Google Men's Quilted Insulated Vest Black,Apparel,1.0,59.99,6.5,Clicked,0.18,4/10/2019,3000.0,2143.39,4,SALE10,10.0,Men,True
36002,17655.0,F,New York,2.0,25198.0,2019-04-10,GGOEGADB059215,Google Men's Airflow 1/4 Zip Pullover Black,Apparel,1.0,39.19,6.5,Used,0.18,4/10/2019,3000.0,2143.39,4,SALE10,10.0,Men,True
36022,18041.0,M,Washington DC,30.0,25673.0,2019-04-16,GGOEGATB060214,Google Women's 1/4 Zip Performance Pullover Black,Apparel,1.0,36.39,6.0,Clicked,0.18,4/16/2019,4000.0,2168.04,4,SALE10,10.0,Women,True
36023,18041.0,M,Washington DC,30.0,25677.0,2019-04-16,GGOEGATB060214,Google Women's 1/4 Zip Performance Pullover Black,Apparel,1.0,36.39,6.0,Clicked,0.18,4/16/2019,4000.0,2168.04,4,SALE10,10.0,Women,True
36026,18041.0,M,Washington DC,30.0,25688.0,2019-04-16,GGOEGADC059313,Google Men's Airflow 1/4 Zip Pullover Lapis,Apparel,1.0,39.19,12.99,Used,0.18,4/16/2019,4000.0,2168.04,4,SALE10,10.0,Men,True
36027,18041.0,M,Washington DC,30.0,25688.0,2019-04-16,GGOEGATH060714,Google Women's Convertible Vest-Jacket Sea Foam Green,Apparel,1.0,79.19,12.99,Clicked,0.18,4/16/2019,4000.0,2168.04,4,SALE10,10.0,Women,True
36031,17198.0,F,New York,18.0,25708.0,2019-04-16,GGOEYAQB073213,YouTube Women's Fleece Hoodie Black,Apparel,1.0,39.19,6.0,Clicked,0.18,4/16/2019,4000.0,2168.04,4,SALE10,10.0,Women,True
36034,16520.0,F,Washington DC,37.0,25665.0,2019-04-16,GGOEGAPB057515,Women's Weatherblock Shell Jacket Black,Apparel,1.0,52.07,6.0,Used,0.18,4/16/2019,4000.0,2168.04,4,SALE10,10.0,Women,True
36039,15181.0,F,New Jersey,20.0,25689.0,2019-04-16,GGOEGADB059214,Google Men's Airflow 1/4 Zip Pullover Black,Apparel,1.0,39.19,6.0,Clicked,0.18,4/16/2019,4000.0,2168.04,4,SALE10,10.0,Men,True
36040,15856.0,M,Chicago,4.0,25689.0,2019-04-16,GGOEGAQB036014,Google Women's Fleece Hoodie,Apparel,1.0,44.79,6.0,Clicked,0.18,4/16/2019,4000.0,2168.04,4,SALE10,10.0,Women,True
36042,15856.0,M,Chicago,4.0,25694.0,2019-04-16,GGOEGADB056615,Men's Weatherblock Shell Jacket Black,Apparel,1.0,52.07,6.0,Clicked,0.18,4/16/2019,4000.0,2168.04,4,SALE10,10.0,Men,True
36047,15856.0,M,Chicago,4.0,25695.0,2019-04-16,GGOEGAPB058613,Google Women's Yoga Jacket Black,Apparel,1.0,83.99,6.0,Not Used,0.18,4/16/2019,4000.0,2168.04,4,SALE10,10.0,Women,True
36058,12748.0,F,Chicago,28.0,26484.0,2019-04-26,GGOEGADC059515,Google Men's Microfiber 1/4 Zip Pullover Blue/Indigo,Apparel,1.0,41.99,22.71,Clicked,0.18,4/26/2019,3500.0,1363.31,4,SALE10,10.0,Men,True
36062,12748.0,F,Chicago,28.0,26487.0,2019-04-26,GGOEGAQB036017,Google Women's Fleece Hoodie,Apparel,1.0,44.79,19.99,Clicked,0.18,4/26/2019,3500.0,1363.31,4,SALE10,10.0,Women,True
36072,12748.0,F,Chicago,28.0,26495.0,2019-04-26,GGOEYAFB073115,YouTube Men's Fleece Hoodie Black,Apparel,1.0,44.79,6.5,Used,0.18,4/26/2019,3500.0,1363.31,4,SALE10,10.0,Men,True
36076,12748.0,F,Chicago,28.0,26501.0,2019-04-26,GGOEGADB056914,Google Men's Performance Full Zip Jacket Black,Apparel,1.0,67.19,6.0,Used,0.18,4/26/2019,3500.0,1363.31,4,SALE10,10.0,Men,True
36082,12748.0,F,Chicago,28.0,26519.0,2019-04-26,GGOEGAEJ033315,Google Men's Long Sleeve Pullover Badge Tee Heather,Apparel,1.0,24.49,6.0,Clicked,0.18,4/26/2019,3500.0,1363.31,4,SALE10,10.0,Men,True
36088,12748.0,F,Chicago,28.0,26526.0,2019-04-26,GGOEAAFB035914,Android Men's  Zip Hoodie,Apparel,1.0,44.79,6.0,Clicked,0.18,4/26/2019,3500.0,1363.31,4,SALE10,10.0,Men,True
36089,12748.0,F,Chicago,28.0,26526.0,2019-04-26,GGOEGADJ059814,Google Men's Convertible Vest-Jacket Pewter,Apparel,1.0,55.43,6.0,Used,0.18,4/26/2019,3500.0,1363.31,4,SALE10,10.0,Men,True
36092,17827.0,M,California,32.0,26517.0,2019-04-26,GGOEGADJ059716,Google Men's Quilted Insulated Vest Battleship Grey,Apparel,1.0,41.99,6.0,Clicked,0.18,4/26/2019,3500.0,1363.31,4,SALE10,10.0,Men,True
36093,17827.0,M,California,32.0,26517.0,2019-04-26,GGOEGATC060314,Google Women's 1/4 Zip Performance Pullover Two-Tone Blue,Apparel,1.0,36.39,6.0,Clicked,0.18,4/26/2019,3500.0,1363.31,4,SALE10,10.0,Women,True
36098,17912.0,M,New Jersey,7.0,26440.0,2019-04-26,GGOEGAPJ058013,Google Women's 1/4 Zip Jacket Charcoal,Apparel,1.0,87.99,12.99,Clicked,0.18,4/26/2019,3500.0,1363.31,4,SALE10,10.0,Women,True
36101,15723.0,F,Washington DC,4.0,26443.0,2019-04-26,GGOEYAFB073115,YouTube Men's Fleece Hoodie Black,Apparel,1.0,55.99,6.0,Used,0.18,4/26/2019,3500.0,1363.31,4,SALE10,10.0,Men,True
36108,15723.0,F,Washington DC,4.0,26465.0,2019-04-26,GGOEGADJ059716,Google Men's Quilted Insulated Vest Battleship Grey,Apparel,1.0,41.99,6.0,Used,0.18,4/26/2019,3500.0,1363.31,4,SALE10,10.0,Men,True
36109,15723.0,F,Washington DC,4.0,26468.0,2019-04-26,GGOEGADJ056813,Google Men's Watershed Full Zip Hoodie Grey,Apparel,1.0,76.99,6.0,Clicked,0.18,4/26/2019,3500.0,1363.31,4,SALE10,10.0,Men,True
36113,12748.0,F,Chicago,28.0,26536.0,2019-04-27,GGOEGADJ056817,Google Men's Watershed Full Zip Hoodie Grey,Apparel,1.0,61.59,6.0,Used,0.18,4/27/2019,3500.0,2056.17,4,SALE10,10.0,Men,True
36119,12748.0,F,Chicago,28.0,26571.0,2019-04-27,GGOEGAPB057815,Women's Performance Full Zip Jacket Black,Apparel,1.0,67.19,6.0,Used,0.18,4/27/2019,3500.0,2056.17,4,SALE10,10.0,Women,True
36133,17690.0,F,Chicago,6.0,26611.0,2019-04-27,GGOEYAQB073215,YouTube Women's Fleece Hoodie Black,Apparel,1.0,31.35,19.99,Used,0.18,4/27/2019,3500.0,2056.17,4,SALE10,10.0,Women,True
36135,14037.0,M,California,24.0,26550.0,2019-04-27,GGOEGAPJ058013,Google Women's 1/4 Zip Jacket Charcoal,Apparel,1.0,87.99,6.0,Used,0.18,4/27/2019,3500.0,2056.17,4,SALE10,10.0,Women,True
36157,14256.0,F,Chicago,7.0,26602.0,2019-04-27,GGOEYAFB073114,YouTube Men's Fleece Hoodie Black,Apparel,1.0,55.99,6.0,Clicked,0.18,4/27/2019,3500.0,2056.17,4,SALE10,10.0,Men,True
36158,14256.0,F,Chicago,7.0,26602.0,2019-04-27,GGOEYAFB073115,YouTube Men's Fleece Hoodie Black,Apparel,1.0,55.99,6.0,Used,0.18,4/27/2019,3500.0,2056.17,4,SALE10,10.0,Men,True
36159,14256.0,F,Chicago,7.0,26602.0,2019-04-27,GGOEYAQB073213,YouTube Women's Fleece Hoodie Black,Apparel,1.0,39.19,6.0,Used,0.18,4/27/2019,3500.0,2056.17,4,SALE10,10.0,Women,True
36178,14952.0,F,New York,28.0,26744.0,2019-04-29,GGOEGADJ059814,Google Men's Convertible Vest-Jacket Pewter,Apparel,1.0,69.29,6.0,Clicked,0.18,4/29/2019,3500.0,3549.13,4,SALE10,10.0,Men,True
36197,13148.0,M,New York,16.0,26760.0,2019-04-29,GGOEGADB059214,Google Men's Airflow 1/4 Zip Pullover Black,Apparel,1.0,39.19,6.0,Used,0.18,4/29/2019,3500.0,3549.13,4,SALE10,10.0,Men,True
36199,14911.0,F,California,34.0,25495.0,2019-04-13,GGOEGAFB035814,Google Men's  Zip Hoodie,Apparel,1.0,44.79,6.5,Used,0.18,4/13/2019,3000.0,2872.23,4,SALE10,10.0,Men,True
36200,14911.0,F,California,34.0,25495.0,2019-04-13,GGOEGAFB035815,Google Men's  Zip Hoodie,Apparel,1.0,44.79,6.5,Clicked,0.18,4/13/2019,3000.0,2872.23,4,SALE10,10.0,Men,True
36201,14911.0,F,California,34.0,25495.0,2019-04-13,GGOEGAQB036014,Google Women's Fleece Hoodie,Apparel,1.0,44.79,6.5,Used,0.18,4/13/2019,3000.0,2872.23,4,SALE10,10.0,Women,True
36207,14911.0,F,California,34.0,25507.0,2019-04-13,GGOEGADJ056814,Google Men's Watershed Full Zip Hoodie Grey,Apparel,1.0,76.99,6.0,Clicked,0.18,4/13/2019,3000.0,2872.23,4,SALE10,10.0,Men,True
36217,12683.0,M,Chicago,15.0,25459.0,2019-04-13,GGOEGADJ056814,Google Men's Watershed Full Zip Hoodie Grey,Apparel,1.0,61.59,6.0,Clicked,0.18,4/13/2019,3000.0,2872.23,4,SALE10,10.0,Men,True
36224,12683.0,M,Chicago,15.0,25476.0,2019-04-13,GGOEGADJ059715,Google Men's Quilted Insulated Vest Battleship Grey,Apparel,1.0,41.99,6.0,Used,0.18,4/13/2019,3000.0,2872.23,4,SALE10,10.0,Men,True
36245,12429.0,F,New Jersey,43.0,25440.0,2019-04-13,GGOEGAFJ036214,Google Men's Pullover Hoodie Grey,Apparel,1.0,41.59,75.0,Used,0.18,4/13/2019,3000.0,2872.23,4,SALE10,10.0,Men,True
36247,12429.0,F,New Jersey,43.0,25443.0,2019-04-13,GGOEYAQB073216,YouTube Women's Fleece Hoodie Black,Apparel,1.0,39.19,19.99,Not Used,0.18,4/13/2019,3000.0,2872.23,4,SALE10,10.0,Women,True
36250,14355.0,F,New York,7.0,25454.0,2019-04-13,GGOEGADB056714,Men's Softshell Jacket Black/Grey,Apparel,1.0,79.19,6.5,Clicked,0.18,4/13/2019,3000.0,2872.23,4,SALE10,10.0,Men,True
36256,14896.0,F,Washington DC,40.0,25520.0,2019-04-13,GGOEGAPB057815,Women's Performance Full Zip Jacket Black,Apparel,1.0,67.19,6.0,Clicked,0.18,4/13/2019,3000.0,2872.23,4,SALE10,10.0,Women,True
36257,14896.0,F,Washington DC,40.0,25520.0,2019-04-13,GGOEGAQB036015,Google Women's Fleece Hoodie,Apparel,1.0,44.79,6.0,Clicked,0.18,4/13/2019,3000.0,2872.23,4,SALE10,10.0,Women,True
36259,14896.0,F,Washington DC,40.0,25524.0,2019-04-13,GGOEGADJ059814,Google Men's Convertible Vest-Jacket Pewter,Apparel,1.0,55.43,6.0,Clicked,0.18,4/13/2019,3000.0,2872.23,4,SALE10,10.0,Men,True
36313,18118.0,M,Chicago,24.0,26659.0,2019-04-28,GGOEGADJ056816,Google Men's Watershed Full Zip Hoodie Grey,Apparel,1.0,61.59,6.0,Used,0.18,4/28/2019,3500.0,2019.73,4,SALE10,10.0,Men,True
36320,18116.0,F,Chicago,38.0,26630.0,2019-04-28,GGOEGAFJ036215,Google Men's Pullover Hoodie Grey,Apparel,1.0,51.99,6.0,Clicked,0.18,4/28/2019,3500.0,2019.73,4,SALE10,10.0,Men,True
36365,17841.0,M,California,21.0,26108.0,2019-04-21,GGOEGAFB035815,Google Men's  Zip Hoodie,Apparel,1.0,44.79,6.0,Not Used,0.18,4/21/2019,4000.0,3078.84,4,SALE10,10.0,Men,True
36366,17841.0,M,California,21.0,26109.0,2019-04-21,GGOEGAPB057513,Women's Weatherblock Shell Jacket Black,Apparel,1.0,52.07,6.5,Used,0.18,4/21/2019,4000.0,3078.84,4,SALE10,10.0,Women,True
36368,17841.0,M,California,21.0,26120.0,2019-04-21,GGOEGAFJ036216,Google Men's Pullover Hoodie Grey,Apparel,1.0,41.59,6.0,Not Used,0.18,4/21/2019,4000.0,3078.84,4,SALE10,10.0,Men,True
36374,14713.0,F,Chicago,42.0,26130.0,2019-04-21,GGOEGATB060413,Google Women's Quilted Insulated Vest Black,Apparel,1.0,59.99,12.99,Not Used,0.18,4/21/2019,4000.0,3078.84,4,SALE10,10.0,Women,True
36384,14702.0,F,New York,50.0,26154.0,2019-04-21,GGOEGAFJ036215,Google Men's Pullover Hoodie Grey,Apparel,1.0,41.59,6.0,Clicked,0.18,4/21/2019,4000.0,3078.84,4,SALE10,10.0,Men,True
36387,14702.0,F,New York,50.0,26156.0,2019-04-21,GGOEYAFB073114,YouTube Men's Fleece Hoodie Black,Apparel,1.0,44.79,24.49,Not Used,0.18,4/21/2019,4000.0,3078.84,4,SALE10,10.0,Men,True
36388,14702.0,F,New York,50.0,26156.0,2019-04-21,GGOEYAQB073214,YouTube Women's Fleece Hoodie Black,Apparel,1.0,31.35,24.49,Used,0.18,4/21/2019,4000.0,3078.84,4,SALE10,10.0,Women,True
36397,13230.0,M,California,30.0,26164.0,2019-04-21,GGOEGADJ056817,Google Men's Watershed Full Zip Hoodie Grey,Apparel,1.0,76.99,6.0,Used,0.18,4/21/2019,4000.0,3078.84,4,SALE10,10.0,Men,True
36412,13969.0,F,New York,15.0,26175.0,2019-04-21,GGOEGADB057315,Google Men's Lightweight Microfleece Jacket Black,Apparel,1.0,74.99,19.99,Used,0.18,4/21/2019,4000.0,3078.84,4,SALE10,10.0,Men,True
36426,14047.0,F,California,10.0,25950.0,2019-04-19,GGOEYAFB073116,YouTube Men's Fleece Hoodie Black,Apparel,1.0,44.79,16.47,Clicked,0.18,4/19/2019,4000.0,1754.92,4,SALE10,10.0,Men,True
36460,16579.0,M,California,50.0,25950.0,2019-04-19,GGOEYAFB073114,YouTube Men's Fleece Hoodie Black,Apparel,5.0,44.79,16.47,Not Used,0.18,4/19/2019,4000.0,1754.92,4,SALE10,10.0,Men,True
36461,15380.0,M,California,9.0,25950.0,2019-04-19,GGOEYAFB073115,YouTube Men's Fleece Hoodie Black,Apparel,7.0,44.79,16.47,Clicked,0.18,4/19/2019,4000.0,1754.92,4,SALE10,10.0,Men,True
36462,17442.0,M,California,34.0,25950.0,2019-04-19,GGOEYAQB073214,YouTube Women's Fleece Hoodie Black,Apparel,7.0,31.35,16.47,Used,0.18,4/19/2019,4000.0,1754.92,4,SALE10,10.0,Women,True
36463,17950.0,F,New York,39.0,25950.0,2019-04-19,GGOEYAQB073215,YouTube Women's Fleece Hoodie Black,Apparel,3.0,31.35,16.47,Used,0.18,4/19/2019,4000.0,1754.92,4,SALE10,10.0,Women,True
36464,17950.0,F,New York,39.0,25951.0,2019-04-19,GGOEGAFB035814,Google Men's  Zip Hoodie,Apparel,1.0,44.79,12.48,Used,0.18,4/19/2019,4000.0,1754.92,4,SALE10,10.0,Men,True
36465,17950.0,F,New York,39.0,25951.0,2019-04-19,GGOEGAFB035816,Google Men's  Zip Hoodie,Apparel,1.0,44.79,12.48,Used,0.18,4/19/2019,4000.0,1754.92,4,SALE10,10.0,Men,True
36466,17950.0,F,New York,39.0,25951.0,2019-04-19,GGOEGAQB036014,Google Women's Fleece Hoodie,Apparel,1.0,44.79,12.48,Used,0.18,4/19/2019,4000.0,1754.92,4,SALE10,10.0,Women,True
36475,17950.0,F,New York,39.0,25967.0,2019-04-19,GGOEGADB056616,Men's Weatherblock Shell Jacket Black,Apparel,1.0,52.07,6.0,Clicked,0.18,4/19/2019,4000.0,1754.92,4,SALE10,10.0,Men,True
36477,12826.0,M,California,33.0,25973.0,2019-04-19,GGOEGADJ056816,Google Men's Watershed Full Zip Hoodie Grey,Apparel,2.0,76.99,6.0,Used,0.18,4/19/2019,4000.0,1754.92,4,SALE10,10.0,Men,True
36492,15811.0,F,Chicago,27.0,25994.0,2019-04-19,GGOEGADJ059715,Google Men's Quilted Insulated Vest Battleship Grey,Apparel,1.0,41.99,6.0,Clicked,0.18,4/19/2019,4000.0,1754.92,4,SALE10,10.0,Men,True
36526,14766.0,M,New York,24.0,25046.0,2019-04-07,GGOEGAFB035815,Google Men's  Zip Hoodie,Apparel,1.0,44.79,6.5,Clicked,0.18,4/7/2019,2500.0,2719.46,4,SALE10,10.0,Men,True
36527,16722.0,F,New Jersey,45.0,25050.0,2019-04-07,GGOEGADB059613,Google Men's Quilted Insulated Vest Black,Apparel,1.0,74.99,16.85,Clicked,0.18,4/7/2019,2500.0,2719.46,4,SALE10,10.0,Men,True
36530,16722.0,F,New Jersey,45.0,25050.0,2019-04-07,GGOEGAFB035813,Google Men's  Zip Hoodie,Apparel,1.0,55.99,16.85,Not Used,0.18,4/7/2019,2500.0,2719.46,4,SALE10,10.0,Men,True
36531,16722.0,F,New Jersey,45.0,25052.0,2019-04-07,GGOEGADB056616,Men's Weatherblock Shell Jacket Black,Apparel,1.0,52.07,6.5,Used,0.18,4/7/2019,2500.0,2719.46,4,SALE10,10.0,Men,True
36571,13140.0,M,New York,34.0,25016.0,2019-04-07,GGOEGAQB036013,Google Women's Fleece Hoodie,Apparel,1.0,44.79,19.02,Used,0.18,4/7/2019,2500.0,2719.46,4,SALE10,10.0,Women,True
36579,13140.0,M,New York,34.0,25018.0,2019-04-07,GGOEGATB060416,Google Women's Quilted Insulated Vest Black,Apparel,1.0,59.99,6.5,Clicked,0.18,4/7/2019,2500.0,2719.46,4,SALE10,10.0,Women,True
36590,17999.0,F,New Jersey,30.0,25033.0,2019-04-07,GGOEGADJ059714,Google Men's Quilted Insulated Vest Battleship Grey,Apparel,1.0,41.99,6.5,Clicked,0.18,4/7/2019,2500.0,2719.46,4,SALE10,10.0,Men,True
36595,17999.0,F,New Jersey,30.0,25035.0,2019-04-07,GGOEYAFB073113,YouTube Men's Fleece Hoodie Black,Apparel,1.0,55.99,6.5,Not Used,0.18,4/7/2019,2500.0,2719.46,4,SALE10,10.0,Men,True
36597,17999.0,F,New Jersey,30.0,25040.0,2019-04-07,GGOEGAQB036013,Google Women's Fleece Hoodie,Apparel,2.0,44.79,15.75,Not Used,0.18,4/7/2019,2500.0,2719.46,4,SALE10,10.0,Women,True
36614,17340.0,F,California,36.0,25066.0,2019-04-07,GGOEGADJ056814,Google Men's Watershed Full Zip Hoodie Grey,Apparel,1.0,76.99,6.5,Clicked,0.18,4/7/2019,2500.0,2719.46,4,SALE10,10.0,Men,True
36616,17340.0,F,California,36.0,25066.0,2019-04-07,GGOEGAQB036016,Google Women's Fleece Hoodie,Apparel,1.0,55.99,6.5,Clicked,0.18,4/7/2019,2500.0,2719.46,4,SALE10,10.0,Women,True
36621,17340.0,F,California,36.0,25068.0,2019-04-07,GGOEGADB056617,Men's Weatherblock Shell Jacket Black,Apparel,1.0,52.07,6.5,Not Used,0.18,4/7/2019,2500.0,2719.46,4,SALE10,10.0,Men,True
36622,17340.0,F,California,36.0,25068.0,2019-04-07,GGOEGAPB057513,Women's Weatherblock Shell Jacket Black,Apparel,1.0,52.07,6.5,Clicked,0.18,4/7/2019,2500.0,2719.46,4,SALE10,10.0,Women,True
36626,12471.0,F,California,11.0,26242.0,2019-04-22,GGOEGAQB036013,Google Women's Fleece Hoodie,Apparel,1.0,44.79,6.0,Used,0.18,4/22/2019,4000.0,1608.26,4,SALE10,10.0,Women,True
36630,17530.0,F,Chicago,28.0,26205.0,2019-04-22,GGOEGADJ056815,Google Men's Watershed Full Zip Hoodie Grey,Apparel,1.0,61.59,6.0,Not Used,0.18,4/22/2019,4000.0,1608.26,4,SALE10,10.0,Men,True
36631,17530.0,F,Chicago,28.0,26205.0,2019-04-22,GGOEGAQB036014,Google Women's Fleece Hoodie,Apparel,1.0,44.79,6.0,Not Used,0.18,4/22/2019,4000.0,1608.26,4,SALE10,10.0,Women,True
36639,17530.0,F,Chicago,28.0,26218.0,2019-04-22,GGOEGADJ059714,Google Men's Quilted Insulated Vest Battleship Grey,Apparel,1.0,52.49,6.0,Clicked,0.18,4/22/2019,4000.0,1608.26,4,SALE10,10.0,Men,True
36650,12471.0,F,California,11.0,26264.0,2019-04-23,GGOEGADJ059717,Google Men's Quilted Insulated Vest Battleship Grey,Apparel,1.0,52.49,6.0,Clicked,0.18,4/23/2019,3500.0,3107.11,4,SALE10,10.0,Men,True
36656,17696.0,F,California,2.0,26271.0,2019-04-23,GGOEGATB060417,Google Women's Quilted Insulated Vest Black,Apparel,1.0,74.99,75.0,Used,0.18,4/23/2019,3500.0,3107.11,4,SALE10,10.0,Women,True
36662,15996.0,F,Chicago,26.0,25123.0,2019-04-09,GGOEGADB056917,Google Men's Performance Full Zip Jacket Black,Apparel,1.0,67.19,6.5,Used,0.18,4/9/2019,3000.0,1740.91,4,SALE10,10.0,Men,True
36665,15996.0,F,Chicago,26.0,25125.0,2019-04-09,GGOEGADB059617,Google Men's Quilted Insulated Vest Black,Apparel,1.0,59.99,6.5,Used,0.18,4/9/2019,3000.0,1740.91,4,SALE10,10.0,Men,True
36670,14030.0,F,California,5.0,25146.0,2019-04-09,GGOEGATB060614,Google Women's Convertible Vest-Jacket Black,Apparel,1.0,79.19,16.85,Used,0.18,4/9/2019,3000.0,1740.91,4,SALE10,10.0,Women,True
36673,14030.0,F,California,5.0,25150.0,2019-04-09,GGOEGAFB035813,Google Men's  Zip Hoodie,Apparel,1.0,55.99,6.5,Not Used,0.18,4/9/2019,3000.0,1740.91,4,SALE10,10.0,Men,True
36677,15311.0,F,Chicago,40.0,25832.0,2019-04-18,GGOEGAFB035813,Google Men's  Zip Hoodie,Apparel,75.0,55.99,6.0,Not Used,0.18,4/18/2019,4000.0,1476.58,4,SALE10,10.0,Men,True
36678,15311.0,F,Chicago,40.0,25832.0,2019-04-18,GGOEGAFB035815,Google Men's  Zip Hoodie,Apparel,50.0,55.99,6.0,Not Used,0.18,4/18/2019,4000.0,1476.58,4,SALE10,10.0,Men,True
36679,15311.0,F,Chicago,40.0,25832.0,2019-04-18,GGOEGAFB035816,Google Men's  Zip Hoodie,Apparel,75.0,55.99,6.0,Clicked,0.18,4/18/2019,4000.0,1476.58,4,SALE10,10.0,Men,True
36696,12682.0,F,Chicago,33.0,25902.0,2019-04-18,GGOEGADJ056814,Google Men's Watershed Full Zip Hoodie Grey,Apparel,1.0,61.59,39.27,Used,0.18,4/18/2019,4000.0,1476.58,4,SALE10,10.0,Men,True
36697,12682.0,F,Chicago,33.0,25903.0,2019-04-18,GGOEGADJ056814,Google Men's Watershed Full Zip Hoodie Grey,Apparel,1.0,76.99,6.0,Not Used,0.18,4/18/2019,4000.0,1476.58,4,SALE10,10.0,Men,True
36698,12682.0,F,Chicago,33.0,25906.0,2019-04-18,GGOEGATJ060516,Google Women's Quilted Insulated Vest White,Apparel,1.0,41.99,6.0,Clicked,0.18,4/18/2019,4000.0,1476.58,4,SALE10,10.0,Women,True
36729,16795.0,F,California,20.0,25820.0,2019-04-18,GGOEGADB059616,Google Men's Quilted Insulated Vest Black,Apparel,1.0,59.99,6.0,Clicked,0.18,4/18/2019,4000.0,1476.58,4,SALE10,10.0,Men,True
36746,16255.0,M,Chicago,7.0,25853.0,2019-04-18,GGOEGADC059316,Google Men's Airflow 1/4 Zip Pullover Lapis,Apparel,1.0,39.19,6.0,Clicked,0.18,4/18/2019,4000.0,1476.58,4,SALE10,10.0,Men,True
36747,16255.0,M,Chicago,7.0,25853.0,2019-04-18,GGOEGATC060316,Google Women's 1/4 Zip Performance Pullover Two-Tone Blue,Apparel,1.0,36.39,6.0,Used,0.18,4/18/2019,4000.0,1476.58,4,SALE10,10.0,Women,True
36755,17646.0,M,New Jersey,13.0,25856.0,2019-04-18,GGOEGAPB057815,Women's Performance Full Zip Jacket Black,Apparel,1.0,67.19,6.0,Used,0.18,4/18/2019,4000.0,1476.58,4,SALE10,10.0,Women,True
36757,16350.0,F,Chicago,31.0,25863.0,2019-04-18,GGOEYAFB073116,YouTube Men's Fleece Hoodie Black,Apparel,1.0,55.99,12.99,Used,0.18,4/18/2019,4000.0,1476.58,4,SALE10,10.0,Men,True
36758,12872.0,M,New Jersey,20.0,25865.0,2019-04-18,GGOEGAPB057817,Women's Performance Full Zip Jacket Black,Apparel,1.0,83.99,6.0,Used,0.18,4/18/2019,4000.0,1476.58,4,SALE10,10.0,Women,True
36762,12872.0,M,New Jersey,20.0,25870.0,2019-04-18,GGOEGADB056615,Men's Weatherblock Shell Jacket Black,Apparel,1.0,52.07,6.0,Used,0.18,4/18/2019,4000.0,1476.58,4,SALE10,10.0,Men,True
36766,12872.0,M,New Jersey,20.0,25876.0,2019-04-18,GGOEGAFB035814,Google Men's  Zip Hoodie,Apparel,1.0,44.79,6.0,Used,0.18,4/18/2019,4000.0,1476.58,4,SALE10,10.0,Men,True
36768,12872.0,M,New Jersey,20.0,25881.0,2019-04-18,GGOEGADB056614,Men's Weatherblock Shell Jacket Black,Apparel,1.0,52.07,6.0,Clicked,0.18,4/18/2019,4000.0,1476.58,4,SALE10,10.0,Men,True
36785,17827.0,M,California,32.0,26293.0,2019-04-24,GGOEGAFB035815,Google Men's  Zip Hoodie,Apparel,1.0,44.79,6.0,Clicked,0.18,4/24/2019,3500.0,1650.62,4,SALE10,10.0,Men,True
36806,16265.0,M,California,38.0,26307.0,2019-04-24,GGOEYAFB073113,YouTube Men's Fleece Hoodie Black,Apparel,1.0,44.79,12.91,Not Used,0.18,4/24/2019,3500.0,1650.62,4,SALE10,10.0,Men,True
36808,17880.0,M,California,12.0,26307.0,2019-04-24,GGOEYAQB073214,YouTube Women's Fleece Hoodie Black,Apparel,1.0,31.35,12.91,Clicked,0.18,4/24/2019,3500.0,1650.62,4,SALE10,10.0,Women,True
36827,15555.0,F,Chicago,34.0,26079.0,2019-04-20,GGOEGAEJ033314,Google Men's Long Sleeve Pullover Badge Tee Heather,Apparel,1.0,19.59,6.0,Used,0.18,4/20/2019,4000.0,1330.34,4,SALE10,10.0,Men,True
36843,15596.0,F,California,39.0,26031.0,2019-04-20,GGOEGADJ059716,Google Men's Quilted Insulated Vest Battleship Grey,Apparel,1.0,41.99,12.99,Used,0.18,4/20/2019,4000.0,1330.34,4,SALE10,10.0,Men,True
36848,15596.0,F,California,39.0,26039.0,2019-04-20,GGOEGAPB057517,Women's Weatherblock Shell Jacket Black,Apparel,1.0,65.09,6.0,Not Used,0.18,4/20/2019,4000.0,1330.34,4,SALE10,10.0,Women,True
36849,15596.0,F,California,39.0,26039.0,2019-04-20,GGOEYAQB073217,YouTube Women's Fleece Hoodie Black,Apparel,1.0,39.19,6.0,Used,0.18,4/20/2019,4000.0,1330.34,4,SALE10,10.0,Women,True
36853,16163.0,F,Chicago,22.0,26043.0,2019-04-20,GGOEYAFB073117,YouTube Men's Fleece Hoodie Black,Apparel,1.0,55.99,19.99,Clicked,0.18,4/20/2019,4000.0,1330.34,4,SALE10,10.0,Men,True
36858,16907.0,F,California,16.0,26056.0,2019-04-20,GGOEGADB056716,Men's Softshell Jacket Black/Grey,Apparel,1.0,98.99,6.0,Used,0.18,4/20/2019,4000.0,1330.34,4,SALE10,10.0,Men,True
36859,16907.0,F,California,16.0,26057.0,2019-04-20,GGOEGADJ056815,Google Men's Watershed Full Zip Hoodie Grey,Apparel,1.0,61.59,6.0,Clicked,0.18,4/20/2019,4000.0,1330.34,4,SALE10,10.0,Men,True
36861,16907.0,F,California,16.0,26066.0,2019-04-20,GGOEGAQB036013,Google Women's Fleece Hoodie,Apparel,1.0,44.79,30.0,Clicked,0.18,4/20/2019,4000.0,1330.34,4,SALE10,10.0,Women,True
36871,17340.0,F,California,36.0,25092.0,2019-04-08,GGOEGADB056615,Men's Weatherblock Shell Jacket Black,Apparel,1.0,52.07,6.5,Used,0.18,4/8/2019,2500.0,2200.69,4,SALE10,10.0,Men,True
36881,17340.0,F,California,36.0,25104.0,2019-04-08,GGOEGAFB035816,Google Men's  Zip Hoodie,Apparel,1.0,44.79,6.5,Clicked,0.18,4/8/2019,2500.0,2200.69,4,SALE10,10.0,Men,True
36882,17340.0,F,California,36.0,25106.0,2019-04-08,GGOEGAFB035816,Google Men's  Zip Hoodie,Apparel,1.0,44.79,6.5,Used,0.18,4/8/2019,2500.0,2200.69,4,SALE10,10.0,Men,True
36887,17340.0,F,California,36.0,25111.0,2019-04-08,GGOEGADB059216,Google Men's Airflow 1/4 Zip Pullover Black,Apparel,2.0,39.19,12.91,Clicked,0.18,4/8/2019,2500.0,2200.69,4,SALE10,10.0,Men,True
36897,15271.0,F,Chicago,37.0,25748.0,2019-04-17,GGOEGADB056615,Men's Weatherblock Shell Jacket Black,Apparel,1.0,52.07,6.0,Not Used,0.18,4/17/2019,4000.0,2526.49,4,SALE10,10.0,Men,True
36899,15271.0,F,Chicago,37.0,25753.0,2019-04-17,GGOEGAFB035813,Google Men's  Zip Hoodie,Apparel,1.0,55.99,6.0,Used,0.18,4/17/2019,4000.0,2526.49,4,SALE10,10.0,Men,True
36902,13982.0,F,Chicago,13.0,25764.0,2019-04-17,GGOEYAQB073213,YouTube Women's Fleece Hoodie Black,Apparel,1.0,31.35,6.0,Clicked,0.18,4/17/2019,4000.0,2526.49,4,SALE10,10.0,Women,True
36908,15288.0,M,California,50.0,25776.0,2019-04-17,GGOEGADJ059714,Google Men's Quilted Insulated Vest Battleship Grey,Apparel,1.0,41.99,6.0,Clicked,0.18,4/17/2019,4000.0,2526.49,4,SALE10,10.0,Men,True
36909,15288.0,M,California,50.0,25779.0,2019-04-17,GGOEGADB057317,Google Men's Lightweight Microfleece Jacket Black,Apparel,1.0,74.99,6.0,Used,0.18,4/17/2019,4000.0,2526.49,4,SALE10,10.0,Men,True
36911,15288.0,M,California,50.0,25782.0,2019-04-17,GGOEGADJ059714,Google Men's Quilted Insulated Vest Battleship Grey,Apparel,9.0,41.99,14.96,Not Used,0.18,4/17/2019,4000.0,2526.49,4,SALE10,10.0,Men,True
36912,15288.0,M,California,50.0,25782.0,2019-04-17,GGOEGADJ059715,Google Men's Quilted Insulated Vest Battleship Grey,Apparel,2.0,41.99,14.96,Clicked,0.18,4/17/2019,4000.0,2526.49,4,SALE10,10.0,Men,True
36913,15288.0,M,California,50.0,25782.0,2019-04-17,GGOEGADJ059716,Google Men's Quilted Insulated Vest Battleship Grey,Apparel,1.0,41.99,14.96,Used,0.18,4/17/2019,4000.0,2526.49,4,SALE10,10.0,Men,True
36914,15288.0,M,California,50.0,25782.0,2019-04-17,GGOEGATJ060513,Google Women's Quilted Insulated Vest White,Apparel,5.0,41.99,14.96,Clicked,0.18,4/17/2019,4000.0,2526.49,4,SALE10,10.0,Women,True
36915,15288.0,M,California,50.0,25782.0,2019-04-17,GGOEGATJ060514,Google Women's Quilted Insulated Vest White,Apparel,1.0,41.99,14.96,Clicked,0.18,4/17/2019,4000.0,2526.49,4,SALE10,10.0,Women,True
36916,15288.0,M,California,50.0,25782.0,2019-04-17,GGOEGATJ060515,Google Women's Quilted Insulated Vest White,Apparel,5.0,41.99,14.96,Used,0.18,4/17/2019,4000.0,2526.49,4,SALE10,10.0,Women,True
36934,16795.0,F,California,20.0,25796.0,2019-04-17,GGOEGAFJ036215,Google Men's Pullover Hoodie Grey,Apparel,1.0,41.59,6.0,Clicked,0.18,4/17/2019,4000.0,2526.49,4,SALE10,10.0,Men,True
36935,16795.0,F,California,20.0,25796.0,2019-04-17,GGOEGAQB036013,Google Women's Fleece Hoodie,Apparel,1.0,44.79,6.0,Not Used,0.18,4/17/2019,4000.0,2526.49,4,SALE10,10.0,Women,True
36940,16795.0,F,California,20.0,25803.0,2019-04-17,GGOEYAFB073114,YouTube Men's Fleece Hoodie Black,Apparel,1.0,44.79,6.0,Clicked,0.18,4/17/2019,4000.0,2526.49,4,SALE10,10.0,Men,True
36943,15498.0,F,New York,14.0,24978.0,2019-04-06,GGOEGADJ056813,Google Men's Watershed Full Zip Hoodie Grey,Apparel,1.0,61.59,6.5,Clicked,0.18,4/6/2019,2500.0,2307.25,4,SALE10,10.0,Men,True
36978,15005.0,F,New York,30.0,24945.0,2019-04-06,GGOEGAPB057815,Women's Performance Full Zip Jacket Black,Apparel,1.0,67.19,6.5,Not Used,0.18,4/6/2019,2500.0,2307.25,4,SALE10,10.0,Women,True
36983,15005.0,F,New York,30.0,24951.0,2019-04-06,GGOEGATJ060514,Google Women's Quilted Insulated Vest White,Apparel,1.0,41.99,6.5,Clicked,0.18,4/6/2019,2500.0,2307.25,4,SALE10,10.0,Women,True
36988,15581.0,F,California,18.0,24953.0,2019-04-06,GGOEYAQB073214,YouTube Women's Fleece Hoodie Black,Apparel,1.0,31.35,12.48,Used,0.18,4/6/2019,2500.0,2307.25,4,SALE10,10.0,Women,True
36989,15581.0,F,California,18.0,24953.0,2019-04-06,GGOEYAQB073215,YouTube Women's Fleece Hoodie Black,Apparel,1.0,31.35,12.48,Used,0.18,4/6/2019,2500.0,2307.25,4,SALE10,10.0,Women,True
36992,15680.0,M,California,32.0,24961.0,2019-04-06,GGOEYAFB073115,YouTube Men's Fleece Hoodie Black,Apparel,3.0,44.79,32.18,Used,0.18,4/6/2019,2500.0,2307.25,4,SALE10,10.0,Men,True
36993,15680.0,M,California,32.0,24961.0,2019-04-06,GGOEYAQB073214,YouTube Women's Fleece Hoodie Black,Apparel,3.0,31.35,32.18,Used,0.18,4/6/2019,2500.0,2307.25,4,SALE10,10.0,Women,True
36994,15680.0,M,California,32.0,24961.0,2019-04-06,GGOEYAQB073215,YouTube Women's Fleece Hoodie Black,Apparel,2.0,31.35,32.18,Clicked,0.18,4/6/2019,2500.0,2307.25,4,SALE10,10.0,Women,True
36995,15680.0,M,California,32.0,24962.0,2019-04-06,GGOEYAQB073214,YouTube Women's Fleece Hoodie Black,Apparel,1.0,31.35,18.36,Not Used,0.18,4/6/2019,2500.0,2307.25,4,SALE10,10.0,Women,True
37000,15680.0,M,California,32.0,24969.0,2019-04-06,GGOEGATC060313,Google Women's 1/4 Zip Performance Pullover Two-Tone Blue,Apparel,1.0,45.49,6.5,Used,0.18,4/6/2019,2500.0,2307.25,4,SALE10,10.0,Women,True
37009,14107.0,M,Chicago,11.0,26798.0,2019-04-30,GGOEGATJ060513,Google Women's Quilted Insulated Vest White,Apparel,1.0,41.99,6.0,Clicked,0.18,4/30/2019,3000.0,1799.66,4,SALE10,10.0,Women,True
37010,14107.0,M,Chicago,11.0,26798.0,2019-04-30,GGOEYAQB073213,YouTube Women's Fleece Hoodie Black,Apparel,1.0,31.35,6.0,Used,0.18,4/30/2019,3000.0,1799.66,4,SALE10,10.0,Women,True
37052,16713.0,M,Chicago,5.0,24760.0,2019-04-04,GGOEGADB056713,Men's Softshell Jacket Black/Grey,Apparel,1.0,79.19,39.81,Clicked,0.18,4/4/2019,2500.0,1136.06,4,SALE10,10.0,Men,True
37056,16713.0,M,Chicago,5.0,24772.0,2019-04-04,GGOEGADC059513,Google Men's Microfiber 1/4 Zip Pullover Blue/Indigo,Apparel,1.0,52.49,6.5,Clicked,0.18,4/4/2019,2500.0,1136.06,4,SALE10,10.0,Men,True
37059,16713.0,M,Chicago,5.0,24779.0,2019-04-04,GGOEGAQB036016,Google Women's Fleece Hoodie,Apparel,1.0,44.79,6.5,Not Used,0.18,4/4/2019,2500.0,1136.06,4,SALE10,10.0,Women,True
37084,18061.0,M,Washington DC,4.0,24810.0,2019-04-04,GGOEGADJ056814,Google Men's Watershed Full Zip Hoodie Grey,Apparel,1.0,61.59,6.5,Used,0.18,4/4/2019,2500.0,1136.06,4,SALE10,10.0,Men,True
37085,18061.0,M,Washington DC,4.0,24810.0,2019-04-04,GGOEGAFB035814,Google Men's  Zip Hoodie,Apparel,1.0,44.79,6.5,Used,0.18,4/4/2019,2500.0,1136.06,4,SALE10,10.0,Men,True
37090,16016.0,M,California,19.0,24594.0,2019-04-01,GGOEGAPB057814,Women's Performance Full Zip Jacket Black,Apparel,2.0,67.19,6.5,Clicked,0.18,4/1/2019,2000.0,4019.93,4,SALE10,10.0,Women,True
37091,16016.0,M,California,19.0,24594.0,2019-04-01,GGOEGATJ060513,Google Women's Quilted Insulated Vest White,Apparel,1.0,41.99,6.5,Used,0.18,4/1/2019,2000.0,4019.93,4,SALE10,10.0,Women,True
37092,16016.0,M,California,19.0,24594.0,2019-04-01,GGOEGATJ060514,Google Women's Quilted Insulated Vest White,Apparel,1.0,41.99,6.5,Clicked,0.18,4/1/2019,2000.0,4019.93,4,SALE10,10.0,Women,True
37100,17722.0,F,Chicago,12.0,24615.0,2019-04-01,GGOEGAFJ036217,Google Men's Pullover Hoodie Grey,Apparel,1.0,51.99,6.5,Not Used,0.18,4/1/2019,2000.0,4019.93,4,SALE10,10.0,Men,True
37103,17722.0,F,Chicago,12.0,24621.0,2019-04-01,GGOEGAFB035814,Google Men's  Zip Hoodie,Apparel,1.0,44.79,6.5,Not Used,0.18,4/1/2019,2000.0,4019.93,4,SALE10,10.0,Men,True
37104,17722.0,F,Chicago,12.0,24621.0,2019-04-01,GGOEGAQB036014,Google Women's Fleece Hoodie,Apparel,1.0,44.79,6.5,Clicked,0.18,4/1/2019,2000.0,4019.93,4,SALE10,10.0,Women,True
37116,17324.0,M,New Jersey,49.0,24640.0,2019-04-02,GGOEGADB059216,Google Men's Airflow 1/4 Zip Pullover Black,Apparel,1.0,39.19,6.5,Clicked,0.18,4/2/2019,2500.0,1909.27,4,SALE10,10.0,Men,True
37120,17324.0,M,New Jersey,49.0,24640.0,2019-04-02,GGOEGAPB057815,Women's Performance Full Zip Jacket Black,Apparel,1.0,67.19,6.5,Clicked,0.18,4/2/2019,2500.0,1909.27,4,SALE10,10.0,Women,True
37122,17341.0,F,New York,13.0,24640.0,2019-04-02,GGOEGATB060215,Google Women's 1/4 Zip Performance Pullover Black,Apparel,1.0,36.39,6.5,Clicked,0.18,4/2/2019,2500.0,1909.27,4,SALE10,10.0,Women,True
37123,17341.0,F,New York,13.0,24640.0,2019-04-02,GGOEGATC060315,Google Women's 1/4 Zip Performance Pullover Two-Tone Blue,Apparel,1.0,36.39,6.5,Clicked,0.18,4/2/2019,2500.0,1909.27,4,SALE10,10.0,Women,True
37136,17341.0,F,New York,13.0,24667.0,2019-04-02,GGOEGAFB035814,Google Men's  Zip Hoodie,Apparel,1.0,44.79,6.5,Clicked,0.18,4/2/2019,2500.0,1909.27,4,SALE10,10.0,Men,True
37145,17341.0,F,New York,13.0,24699.0,2019-04-03,GGOEGAQB036014,Google Women's Fleece Hoodie,Apparel,1.0,55.99,20.22,Clicked,0.18,4/3/2019,2500.0,1748.14,4,SALE10,10.0,Women,True
37147,17341.0,F,New York,13.0,24704.0,2019-04-03,GGOEGADB056913,Google Men's Performance Full Zip Jacket Black,Apparel,1.0,67.19,6.5,Clicked,0.18,4/3/2019,2500.0,1748.14,4,SALE10,10.0,Men,True
37170,14051.0,M,Chicago,6.0,24730.0,2019-04-03,GGOEGADJ059714,Google Men's Quilted Insulated Vest Battleship Grey,Apparel,1.0,41.99,14.41,Clicked,0.18,4/3/2019,2500.0,1748.14,4,SALE10,10.0,Men,True
37171,14051.0,M,Chicago,6.0,24731.0,2019-04-03,GGOEGAEJ033315,Google Men's Long Sleeve Pullover Badge Tee Heather,Apparel,1.0,19.59,6.5,Clicked,0.18,4/3/2019,2500.0,1748.14,4,SALE10,10.0,Men,True
37173,15916.0,F,Chicago,37.0,24731.0,2019-04-03,GGOEGAFJ036213,Google Men's Pullover Hoodie Grey,Apparel,1.0,41.59,6.5,Used,0.18,4/3/2019,2500.0,1748.14,4,SALE10,10.0,Men,True
37176,16520.0,F,Washington DC,37.0,25637.0,2019-04-15,GGOEAAFB035914,Android Men's  Zip Hoodie,Apparel,1.0,44.79,6.0,Not Used,0.18,4/15/2019,3000.0,1593.58,4,SALE10,10.0,Men,True
37177,16520.0,F,Washington DC,37.0,25637.0,2019-04-15,GGOEGADJ056814,Google Men's Watershed Full Zip Hoodie Grey,Apparel,1.0,61.59,6.0,Used,0.18,4/15/2019,3000.0,1593.58,4,SALE10,10.0,Men,True
37181,16520.0,F,Washington DC,37.0,25652.0,2019-04-15,GGOEGAQB036013,Google Women's Fleece Hoodie,Apparel,1.0,44.79,6.0,Clicked,0.18,4/15/2019,3000.0,1593.58,4,SALE10,10.0,Women,True
37195,17827.0,M,California,32.0,26383.0,2019-04-25,GGOEGATB060215,Google Women's 1/4 Zip Performance Pullover Black,Apparel,1.0,36.39,6.0,Used,0.18,4/25/2019,3500.0,620.94,4,SALE10,10.0,Women,True
37196,17827.0,M,California,32.0,26383.0,2019-04-25,GGOEGATC060315,Google Women's 1/4 Zip Performance Pullover Two-Tone Blue,Apparel,1.0,36.39,6.0,Clicked,0.18,4/25/2019,3500.0,620.94,4,SALE10,10.0,Women,True
37218,14419.0,M,New York,20.0,26366.0,2019-04-25,GGOEGADC059314,Google Men's Airflow 1/4 Zip Pullover Lapis,Apparel,1.0,39.19,6.0,Not Used,0.18,4/25/2019,3500.0,620.94,4,SALE10,10.0,Men,True
37227,14082.0,F,New York,31.0,26428.0,2019-04-25,GGOEGADB056914,Google Men's Performance Full Zip Jacket Black,Apparel,1.0,67.19,6.0,Clicked,0.18,4/25/2019,3500.0,620.94,4,SALE10,10.0,Men,True
37228,14082.0,F,New York,31.0,26428.0,2019-04-25,GGOEGAPB057814,Women's Performance Full Zip Jacket Black,Apparel,1.0,67.19,6.0,Used,0.18,4/25/2019,3500.0,620.94,4,SALE10,10.0,Women,True
37230,14082.0,F,New York,31.0,26430.0,2019-04-25,GGOEGAQB036013,Google Women's Fleece Hoodie,Apparel,1.0,44.79,6.0,Used,0.18,4/25/2019,3500.0,620.94,4,SALE10,10.0,Women,True
37231,14082.0,F,New York,31.0,26433.0,2019-04-25,GGOEGATB060213,Google Women's 1/4 Zip Performance Pullover Black,Apparel,1.0,36.39,6.0,Clicked,0.18,4/25/2019,3500.0,620.94,4,SALE10,10.0,Women,True
39779,15311.0,F,Chicago,40.0,28338.0,2019-05-18,GGOEGAPB057814,Women's Performance Full Zip Jacket Black,Apparel,1.0,67.19,6.5,Clicked,0.18,5/18/2019,2500.0,2805.79,5,SALE20,20.0,Women,True
39794,15640.0,F,California,30.0,28299.0,2019-05-18,GGOEGADB059214,Google Men's Airflow 1/4 Zip Pullover Black,Apparel,1.0,39.19,6.0,Used,0.18,5/18/2019,2500.0,2805.79,5,SALE20,20.0,Men,True
39804,17293.0,M,Chicago,16.0,28318.0,2019-05-18,GGOEGAFB035815,Google Men's  Zip Hoodie,Apparel,1.0,44.79,6.0,Used,0.18,5/18/2019,2500.0,2805.79,5,SALE20,20.0,Men,True
39825,17841.0,M,California,21.0,29324.0,2019-05-31,GGOEGAPB057816,Women's Performance Full Zip Jacket Black,Apparel,1.0,67.19,6.0,Used,0.18,5/31/2019,500.0,1010.3,5,SALE20,20.0,Women,True
39853,16710.0,F,New York,30.0,29289.0,2019-05-31,GGOEGADC059515,Google Men's Microfiber 1/4 Zip Pullover Blue/Indigo,Apparel,1.0,52.49,6.0,Clicked,0.18,5/31/2019,500.0,1010.3,5,SALE20,20.0,Men,True
39854,16553.0,M,Chicago,39.0,29275.0,2019-05-31,GGOEAAFB035914,Android Men's  Zip Hoodie,Apparel,3.0,44.79,60.67,Clicked,0.18,5/31/2019,500.0,1010.3,5,SALE20,20.0,Men,True
39855,16553.0,M,Chicago,39.0,29275.0,2019-05-31,GGOEAAFB035915,Android Men's  Zip Hoodie,Apparel,5.0,44.79,60.67,Not Used,0.18,5/31/2019,500.0,1010.3,5,SALE20,20.0,Men,True
39856,16553.0,M,Chicago,39.0,29275.0,2019-05-31,GGOEAAQB036114,Android Women's Fleece Hoodie,Apparel,13.0,44.79,60.67,Used,0.18,5/31/2019,500.0,1010.3,5,SALE20,20.0,Women,True
39857,16553.0,M,Chicago,39.0,29275.0,2019-05-31,GGOEGAFB035814,Google Men's  Zip Hoodie,Apparel,10.0,44.79,60.67,Clicked,0.18,5/31/2019,500.0,1010.3,5,SALE20,20.0,Men,True
39858,16553.0,M,Chicago,39.0,29275.0,2019-05-31,GGOEGAFB035815,Google Men's  Zip Hoodie,Apparel,25.0,44.79,60.67,Not Used,0.18,5/31/2019,500.0,1010.3,5,SALE20,20.0,Men,True
39859,16553.0,M,Chicago,39.0,29275.0,2019-05-31,GGOEGAFB035816,Google Men's  Zip Hoodie,Apparel,2.0,44.79,60.67,Clicked,0.18,5/31/2019,500.0,1010.3,5,SALE20,20.0,Men,True
39860,16553.0,M,Chicago,39.0,29275.0,2019-05-31,GGOEGAQB036013,Google Women's Fleece Hoodie,Apparel,13.0,44.79,60.67,Clicked,0.18,5/31/2019,500.0,1010.3,5,SALE20,20.0,Women,True
39861,16553.0,M,Chicago,39.0,29275.0,2019-05-31,GGOEGAQB036015,Google Women's Fleece Hoodie,Apparel,19.0,44.79,60.67,Clicked,0.18,5/31/2019,500.0,1010.3,5,SALE20,20.0,Women,True
39872,16805.0,F,Chicago,15.0,29226.0,2019-05-31,GGOEGAFB035816,Google Men's  Zip Hoodie,Apparel,1.0,44.79,6.0,Clicked,0.18,5/31/2019,500.0,1010.3,5,SALE20,20.0,Men,True
39882,13238.0,M,California,19.0,29314.0,2019-05-31,GGOEGADJ056815,Google Men's Watershed Full Zip Hoodie Grey,Apparel,1.0,61.59,6.0,Clicked,0.18,5/31/2019,500.0,1010.3,5,SALE20,20.0,Men,True
39883,13408.0,M,Chicago,30.0,28145.0,2019-05-16,GGOEGADB056615,Men's Weatherblock Shell Jacket Black,Apparel,1.0,52.07,6.0,Clicked,0.18,5/16/2019,2500.0,1605.63,5,SALE20,20.0,Men,True
39884,13408.0,M,Chicago,30.0,28145.0,2019-05-16,GGOEGAFJ036215,Google Men's Pullover Hoodie Grey,Apparel,1.0,41.59,6.0,Clicked,0.18,5/16/2019,2500.0,1605.63,5,SALE20,20.0,Men,True
39906,17799.0,F,Chicago,14.0,28116.0,2019-05-16,GGOEGAFB035814,Google Men's  Zip Hoodie,Apparel,1.0,44.79,6.5,Used,0.18,5/16/2019,2500.0,1605.63,5,SALE20,20.0,Men,True
39907,17799.0,F,Chicago,14.0,28116.0,2019-05-16,GGOEGAFJ036213,Google Men's Pullover Hoodie Grey,Apparel,1.0,41.59,6.5,Clicked,0.18,5/16/2019,2500.0,1605.63,5,SALE20,20.0,Men,True
39937,14565.0,F,California,39.0,28138.0,2019-05-16,GGOEGAFB035815,Google Men's  Zip Hoodie,Apparel,1.0,44.79,6.0,Clicked,0.18,5/16/2019,2500.0,1605.63,5,SALE20,20.0,Men,True
39949,16726.0,F,California,19.0,28146.0,2019-05-16,GGOEGADJ059815,Google Men's Convertible Vest-Jacket Pewter,Apparel,1.0,55.43,6.0,Clicked,0.18,5/16/2019,2500.0,1605.63,5,SALE20,20.0,Men,True
39960,17303.0,F,Chicago,39.0,28176.0,2019-05-16,GGOEYAFB073115,YouTube Men's Fleece Hoodie Black,Apparel,1.0,44.79,22.71,Clicked,0.18,5/16/2019,2500.0,1605.63,5,SALE20,20.0,Men,True
39961,17303.0,F,Chicago,39.0,28176.0,2019-05-16,GGOEYAFB073116,YouTube Men's Fleece Hoodie Black,Apparel,1.0,44.79,22.71,Used,0.18,5/16/2019,2500.0,1605.63,5,SALE20,20.0,Men,True
39964,17303.0,F,Chicago,39.0,28177.0,2019-05-16,GGOEYAFB073115,YouTube Men's Fleece Hoodie Black,Apparel,1.0,44.79,6.0,Used,0.18,5/16/2019,2500.0,1605.63,5,SALE20,20.0,Men,True
39978,14639.0,M,Chicago,46.0,28193.0,2019-05-16,GGOEYAQB073214,YouTube Women's Fleece Hoodie Black,Apparel,1.0,31.35,6.0,Clicked,0.18,5/16/2019,2500.0,1605.63,5,SALE20,20.0,Women,True
39982,14639.0,M,Chicago,46.0,28195.0,2019-05-16,GGOEGADJ056818,Google Men's Watershed Full Zip Hoodie Grey,Apparel,1.0,76.99,6.0,Clicked,0.18,5/16/2019,2500.0,1605.63,5,SALE20,20.0,Men,True
40023,15514.0,M,Chicago,22.0,26858.0,2019-05-01,GGOEGAFB035815,Google Men's  Zip Hoodie,Apparel,1.0,44.79,12.48,Clicked,0.18,5/1/2019,3000.0,1108.88,5,SALE20,20.0,Men,True
40024,15514.0,M,Chicago,22.0,26858.0,2019-05-01,GGOEGAFB035816,Google Men's  Zip Hoodie,Apparel,1.0,44.79,12.48,Clicked,0.18,5/1/2019,3000.0,1108.88,5,SALE20,20.0,Men,True
40025,15514.0,M,Chicago,22.0,26858.0,2019-05-01,GGOEGAQB036013,Google Women's Fleece Hoodie,Apparel,4.0,44.79,12.48,Clicked,0.18,5/1/2019,3000.0,1108.88,5,SALE20,20.0,Women,True
40026,15514.0,M,Chicago,22.0,26858.0,2019-05-01,GGOEGAQB036014,Google Women's Fleece Hoodie,Apparel,1.0,44.79,12.48,Clicked,0.18,5/1/2019,3000.0,1108.88,5,SALE20,20.0,Women,True
40043,15514.0,M,Chicago,22.0,26869.0,2019-05-01,GGOEGAQB036015,Google Women's Fleece Hoodie,Apparel,1.0,55.99,6.0,Clicked,0.18,5/1/2019,3000.0,1108.88,5,SALE20,20.0,Women,True
40056,15514.0,M,Chicago,22.0,26882.0,2019-05-01,GGOEGADB059215,Google Men's Airflow 1/4 Zip Pullover Black,Apparel,1.0,39.19,75.0,Used,0.18,5/1/2019,3000.0,1108.88,5,SALE20,20.0,Men,True
40057,15514.0,M,Chicago,22.0,26882.0,2019-05-01,GGOEGADB059216,Google Men's Airflow 1/4 Zip Pullover Black,Apparel,1.0,39.19,75.0,Clicked,0.18,5/1/2019,3000.0,1108.88,5,SALE20,20.0,Men,True
40058,15514.0,M,Chicago,22.0,26882.0,2019-05-01,GGOEGATC060314,Google Women's 1/4 Zip Performance Pullover Two-Tone Blue,Apparel,1.0,36.39,75.0,Clicked,0.18,5/1/2019,3000.0,1108.88,5,SALE20,20.0,Women,True
40065,13787.0,F,New Jersey,35.0,26901.0,2019-05-01,GGOEGAFB035815,Google Men's  Zip Hoodie,Apparel,1.0,55.99,6.0,Clicked,0.18,5/1/2019,3000.0,1108.88,5,SALE20,20.0,Men,True
40081,17865.0,M,Chicago,12.0,26919.0,2019-05-01,GGOEGAFB035815,Google Men's  Zip Hoodie,Apparel,1.0,44.79,12.48,Clicked,0.18,5/1/2019,3000.0,1108.88,5,SALE20,20.0,Men,True
40082,17865.0,M,Chicago,12.0,26919.0,2019-05-01,GGOEGAFB035816,Google Men's  Zip Hoodie,Apparel,1.0,44.79,12.48,Used,0.18,5/1/2019,3000.0,1108.88,5,SALE20,20.0,Men,True
40083,17865.0,M,Chicago,12.0,26919.0,2019-05-01,GGOEGAQB036013,Google Women's Fleece Hoodie,Apparel,5.0,44.79,12.48,Clicked,0.18,5/1/2019,3000.0,1108.88,5,SALE20,20.0,Women,True
40084,17865.0,M,Chicago,12.0,26919.0,2019-05-01,GGOEGAQB036014,Google Women's Fleece Hoodie,Apparel,1.0,44.79,12.48,Clicked,0.18,5/1/2019,3000.0,1108.88,5,SALE20,20.0,Women,True
40085,17865.0,M,Chicago,12.0,26922.0,2019-05-01,GGOEGAPB058214,Google Women's Lightweight Microfleece Jacket,Apparel,1.0,59.99,6.0,Clicked,0.18,5/1/2019,3000.0,1108.88,5,SALE20,20.0,Women,True
40105,14829.0,M,California,15.0,28577.0,2019-05-21,GGOEYAQB073214,YouTube Women's Fleece Hoodie Black,Apparel,1.0,31.35,6.0,Clicked,0.18,5/21/2019,1000.0,882.98,5,SALE20,20.0,Women,True
40108,16455.0,F,Chicago,23.0,28547.0,2019-05-21,GGOEYAFB073114,YouTube Men's Fleece Hoodie Black,Apparel,1.0,55.99,6.0,Not Used,0.18,5/21/2019,1000.0,882.98,5,SALE20,20.0,Men,True
40109,13050.0,F,Chicago,10.0,28583.0,2019-05-21,GGOEGATB060614,Google Women's Convertible Vest-Jacket Black,Apparel,1.0,69.29,6.0,Clicked,0.18,5/21/2019,1000.0,882.98,5,SALE20,20.0,Women,True
40115,17576.0,F,California,23.0,28535.0,2019-05-21,GGOEGAFB035815,Google Men's  Zip Hoodie,Apparel,1.0,55.99,12.99,Not Used,0.18,5/21/2019,1000.0,882.98,5,SALE20,20.0,Men,True
40129,14525.0,F,New Jersey,48.0,28563.0,2019-05-21,GGOEGADB059215,Google Men's Airflow 1/4 Zip Pullover Black,Apparel,1.0,39.19,6.0,Clicked,0.18,5/21/2019,1000.0,882.98,5,SALE20,20.0,Men,True
40131,14525.0,F,New Jersey,48.0,28565.0,2019-05-21,GGOEGADB059214,Google Men's Airflow 1/4 Zip Pullover Black,Apparel,1.0,39.19,6.0,Used,0.18,5/21/2019,1000.0,882.98,5,SALE20,20.0,Men,True
40140,15983.0,M,New York,25.0,28922.0,2019-05-25,GGOEGADC059515,Google Men's Microfiber 1/4 Zip Pullover Blue/Indigo,Apparel,1.0,41.99,6.0,Clicked,0.18,5/25/2019,1000.0,2565.75,5,SALE20,20.0,Men,True
40141,15983.0,M,New York,25.0,28924.0,2019-05-25,GGOEGADC059515,Google Men's Microfiber 1/4 Zip Pullover Blue/Indigo,Apparel,1.0,41.99,6.0,Clicked,0.18,5/25/2019,1000.0,2565.75,5,SALE20,20.0,Men,True
40144,17194.0,F,New Jersey,19.0,28848.0,2019-05-25,GGOEGAPB058615,Google Women's Yoga Jacket Black,Apparel,1.0,58.79,6.0,Used,0.18,5/25/2019,1000.0,2565.75,5,SALE20,20.0,Women,True
40154,14871.0,M,California,27.0,28889.0,2019-05-25,GGOEAAFB035914,Android Men's  Zip Hoodie,Apparel,1.0,55.99,6.0,Clicked,0.18,5/25/2019,1000.0,2565.75,5,SALE20,20.0,Men,True
40171,13178.0,F,California,9.0,28906.0,2019-05-25,GGOEAAFB035914,Android Men's  Zip Hoodie,Apparel,1.0,44.79,6.0,Clicked,0.18,5/25/2019,1000.0,2565.75,5,SALE20,20.0,Men,True
40183,18219.0,F,New York,32.0,28936.0,2019-05-26,GGOEGADJ056815,Google Men's Watershed Full Zip Hoodie Grey,Apparel,1.0,61.59,6.0,Used,0.18,5/26/2019,1000.0,2752.13,5,SALE20,20.0,Men,True
40199,12370.0,F,New York,21.0,28962.0,2019-05-26,GGOEGADB056614,Men's Weatherblock Shell Jacket Black,Apparel,1.0,52.07,6.0,Used,0.18,5/26/2019,1000.0,2752.13,5,SALE20,20.0,Men,True
40200,12370.0,F,New York,21.0,28962.0,2019-05-26,GGOEGAFB035814,Google Men's  Zip Hoodie,Apparel,1.0,44.79,6.0,Not Used,0.18,5/26/2019,1000.0,2752.13,5,SALE20,20.0,Men,True
40214,14298.0,M,Chicago,41.0,28996.0,2019-05-26,GGOEGADJ056815,Google Men's Watershed Full Zip Hoodie Grey,Apparel,1.0,76.99,6.0,Not Used,0.18,5/26/2019,1000.0,2752.13,5,SALE20,20.0,Men,True
40244,17158.0,M,California,17.0,29071.0,2019-05-29,GGOEGATC060315,Google Women's 1/4 Zip Performance Pullover Two-Tone Blue,Apparel,1.0,36.39,6.0,Clicked,0.18,5/29/2019,500.0,670.64,5,SALE20,20.0,Women,True
40252,14680.0,F,California,37.0,29140.0,2019-05-30,GGOEAAFB035914,Android Men's  Zip Hoodie,Apparel,1.0,44.79,13.35,Clicked,0.18,5/30/2019,500.0,1262.38,5,SALE20,20.0,Men,True
40253,14680.0,F,California,37.0,29140.0,2019-05-30,GGOEAAFB035917,Android Men's  Zip Hoodie,Apparel,1.0,44.79,13.35,Clicked,0.18,5/30/2019,500.0,1262.38,5,SALE20,20.0,Men,True
40260,14680.0,F,California,37.0,29140.0,2019-05-30,GGOEGADB059616,Google Men's Quilted Insulated Vest Black,Apparel,2.0,59.99,13.35,Used,0.18,5/30/2019,500.0,1262.38,5,SALE20,20.0,Men,True
40261,14680.0,F,California,37.0,29140.0,2019-05-30,GGOEGADJ059717,Google Men's Quilted Insulated Vest Battleship Grey,Apparel,1.0,41.99,13.35,Used,0.18,5/30/2019,500.0,1262.38,5,SALE20,20.0,Men,True
40263,14680.0,F,California,37.0,29140.0,2019-05-30,GGOEGATJ060513,Google Women's Quilted Insulated Vest White,Apparel,1.0,41.99,13.35,Clicked,0.18,5/30/2019,500.0,1262.38,5,SALE20,20.0,Women,True
40280,16499.0,F,Chicago,31.0,29180.0,2019-05-30,GGOEGADB059217,Google Men's Airflow 1/4 Zip Pullover Black,Apparel,1.0,39.19,6.0,Clicked,0.18,5/30/2019,500.0,1262.38,5,SALE20,20.0,Men,True
40282,16499.0,F,Chicago,31.0,29181.0,2019-05-30,GGOEGAFB035816,Google Men's  Zip Hoodie,Apparel,1.0,55.99,6.0,Clicked,0.18,5/30/2019,500.0,1262.38,5,SALE20,20.0,Men,True
40291,14415.0,M,New Jersey,47.0,29147.0,2019-05-30,GGOEGADB057314,Google Men's Lightweight Microfleece Jacket Black,Apparel,1.0,59.99,62.5,Clicked,0.18,5/30/2019,500.0,1262.38,5,SALE20,20.0,Men,True
40292,14415.0,M,New Jersey,47.0,29147.0,2019-05-30,GGOEGADB057315,Google Men's Lightweight Microfleece Jacket Black,Apparel,1.0,59.99,62.5,Not Used,0.18,5/30/2019,500.0,1262.38,5,SALE20,20.0,Men,True
40293,14415.0,M,New Jersey,47.0,29147.0,2019-05-30,GGOEGAPB058613,Google Women's Yoga Jacket Black,Apparel,7.0,58.79,62.5,Clicked,0.18,5/30/2019,500.0,1262.38,5,SALE20,20.0,Women,True
40294,14415.0,M,New Jersey,47.0,29147.0,2019-05-30,GGOEGAPB058614,Google Women's Yoga Jacket Black,Apparel,5.0,58.79,62.5,Clicked,0.18,5/30/2019,500.0,1262.38,5,SALE20,20.0,Women,True
40295,14415.0,M,New Jersey,47.0,29147.0,2019-05-30,GGOEGAPB058615,Google Women's Yoga Jacket Black,Apparel,2.0,58.79,62.5,Clicked,0.18,5/30/2019,500.0,1262.38,5,SALE20,20.0,Women,True
40324,14415.0,M,New Jersey,47.0,29161.0,2019-05-30,GGOEGADC059316,Google Men's Airflow 1/4 Zip Pullover Lapis,Apparel,1.0,48.99,6.0,Used,0.18,5/30/2019,500.0,1262.38,5,SALE20,20.0,Men,True
40326,14415.0,M,New Jersey,47.0,29161.0,2019-05-30,GGOEGAFJ036216,Google Men's Pullover Hoodie Grey,Apparel,1.0,51.99,6.0,Used,0.18,5/30/2019,500.0,1262.38,5,SALE20,20.0,Men,True
40328,14415.0,M,New Jersey,47.0,29162.0,2019-05-30,GGOEGADB056915,Google Men's Performance Full Zip Jacket Black,Apparel,1.0,67.19,6.0,Clicked,0.18,5/30/2019,500.0,1262.38,5,SALE20,20.0,Men,True
40329,14415.0,M,New Jersey,47.0,29162.0,2019-05-30,GGOEGADJ059715,Google Men's Quilted Insulated Vest Battleship Grey,Apparel,1.0,41.99,6.0,Used,0.18,5/30/2019,500.0,1262.38,5,SALE20,20.0,Men,True
40332,14415.0,M,New Jersey,47.0,29167.0,2019-05-30,GGOEGAFB035814,Google Men's  Zip Hoodie,Apparel,1.0,44.79,6.0,Used,0.18,5/30/2019,500.0,1262.38,5,SALE20,20.0,Men,True
40335,14415.0,M,New Jersey,47.0,29170.0,2019-05-30,GGOEGADJ056816,Google Men's Watershed Full Zip Hoodie Grey,Apparel,1.0,61.59,6.0,Not Used,0.18,5/30/2019,500.0,1262.38,5,SALE20,20.0,Men,True
40344,16556.0,F,New York,19.0,29181.0,2019-05-30,GGOEYAQB073217,YouTube Women's Fleece Hoodie Black,Apparel,1.0,39.19,6.0,Clicked,0.18,5/30/2019,500.0,1262.38,5,SALE20,20.0,Women,True
40352,13999.0,F,Chicago,48.0,27983.0,2019-05-14,GGOEGAFB035814,Google Men's  Zip Hoodie,Apparel,1.0,55.99,6.0,Used,0.18,5/14/2019,2500.0,2151.7,5,SALE20,20.0,Men,True
40354,13999.0,F,Chicago,48.0,27986.0,2019-05-14,GGOEGADB059613,Google Men's Quilted Insulated Vest Black,Apparel,1.0,74.99,6.0,Clicked,0.18,5/14/2019,2500.0,2151.7,5,SALE20,20.0,Men,True
40355,13999.0,F,Chicago,48.0,27986.0,2019-05-14,GGOEGATJ060513,Google Women's Quilted Insulated Vest White,Apparel,1.0,52.49,6.0,Used,0.18,5/14/2019,2500.0,2151.7,5,SALE20,20.0,Women,True
40361,15854.0,M,New York,44.0,28009.0,2019-05-14,GGOEGAFB035816,Google Men's  Zip Hoodie,Apparel,1.0,44.79,12.99,Used,0.18,5/14/2019,2500.0,2151.7,5,SALE20,20.0,Men,True
40368,13715.0,M,California,23.0,27509.0,2019-05-08,GGOEGADB056714,Men's Softshell Jacket Black/Grey,Apparel,1.0,79.19,6.0,Used,0.18,5/8/2019,3000.0,869.25,5,SALE20,20.0,Men,True
40380,13715.0,M,California,23.0,27519.0,2019-05-08,GGOEGADB059217,Google Men's Airflow 1/4 Zip Pullover Black,Apparel,1.0,39.19,6.0,Clicked,0.18,5/8/2019,3000.0,869.25,5,SALE20,20.0,Men,True
40381,13715.0,M,California,23.0,27520.0,2019-05-08,GGOEGADB057314,Google Men's Lightweight Microfleece Jacket Black,Apparel,1.0,59.99,6.0,Used,0.18,5/8/2019,3000.0,869.25,5,SALE20,20.0,Men,True
40390,16779.0,M,Washington DC,11.0,27489.0,2019-05-08,GGOEGADB059215,Google Men's Airflow 1/4 Zip Pullover Black,Apparel,1.0,48.99,12.99,Clicked,0.18,5/8/2019,3000.0,869.25,5,SALE20,20.0,Men,True
40398,16779.0,M,Washington DC,11.0,27495.0,2019-05-08,GGOEGADJ059715,Google Men's Quilted Insulated Vest Battleship Grey,Apparel,1.0,41.99,6.0,Clicked,0.18,5/8/2019,3000.0,869.25,5,SALE20,20.0,Men,True
40405,16011.0,M,New Jersey,10.0,27558.0,2019-05-08,GGOEYAFB073115,YouTube Men's Fleece Hoodie Black,Apparel,1.0,44.79,6.0,Used,0.18,5/8/2019,3000.0,869.25,5,SALE20,20.0,Men,True
40423,13668.0,F,Chicago,15.0,27500.0,2019-05-08,GGOEGADC059513,Google Men's Microfiber 1/4 Zip Pullover Blue/Indigo,Apparel,1.0,52.49,6.0,Clicked,0.18,5/8/2019,3000.0,869.25,5,SALE20,20.0,Men,True
40437,14684.0,F,Chicago,4.0,27535.0,2019-05-08,GGOEGADJ056815,Google Men's Watershed Full Zip Hoodie Grey,Apparel,1.0,61.59,6.0,Clicked,0.18,5/8/2019,3000.0,869.25,5,SALE20,20.0,Men,True
40438,14684.0,F,Chicago,4.0,27535.0,2019-05-08,GGOEGATC060314,Google Women's 1/4 Zip Performance Pullover Two-Tone Blue,Apparel,1.0,36.39,6.0,Clicked,0.18,5/8/2019,3000.0,869.25,5,SALE20,20.0,Women,True
40443,14684.0,F,Chicago,4.0,27541.0,2019-05-08,GGOEGAPB057813,Women's Performance Full Zip Jacket Black,Apparel,1.0,67.19,6.5,Clicked,0.18,5/8/2019,3000.0,869.25,5,SALE20,20.0,Women,True
40444,14684.0,F,Chicago,4.0,27542.0,2019-05-08,GGOEGADB056915,Google Men's Performance Full Zip Jacket Black,Apparel,4.0,67.19,12.48,Not Used,0.18,5/8/2019,3000.0,869.25,5,SALE20,20.0,Men,True
40445,14684.0,F,Chicago,4.0,27542.0,2019-05-08,GGOEGAPB057815,Women's Performance Full Zip Jacket Black,Apparel,1.0,67.19,12.48,Not Used,0.18,5/8/2019,3000.0,869.25,5,SALE20,20.0,Women,True
40446,14684.0,F,Chicago,4.0,27542.0,2019-05-08,GGOEGAPB057816,Women's Performance Full Zip Jacket Black,Apparel,1.0,67.19,12.48,Clicked,0.18,5/8/2019,3000.0,869.25,5,SALE20,20.0,Women,True
40447,14684.0,F,Chicago,4.0,27544.0,2019-05-08,GGOEGADB056714,Men's Softshell Jacket Black/Grey,Apparel,1.0,79.19,6.5,Clicked,0.18,5/8/2019,3000.0,869.25,5,SALE20,20.0,Men,True
40448,14684.0,F,Chicago,4.0,27545.0,2019-05-08,GGOEGAPB057513,Women's Weatherblock Shell Jacket Black,Apparel,1.0,52.07,6.5,Clicked,0.18,5/8/2019,3000.0,869.25,5,SALE20,20.0,Women,True
40466,15039.0,F,Chicago,19.0,28813.0,2019-05-24,GGOEGAFB035816,Google Men's  Zip Hoodie,Apparel,1.0,44.79,6.0,Used,0.18,5/24/2019,1000.0,670.51,5,SALE20,20.0,Men,True
40506,17041.0,F,New York,15.0,28783.0,2019-05-24,GGOEGADB059215,Google Men's Airflow 1/4 Zip Pullover Black,Apparel,1.0,39.19,6.0,Not Used,0.18,5/24/2019,1000.0,670.51,5,SALE20,20.0,Men,True
40507,17041.0,F,New York,15.0,28783.0,2019-05-24,GGOEGADB059615,Google Men's Quilted Insulated Vest Black,Apparel,1.0,59.99,6.0,Clicked,0.18,5/24/2019,1000.0,670.51,5,SALE20,20.0,Men,True
40508,17041.0,F,New York,15.0,28783.0,2019-05-24,GGOEGADC059315,Google Men's Airflow 1/4 Zip Pullover Lapis,Apparel,1.0,39.19,6.0,Clicked,0.18,5/24/2019,1000.0,670.51,5,SALE20,20.0,Men,True
40510,17041.0,F,New York,15.0,28785.0,2019-05-24,GGOEGAFB035813,Google Men's  Zip Hoodie,Apparel,1.0,55.99,6.0,Clicked,0.18,5/24/2019,1000.0,670.51,5,SALE20,20.0,Men,True
40562,13198.0,M,California,50.0,27892.0,2019-05-12,GGOEGAPB057814,Women's Performance Full Zip Jacket Black,Apparel,1.0,67.19,6.0,Clicked,0.18,5/12/2019,3000.0,2113.63,5,SALE20,20.0,Women,True
40563,12540.0,F,Chicago,25.0,27893.0,2019-05-12,GGOEAAFB035915,Android Men's  Zip Hoodie,Apparel,1.0,55.99,6.0,Clicked,0.18,5/12/2019,3000.0,2113.63,5,SALE20,20.0,Men,True
40566,12540.0,F,Chicago,25.0,27898.0,2019-05-12,GGOEGADJ056814,Google Men's Watershed Full Zip Hoodie Grey,Apparel,1.0,61.59,6.5,Used,0.18,5/12/2019,3000.0,2113.63,5,SALE20,20.0,Men,True
40573,15361.0,M,New York,2.0,27905.0,2019-05-12,GGOEGAPB057813,Women's Performance Full Zip Jacket Black,Apparel,1.0,67.19,6.0,Used,0.18,5/12/2019,3000.0,2113.63,5,SALE20,20.0,Women,True
40582,14290.0,F,New York,17.0,27918.0,2019-05-12,GGOEGAPB058215,Google Women's Lightweight Microfleece Jacket,Apparel,1.0,59.99,19.99,Used,0.18,5/12/2019,3000.0,2113.63,5,SALE20,20.0,Women,True
40583,14290.0,F,New York,17.0,27918.0,2019-05-12,GGOEGAQB036015,Google Women's Fleece Hoodie,Apparel,1.0,44.79,19.99,Clicked,0.18,5/12/2019,3000.0,2113.63,5,SALE20,20.0,Women,True
40585,14290.0,F,New York,17.0,27919.0,2019-05-12,GGOEGAFJ036213,Google Men's Pullover Hoodie Grey,Apparel,1.0,41.59,6.0,Clicked,0.18,5/12/2019,3000.0,2113.63,5,SALE20,20.0,Men,True
40586,14290.0,F,New York,17.0,27919.0,2019-05-12,GGOEGAQB036013,Google Women's Fleece Hoodie,Apparel,1.0,44.79,6.0,Clicked,0.18,5/12/2019,3000.0,2113.63,5,SALE20,20.0,Women,True
40606,17757.0,F,New York,45.0,27043.0,2019-05-02,GGOEGAFB035815,Google Men's  Zip Hoodie,Apparel,1.0,44.79,6.0,Not Used,0.18,5/2/2019,3000.0,732.47,5,SALE20,20.0,Men,True
40612,17757.0,F,New York,45.0,27047.0,2019-05-02,GGOEGAFB035816,Google Men's  Zip Hoodie,Apparel,1.0,44.79,6.0,Clicked,0.18,5/2/2019,3000.0,732.47,5,SALE20,20.0,Men,True
40622,18109.0,F,New York,9.0,27082.0,2019-05-02,GGOEGAPB057813,Women's Performance Full Zip Jacket Black,Apparel,1.0,67.19,6.0,Clicked,0.18,5/2/2019,3000.0,732.47,5,SALE20,20.0,Women,True
40623,18109.0,F,New York,9.0,27082.0,2019-05-02,GGOEGAPB058613,Google Women's Yoga Jacket Black,Apparel,1.0,58.79,6.0,Clicked,0.18,5/2/2019,3000.0,732.47,5,SALE20,20.0,Women,True
40679,16873.0,M,California,6.0,27013.0,2019-05-02,GGOEGADJ056816,Google Men's Watershed Full Zip Hoodie Grey,Apparel,1.0,61.59,6.0,Clicked,0.18,5/2/2019,3000.0,732.47,5,SALE20,20.0,Men,True
40680,16873.0,M,California,6.0,27014.0,2019-05-02,GGOEGATH060714,Google Women's Convertible Vest-Jacket Sea Foam Green,Apparel,1.0,79.19,6.0,Clicked,0.18,5/2/2019,3000.0,732.47,5,SALE20,20.0,Women,True
40682,16873.0,M,California,6.0,27015.0,2019-05-02,GGOEGADJ059716,Google Men's Quilted Insulated Vest Battleship Grey,Apparel,1.0,41.99,6.0,Not Used,0.18,5/2/2019,3000.0,732.47,5,SALE20,20.0,Men,True
40726,14625.0,F,Chicago,14.0,28435.0,2019-05-19,GGOEGADB056913,Google Men's Performance Full Zip Jacket Black,Apparel,2.0,67.19,6.0,Used,0.18,5/19/2019,2500.0,2331.31,5,SALE20,20.0,Men,True
40733,13089.0,F,New Jersey,25.0,28382.0,2019-05-19,GGOEGADJ059715,Google Men's Quilted Insulated Vest Battleship Grey,Apparel,4.0,41.99,12.48,Used,0.18,5/19/2019,2500.0,2331.31,5,SALE20,20.0,Men,True
40734,13089.0,F,New Jersey,25.0,28382.0,2019-05-19,GGOEGATB060414,Google Women's Quilted Insulated Vest Black,Apparel,1.0,59.99,12.48,Clicked,0.18,5/19/2019,2500.0,2331.31,5,SALE20,20.0,Women,True
40736,13089.0,F,New Jersey,25.0,28393.0,2019-05-19,GGOEGADB056916,Google Men's Performance Full Zip Jacket Black,Apparel,1.0,67.19,6.0,Used,0.18,5/19/2019,2500.0,2331.31,5,SALE20,20.0,Men,True
40742,15808.0,F,California,6.0,28452.0,2019-05-19,GGOEGADJ056815,Google Men's Watershed Full Zip Hoodie Grey,Apparel,1.0,61.59,6.0,Used,0.18,5/19/2019,2500.0,2331.31,5,SALE20,20.0,Men,True
40743,15808.0,F,California,6.0,28452.0,2019-05-19,GGOEGAFB035815,Google Men's  Zip Hoodie,Apparel,1.0,44.79,6.0,Clicked,0.18,5/19/2019,2500.0,2331.31,5,SALE20,20.0,Men,True
40744,15808.0,F,California,6.0,28458.0,2019-05-19,GGOEGATJ060513,Google Women's Quilted Insulated Vest White,Apparel,2.0,52.49,12.99,Not Used,0.18,5/19/2019,2500.0,2331.31,5,SALE20,20.0,Women,True
40754,15808.0,F,California,6.0,28469.0,2019-05-19,GGOEGADJ056814,Google Men's Watershed Full Zip Hoodie Grey,Apparel,1.0,61.59,6.0,Clicked,0.18,5/19/2019,2500.0,2331.31,5,SALE20,20.0,Men,True
40768,17890.0,F,Chicago,27.0,28364.0,2019-05-19,GGOEGADB056913,Google Men's Performance Full Zip Jacket Black,Apparel,1.0,67.19,6.0,Used,0.18,5/19/2019,2500.0,2331.31,5,SALE20,20.0,Men,True
40769,17890.0,F,Chicago,27.0,28364.0,2019-05-19,GGOEGADB059216,Google Men's Airflow 1/4 Zip Pullover Black,Apparel,1.0,39.19,6.0,Clicked,0.18,5/19/2019,2500.0,2331.31,5,SALE20,20.0,Men,True
40775,17890.0,F,Chicago,27.0,28364.0,2019-05-19,GGOEGATB060215,Google Women's 1/4 Zip Performance Pullover Black,Apparel,1.0,36.39,6.0,Not Used,0.18,5/19/2019,2500.0,2331.31,5,SALE20,20.0,Women,True
40785,17375.0,M,New Jersey,21.0,28393.0,2019-05-19,GGOEGAPB057816,Women's Performance Full Zip Jacket Black,Apparel,1.0,67.19,6.0,Clicked,0.18,5/19/2019,2500.0,2331.31,5,SALE20,20.0,Women,True
40786,17375.0,M,New Jersey,21.0,28393.0,2019-05-19,GGOEGAPB058216,Google Women's Lightweight Microfleece Jacket,Apparel,1.0,59.99,6.0,Clicked,0.18,5/19/2019,2500.0,2331.31,5,SALE20,20.0,Women,True
40799,13069.0,F,New York,38.0,27965.0,2019-05-13,GGOEGATC060314,Google Women's 1/4 Zip Performance Pullover Two-Tone Blue,Apparel,1.0,36.39,6.0,Clicked,0.18,5/13/2019,3000.0,2697.6,5,SALE20,20.0,Women,True
40811,13069.0,F,New York,38.0,27975.0,2019-05-13,GGOEGAFB035816,Google Men's  Zip Hoodie,Apparel,1.0,44.79,6.0,Used,0.18,5/13/2019,3000.0,2697.6,5,SALE20,20.0,Men,True
40812,12747.0,F,Chicago,9.0,27950.0,2019-05-13,GGOEGAFB035814,Google Men's  Zip Hoodie,Apparel,1.0,44.79,6.0,Not Used,0.18,5/13/2019,3000.0,2697.6,5,SALE20,20.0,Men,True
40822,17428.0,F,California,14.0,27958.0,2019-05-13,GGOEGAQB036014,Google Women's Fleece Hoodie,Apparel,1.0,44.79,6.0,Used,0.18,5/13/2019,3000.0,2697.6,5,SALE20,20.0,Women,True
40825,14796.0,F,Chicago,3.0,27933.0,2019-05-13,GGOEYAQB073215,YouTube Women's Fleece Hoodie Black,Apparel,1.0,39.19,6.0,Clicked,0.18,5/13/2019,3000.0,2697.6,5,SALE20,20.0,Women,True
40827,17790.0,F,Washington DC,34.0,27944.0,2019-05-13,GGOEGATB060614,Google Women's Convertible Vest-Jacket Black,Apparel,1.0,55.43,6.0,Used,0.18,5/13/2019,3000.0,2697.6,5,SALE20,20.0,Women,True
40828,15881.0,M,New York,34.0,27944.0,2019-05-13,GGOEGADB056616,Men's Weatherblock Shell Jacket Black,Apparel,1.0,52.07,6.0,Not Used,0.18,5/13/2019,3000.0,2697.6,5,SALE20,20.0,Men,True
40846,15503.0,F,New York,45.0,27123.0,2019-05-03,GGOEGADB056915,Google Men's Performance Full Zip Jacket Black,Apparel,1.0,67.19,6.0,Clicked,0.18,5/3/2019,3000.0,2406.31,5,SALE20,20.0,Men,True
40848,15503.0,F,New York,45.0,27123.0,2019-05-03,GGOEGAPB057814,Women's Performance Full Zip Jacket Black,Apparel,1.0,67.19,6.0,Not Used,0.18,5/3/2019,3000.0,2406.31,5,SALE20,20.0,Women,True
40870,15503.0,F,New York,45.0,27153.0,2019-05-03,GGOEGADB056915,Google Men's Performance Full Zip Jacket Black,Apparel,1.0,83.99,6.0,Clicked,0.18,5/3/2019,3000.0,2406.31,5,SALE20,20.0,Men,True
40887,17251.0,M,California,46.0,27166.0,2019-05-03,GGOEGAPB058212,Google Women's Lightweight Microfleece Jacket,Apparel,1.0,59.99,6.5,Used,0.18,5/3/2019,3000.0,2406.31,5,SALE20,20.0,Women,True
40898,17251.0,M,California,46.0,27177.0,2019-05-03,GGOEGADB056613,Men's Weatherblock Shell Jacket Black,Apparel,1.0,65.09,6.0,Clicked,0.18,5/3/2019,3000.0,2406.31,5,SALE20,20.0,Men,True
40901,16923.0,F,New York,23.0,27179.0,2019-05-03,GGOEGAFB035814,Google Men's  Zip Hoodie,Apparel,1.0,44.79,6.0,Clicked,0.18,5/3/2019,3000.0,2406.31,5,SALE20,20.0,Men,True
40912,16923.0,F,New York,23.0,27201.0,2019-05-03,GGOEGAQB036013,Google Women's Fleece Hoodie,Apparel,1.0,44.79,18.12,Clicked,0.18,5/3/2019,3000.0,2406.31,5,SALE20,20.0,Women,True
40928,15570.0,F,New Jersey,34.0,27220.0,2019-05-04,GGOEGADC059316,Google Men's Airflow 1/4 Zip Pullover Lapis,Apparel,1.0,39.19,20.85,Not Used,0.18,5/4/2019,3000.0,2407.55,5,SALE20,20.0,Men,True
40929,15570.0,F,New Jersey,34.0,27220.0,2019-05-04,GGOEGATB060214,Google Women's 1/4 Zip Performance Pullover Black,Apparel,1.0,36.39,20.85,Used,0.18,5/4/2019,3000.0,2407.55,5,SALE20,20.0,Women,True
40932,15570.0,F,New Jersey,34.0,27224.0,2019-05-04,GGOEGAFB035815,Google Men's  Zip Hoodie,Apparel,1.0,55.99,6.0,Clicked,0.18,5/4/2019,3000.0,2407.55,5,SALE20,20.0,Men,True
40942,15570.0,F,New Jersey,34.0,27229.0,2019-05-04,GGOEGAFB035815,Google Men's  Zip Hoodie,Apparel,1.0,44.79,6.0,Not Used,0.18,5/4/2019,3000.0,2407.55,5,SALE20,20.0,Men,True
40951,14159.0,F,California,13.0,27238.0,2019-05-04,GGOEGADB059215,Google Men's Airflow 1/4 Zip Pullover Black,Apparel,1.0,39.19,6.0,Clicked,0.18,5/4/2019,3000.0,2407.55,5,SALE20,20.0,Men,True
40975,14159.0,F,California,13.0,27259.0,2019-05-04,GGOEGAQB036014,Google Women's Fleece Hoodie,Apparel,1.0,44.79,6.0,Used,0.18,5/4/2019,3000.0,2407.55,5,SALE20,20.0,Women,True
40976,14159.0,F,California,13.0,27259.0,2019-05-04,GGOEGATH060713,Google Women's Convertible Vest-Jacket Sea Foam Green,Apparel,1.0,79.19,6.0,Clicked,0.18,5/4/2019,3000.0,2407.55,5,SALE20,20.0,Women,True
40992,17126.0,F,Chicago,32.0,27298.0,2019-05-04,GGOEGAPB057814,Women's Performance Full Zip Jacket Black,Apparel,1.0,67.19,6.0,Clicked,0.18,5/4/2019,3000.0,2407.55,5,SALE20,20.0,Women,True
41016,14577.0,M,California,36.0,27281.0,2019-05-04,GGOEGAQB036014,Google Women's Fleece Hoodie,Apparel,1.0,44.79,6.0,Used,0.18,5/4/2019,3000.0,2407.55,5,SALE20,20.0,Women,True
41041,17218.0,F,Chicago,31.0,27331.0,2019-05-05,GGOEGADB059617,Google Men's Quilted Insulated Vest Black,Apparel,1.0,74.99,12.99,Clicked,0.18,5/5/2019,3000.0,1177.76,5,SALE20,20.0,Men,True
41042,17218.0,F,Chicago,31.0,27331.0,2019-05-05,GGOEGADJ056817,Google Men's Watershed Full Zip Hoodie Grey,Apparel,1.0,76.99,12.99,Used,0.18,5/5/2019,3000.0,1177.76,5,SALE20,20.0,Men,True
41043,17218.0,F,Chicago,31.0,27331.0,2019-05-05,GGOEGAFJ036217,Google Men's Pullover Hoodie Grey,Apparel,1.0,51.99,12.99,Clicked,0.18,5/5/2019,3000.0,1177.76,5,SALE20,20.0,Men,True
41062,17126.0,F,Chicago,32.0,27315.0,2019-05-05,GGOEGADC059515,Google Men's Microfiber 1/4 Zip Pullover Blue/Indigo,Apparel,1.0,41.99,6.5,Used,0.18,5/5/2019,3000.0,1177.76,5,SALE20,20.0,Men,True
41084,12753.0,F,New York,13.0,27342.0,2019-05-05,GGOEGAFJ036214,Google Men's Pullover Hoodie Grey,Apparel,1.0,41.59,6.0,Clicked,0.18,5/5/2019,3000.0,1177.76,5,SALE20,20.0,Men,True
41088,12753.0,F,New York,13.0,27352.0,2019-05-05,GGOEYAQB073213,YouTube Women's Fleece Hoodie Black,Apparel,1.0,31.35,12.99,Clicked,0.18,5/5/2019,3000.0,1177.76,5,SALE20,20.0,Women,True
41089,12753.0,F,New York,13.0,27352.0,2019-05-05,GGOEYAQB073216,YouTube Women's Fleece Hoodie Black,Apparel,1.0,31.35,12.99,Clicked,0.18,5/5/2019,3000.0,1177.76,5,SALE20,20.0,Women,True
41096,15555.0,F,Chicago,34.0,28035.0,2019-05-15,GGOEGAFB035815,Google Men's  Zip Hoodie,Apparel,1.0,44.79,12.99,Used,0.18,5/15/2019,2500.0,682.42,5,SALE20,20.0,Men,True
41112,14544.0,M,California,6.0,28040.0,2019-05-15,GGOEGADB057316,Google Men's Lightweight Microfleece Jacket Black,Apparel,1.0,59.99,6.0,Clicked,0.18,5/15/2019,2500.0,682.42,5,SALE20,20.0,Men,True
41113,14544.0,M,California,6.0,28045.0,2019-05-15,GGOEAAFB035914,Android Men's  Zip Hoodie,Apparel,1.0,44.79,6.0,Clicked,0.18,5/15/2019,2500.0,682.42,5,SALE20,20.0,Men,True
41117,14544.0,M,California,6.0,28049.0,2019-05-15,GGOEGAFB035814,Google Men's  Zip Hoodie,Apparel,2.0,44.79,6.0,Used,0.18,5/15/2019,2500.0,682.42,5,SALE20,20.0,Men,True
41119,14544.0,M,California,6.0,28054.0,2019-05-15,GGOEGADB056618,Men's Weatherblock Shell Jacket Black,Apparel,1.0,65.09,6.0,Not Used,0.18,5/15/2019,2500.0,682.42,5,SALE20,20.0,Men,True
41120,14544.0,M,California,6.0,28058.0,2019-05-15,GGOEGAFB035814,Google Men's  Zip Hoodie,Apparel,2.0,44.79,6.0,Used,0.18,5/15/2019,2500.0,682.42,5,SALE20,20.0,Men,True
41126,14544.0,M,California,6.0,28066.0,2019-05-15,GGOEGADJ056814,Google Men's Watershed Full Zip Hoodie Grey,Apparel,1.0,61.59,6.0,Used,0.18,5/15/2019,2500.0,682.42,5,SALE20,20.0,Men,True
41153,14032.0,M,New York,50.0,28599.0,2019-05-22,GGOEGAPB058214,Google Women's Lightweight Microfleece Jacket,Apparel,1.0,59.99,6.0,Used,0.18,5/22/2019,1000.0,979.08,5,SALE20,20.0,Women,True
41171,13948.0,F,Chicago,9.0,28605.0,2019-05-22,GGOEGADB056615,Men's Weatherblock Shell Jacket Black,Apparel,1.0,52.07,6.0,Not Used,0.18,5/22/2019,1000.0,979.08,5,SALE20,20.0,Men,True
41182,16202.0,F,New York,44.0,28654.0,2019-05-22,GGOEGAPB057817,Women's Performance Full Zip Jacket Black,Apparel,1.0,67.19,6.0,Not Used,0.18,5/22/2019,1000.0,979.08,5,SALE20,20.0,Women,True
41183,16202.0,F,New York,44.0,28654.0,2019-05-22,GGOEGAQB036016,Google Women's Fleece Hoodie,Apparel,1.0,44.79,6.0,Clicked,0.18,5/22/2019,1000.0,979.08,5,SALE20,20.0,Women,True
41185,16442.0,F,New York,46.0,28662.0,2019-05-22,GGOEGAQB036014,Google Women's Fleece Hoodie,Apparel,1.0,44.79,51.99,Used,0.18,5/22/2019,1000.0,979.08,5,SALE20,20.0,Women,True
41186,16442.0,F,New York,46.0,28662.0,2019-05-22,GGOEGAQB036016,Google Women's Fleece Hoodie,Apparel,1.0,44.79,51.99,Used,0.18,5/22/2019,1000.0,979.08,5,SALE20,20.0,Women,True
41187,16442.0,F,New York,46.0,28664.0,2019-05-22,GGOEAAFB035914,Android Men's  Zip Hoodie,Apparel,1.0,44.79,6.0,Used,0.18,5/22/2019,1000.0,979.08,5,SALE20,20.0,Men,True
41190,16442.0,F,New York,46.0,28668.0,2019-05-22,GGOEGADB059216,Google Men's Airflow 1/4 Zip Pullover Black,Apparel,1.0,39.19,6.0,Clicked,0.18,5/22/2019,1000.0,979.08,5,SALE20,20.0,Men,True
41196,15356.0,F,California,32.0,28715.0,2019-05-23,GGOEYAQB073217,YouTube Women's Fleece Hoodie Black,Apparel,1.0,31.35,6.0,Clicked,0.18,5/23/2019,1000.0,1196.03,5,SALE20,20.0,Women,True
41200,15356.0,F,California,32.0,28719.0,2019-05-23,GGOEGAFJ036215,Google Men's Pullover Hoodie Grey,Apparel,1.0,41.59,6.0,Clicked,0.18,5/23/2019,1000.0,1196.03,5,SALE20,20.0,Men,True
41215,17975.0,M,Chicago,6.0,28715.0,2019-05-23,GGOEGADJ056814,Google Men's Watershed Full Zip Hoodie Grey,Apparel,1.0,61.59,6.0,Clicked,0.18,5/23/2019,1000.0,1196.03,5,SALE20,20.0,Men,True
41216,17975.0,M,Chicago,6.0,28715.0,2019-05-23,GGOEGADJ056815,Google Men's Watershed Full Zip Hoodie Grey,Apparel,1.0,61.59,6.0,Not Used,0.18,5/23/2019,1000.0,1196.03,5,SALE20,20.0,Men,True
41217,17975.0,M,Chicago,6.0,28715.0,2019-05-23,GGOEGAFJ036213,Google Men's Pullover Hoodie Grey,Apparel,1.0,41.59,6.0,Not Used,0.18,5/23/2019,1000.0,1196.03,5,SALE20,20.0,Men,True
41220,18075.0,F,New York,12.0,28688.0,2019-05-23,GGOEGAQB036014,Google Women's Fleece Hoodie,Apparel,1.0,55.99,19.99,Clicked,0.18,5/23/2019,1000.0,1196.03,5,SALE20,20.0,Women,True
41224,18075.0,F,New York,12.0,28689.0,2019-05-23,GGOEGADB056714,Men's Softshell Jacket Black/Grey,Apparel,1.0,79.19,6.0,Used,0.18,5/23/2019,1000.0,1196.03,5,SALE20,20.0,Men,True
41241,14524.0,F,New York,15.0,28695.0,2019-05-23,GGOEGAQB036016,Google Women's Fleece Hoodie,Apparel,1.0,44.79,6.0,Used,0.18,5/23/2019,1000.0,1196.03,5,SALE20,20.0,Women,True
41245,14524.0,F,New York,15.0,28696.0,2019-05-23,GGOEGADB056614,Men's Weatherblock Shell Jacket Black,Apparel,1.0,52.07,6.0,Not Used,0.18,5/23/2019,1000.0,1196.03,5,SALE20,20.0,Men,True
41246,14524.0,F,New York,15.0,28698.0,2019-05-23,GGOEGAFB035816,Google Men's  Zip Hoodie,Apparel,1.0,44.79,6.0,Used,0.18,5/23/2019,1000.0,1196.03,5,SALE20,20.0,Men,True
41247,16810.0,F,New York,12.0,28715.0,2019-05-23,GGOEYAQB073214,YouTube Women's Fleece Hoodie Black,Apparel,1.0,31.35,6.0,Used,0.18,5/23/2019,1000.0,1196.03,5,SALE20,20.0,Women,True
41248,15194.0,M,Chicago,33.0,28476.0,2019-05-20,GGOEGAFB035813,Google Men's  Zip Hoodie,Apparel,1.0,55.99,6.0,Not Used,0.18,5/20/2019,2500.0,2298.34,5,SALE20,20.0,Men,True
41250,14733.0,M,New York,30.0,28516.0,2019-05-20,GGOEYAFB073113,YouTube Men's Fleece Hoodie Black,Apparel,1.0,55.99,6.0,Clicked,0.18,5/20/2019,2500.0,2298.34,5,SALE20,20.0,Men,True
41254,15159.0,F,Chicago,29.0,28495.0,2019-05-20,GGOEGAFB035815,Google Men's  Zip Hoodie,Apparel,1.0,44.79,6.0,Clicked,0.18,5/20/2019,2500.0,2298.34,5,SALE20,20.0,Men,True
41291,16367.0,M,California,20.0,27405.0,2019-05-06,GGOEGAFB035814,Google Men's  Zip Hoodie,Apparel,1.0,55.99,12.99,Not Used,0.18,5/6/2019,3000.0,2100.89,5,SALE20,20.0,Men,True
41304,16367.0,M,California,20.0,27416.0,2019-05-06,GGOEGADB056715,Men's Softshell Jacket Black/Grey,Apparel,1.0,79.19,6.0,Used,0.18,5/6/2019,3000.0,2100.89,5,SALE20,20.0,Men,True
41305,16367.0,M,California,20.0,27416.0,2019-05-06,GGOEGAFJ036215,Google Men's Pullover Hoodie Grey,Apparel,1.0,41.59,6.0,Clicked,0.18,5/6/2019,3000.0,2100.89,5,SALE20,20.0,Men,True
41314,17917.0,F,California,40.0,27434.0,2019-05-07,GGOEGAFB035815,Google Men's  Zip Hoodie,Apparel,1.0,44.79,6.0,Clicked,0.18,5/7/2019,3000.0,2271.0,5,SALE20,20.0,Men,True
41346,15547.0,M,New York,40.0,27604.0,2019-05-09,GGOEGADB059615,Google Men's Quilted Insulated Vest Black,Apparel,1.0,59.99,6.0,Used,0.18,5/9/2019,3000.0,1771.32,5,SALE20,20.0,Men,True
41347,15547.0,M,New York,40.0,27604.0,2019-05-09,GGOEGATH060715,Google Women's Convertible Vest-Jacket Sea Foam Green,Apparel,1.0,79.19,6.0,Used,0.18,5/9/2019,3000.0,1771.32,5,SALE20,20.0,Women,True
41354,15998.0,F,New York,16.0,27609.0,2019-05-09,GGOEYAQB073214,YouTube Women's Fleece Hoodie Black,Apparel,1.0,31.35,6.0,Not Used,0.18,5/9/2019,3000.0,1771.32,5,SALE20,20.0,Women,True
41357,15998.0,F,New York,16.0,27616.0,2019-05-09,GGOEGAFB035815,Google Men's  Zip Hoodie,Apparel,1.0,44.79,19.99,Clicked,0.18,5/9/2019,3000.0,1771.32,5,SALE20,20.0,Men,True
41359,15998.0,F,New York,16.0,27616.0,2019-05-09,GGOEYAQB073214,YouTube Women's Fleece Hoodie Black,Apparel,2.0,31.35,19.99,Clicked,0.18,5/9/2019,3000.0,1771.32,5,SALE20,20.0,Women,True
41362,15998.0,F,New York,16.0,27620.0,2019-05-09,GGOEGADB059214,Google Men's Airflow 1/4 Zip Pullover Black,Apparel,1.0,39.19,6.0,Clicked,0.18,5/9/2019,3000.0,1771.32,5,SALE20,20.0,Men,True
41367,15998.0,F,New York,16.0,27625.0,2019-05-09,GGOEYAQB073214,YouTube Women's Fleece Hoodie Black,Apparel,1.0,39.19,6.0,Clicked,0.18,5/9/2019,3000.0,1771.32,5,SALE20,20.0,Women,True
41368,15998.0,F,New York,16.0,27628.0,2019-05-09,GGOEGADB057316,Google Men's Lightweight Microfleece Jacket Black,Apparel,1.0,59.99,6.0,Clicked,0.18,5/9/2019,3000.0,1771.32,5,SALE20,20.0,Men,True
41380,15998.0,F,New York,16.0,27637.0,2019-05-09,GGOEAAFB035915,Android Men's  Zip Hoodie,Apparel,1.0,44.79,6.0,Clicked,0.18,5/9/2019,3000.0,1771.32,5,SALE20,20.0,Men,True
41383,15998.0,F,New York,16.0,27639.0,2019-05-09,GGOEGAPB057814,Women's Performance Full Zip Jacket Black,Apparel,1.0,67.19,6.0,Used,0.18,5/9/2019,3000.0,1771.32,5,SALE20,20.0,Women,True
41385,15998.0,F,New York,16.0,27642.0,2019-05-09,GGOEGADJ059714,Google Men's Quilted Insulated Vest Battleship Grey,Apparel,1.0,41.99,6.0,Clicked,0.18,5/9/2019,3000.0,1771.32,5,SALE20,20.0,Men,True
41386,15998.0,F,New York,16.0,27644.0,2019-05-09,GGOEGATB060414,Google Women's Quilted Insulated Vest Black,Apparel,1.0,74.99,6.0,Clicked,0.18,5/9/2019,3000.0,1771.32,5,SALE20,20.0,Women,True
41397,15998.0,F,New York,16.0,27655.0,2019-05-09,GGOEGAPB058614,Google Women's Yoga Jacket Black,Apparel,1.0,58.79,6.0,Clicked,0.18,5/9/2019,3000.0,1771.32,5,SALE20,20.0,Women,True
41407,14413.0,F,Chicago,34.0,27664.0,2019-05-09,GGOEAAQB036115,Android Women's Fleece Hoodie,Apparel,5.0,55.99,19.99,Not Used,0.18,5/9/2019,3000.0,1771.32,5,SALE20,20.0,Women,True
41418,18004.0,F,Chicago,30.0,27682.0,2019-05-10,GGOEGAPB058614,Google Women's Yoga Jacket Black,Apparel,1.0,73.49,6.0,Used,0.18,5/10/2019,3000.0,1942.13,5,SALE20,20.0,Women,True
41420,18004.0,F,Chicago,30.0,27684.0,2019-05-10,GGOEGAPB057517,Women's Weatherblock Shell Jacket Black,Apparel,1.0,65.09,6.0,Clicked,0.18,5/10/2019,3000.0,1942.13,5,SALE20,20.0,Women,True
41421,18004.0,F,Chicago,30.0,27685.0,2019-05-10,GGOEGAFB035816,Google Men's  Zip Hoodie,Apparel,1.0,44.79,6.0,Used,0.18,5/10/2019,3000.0,1942.13,5,SALE20,20.0,Men,True
41430,16665.0,F,Chicago,31.0,27699.0,2019-05-10,GGOEGADB059615,Google Men's Quilted Insulated Vest Black,Apparel,1.0,74.99,6.0,Used,0.18,5/10/2019,3000.0,1942.13,5,SALE20,20.0,Men,True
41431,16665.0,F,Chicago,31.0,27699.0,2019-05-10,GGOEGAQB036013,Google Women's Fleece Hoodie,Apparel,1.0,55.99,6.0,Used,0.18,5/10/2019,3000.0,1942.13,5,SALE20,20.0,Women,True
41432,16665.0,F,Chicago,31.0,27699.0,2019-05-10,GGOEGAQB036014,Google Women's Fleece Hoodie,Apparel,1.0,55.99,6.0,Used,0.18,5/10/2019,3000.0,1942.13,5,SALE20,20.0,Women,True
41433,16665.0,F,Chicago,31.0,27699.0,2019-05-10,GGOEYAFB073114,YouTube Men's Fleece Hoodie Black,Apparel,1.0,55.99,6.0,Used,0.18,5/10/2019,3000.0,1942.13,5,SALE20,20.0,Men,True
41440,15454.0,M,Chicago,39.0,27702.0,2019-05-10,GGOEGADB056915,Google Men's Performance Full Zip Jacket Black,Apparel,1.0,67.19,6.0,Clicked,0.18,5/10/2019,3000.0,1942.13,5,SALE20,20.0,Men,True
41451,15044.0,F,California,31.0,27726.0,2019-05-10,GGOEGADB059214,Google Men's Airflow 1/4 Zip Pullover Black,Apparel,1.0,39.19,6.0,Not Used,0.18,5/10/2019,3000.0,1942.13,5,SALE20,20.0,Men,True
41463,17937.0,M,New York,38.0,27739.0,2019-05-10,GGOEGAFB035814,Google Men's  Zip Hoodie,Apparel,1.0,44.79,6.0,Used,0.18,5/10/2019,3000.0,1942.13,5,SALE20,20.0,Men,True
41477,17618.0,F,Chicago,17.0,27766.0,2019-05-11,GGOEGADB057315,Google Men's Lightweight Microfleece Jacket Black,Apparel,2.0,59.99,6.5,Clicked,0.18,5/11/2019,3000.0,1801.66,5,SALE20,20.0,Men,True
41484,17618.0,F,Chicago,17.0,27776.0,2019-05-11,GGOEGADJ059715,Google Men's Quilted Insulated Vest Battleship Grey,Apparel,1.0,41.99,6.0,Clicked,0.18,5/11/2019,3000.0,1801.66,5,SALE20,20.0,Men,True
41485,17618.0,F,Chicago,17.0,27777.0,2019-05-11,GGOEGAPC058814,Google Women's Shell Jacket Blue/Black,Apparel,1.0,53.19,6.0,Clicked,0.18,5/11/2019,3000.0,1801.66,5,SALE20,20.0,Women,True
41489,14505.0,F,California,8.0,27782.0,2019-05-11,GGOEYAFB073115,YouTube Men's Fleece Hoodie Black,Apparel,1.0,44.79,19.99,Clicked,0.18,5/11/2019,3000.0,1801.66,5,SALE20,20.0,Men,True
41490,14505.0,F,California,8.0,27786.0,2019-05-11,GGOEYAQB073217,YouTube Women's Fleece Hoodie Black,Apparel,1.0,31.35,6.0,Clicked,0.18,5/11/2019,3000.0,1801.66,5,SALE20,20.0,Women,True
41493,14505.0,F,California,8.0,27787.0,2019-05-11,GGOEGADB059214,Google Men's Airflow 1/4 Zip Pullover Black,Apparel,1.0,39.19,6.0,Not Used,0.18,5/11/2019,3000.0,1801.66,5,SALE20,20.0,Men,True
41518,14505.0,F,California,8.0,27808.0,2019-05-11,GGOEGAQB036016,Google Women's Fleece Hoodie,Apparel,1.0,44.79,6.0,Used,0.18,5/11/2019,3000.0,1801.66,5,SALE20,20.0,Women,True
41523,14505.0,F,California,8.0,27819.0,2019-05-11,GGOEGAQB036017,Google Women's Fleece Hoodie,Apparel,1.0,44.79,6.0,Used,0.18,5/11/2019,3000.0,1801.66,5,SALE20,20.0,Women,True
41550,17231.0,F,California,5.0,28257.0,2019-05-17,GGOEGADB057315,Google Men's Lightweight Microfleece Jacket Black,Apparel,1.0,59.99,6.0,Clicked,0.18,5/17/2019,2500.0,3052.49,5,SALE20,20.0,Men,True
41551,17231.0,F,California,5.0,28257.0,2019-05-17,GGOEGADB059614,Google Men's Quilted Insulated Vest Black,Apparel,1.0,59.99,6.0,Clicked,0.18,5/17/2019,2500.0,3052.49,5,SALE20,20.0,Men,True
41556,17231.0,F,California,5.0,28262.0,2019-05-17,GGOEGAPB058613,Google Women's Yoga Jacket Black,Apparel,1.0,58.79,6.0,Used,0.18,5/17/2019,2500.0,3052.49,5,SALE20,20.0,Women,True
41585,14639.0,M,Chicago,46.0,28211.0,2019-05-17,GGOEGAFB035815,Google Men's  Zip Hoodie,Apparel,1.0,44.79,6.5,Clicked,0.18,5/17/2019,2500.0,3052.49,5,SALE20,20.0,Men,True
41586,14639.0,M,Chicago,46.0,28211.0,2019-05-17,GGOEGAQB036013,Google Women's Fleece Hoodie,Apparel,1.0,44.79,6.5,Clicked,0.18,5/17/2019,2500.0,3052.49,5,SALE20,20.0,Women,True
41591,14639.0,M,Chicago,46.0,28214.0,2019-05-17,GGOEGAPB058612,Google Women's Yoga Jacket Black,Apparel,1.0,58.79,6.0,Used,0.18,5/17/2019,2500.0,3052.49,5,SALE20,20.0,Women,True
41602,17611.0,M,New York,26.0,28231.0,2019-05-17,GGOEGADB056714,Men's Softshell Jacket Black/Grey,Apparel,1.0,79.19,6.0,Not Used,0.18,5/17/2019,2500.0,3052.49,5,SALE20,20.0,Men,True
41603,17611.0,M,New York,26.0,28231.0,2019-05-17,GGOEGADB056716,Men's Softshell Jacket Black/Grey,Apparel,1.0,79.19,6.0,Clicked,0.18,5/17/2019,2500.0,3052.49,5,SALE20,20.0,Men,True
41607,17611.0,M,New York,26.0,28241.0,2019-05-17,GGOEGAQB036014,Google Women's Fleece Hoodie,Apparel,1.0,44.79,6.0,Used,0.18,5/17/2019,2500.0,3052.49,5,SALE20,20.0,Women,True
41608,17611.0,M,New York,26.0,28246.0,2019-05-17,GGOEGADJ056814,Google Men's Watershed Full Zip Hoodie Grey,Apparel,1.0,61.59,6.0,Not Used,0.18,5/17/2019,2500.0,3052.49,5,SALE20,20.0,Men,True
41616,17179.0,F,New Jersey,31.0,28274.0,2019-05-17,GGOEGADJ056813,Google Men's Watershed Full Zip Hoodie Grey,Apparel,1.0,61.59,6.0,Clicked,0.18,5/17/2019,2500.0,3052.49,5,SALE20,20.0,Men,True
41635,14298.0,M,Chicago,41.0,29000.0,2019-05-27,GGOEYAFB073114,YouTube Men's Fleece Hoodie Black,Apparel,1.0,55.99,6.0,Not Used,0.18,5/27/2019,1000.0,1976.31,5,SALE20,20.0,Men,True
44362,15311.0,F,Chicago,40.0,32267.0,2019-07-10,GGOEGADJ056814,Google Men's Watershed Full Zip Hoodie Grey,Apparel,1.0,61.59,6.0,Used,0.18,7/10/2019,2500.0,1240.47,7,SALE10,10.0,Men,True
44363,15311.0,F,Chicago,40.0,32267.0,2019-07-10,GGOEGAPB058614,Google Women's Yoga Jacket Black,Apparel,1.0,58.79,6.0,Clicked,0.18,7/10/2019,2500.0,1240.47,7,SALE10,10.0,Women,True
44377,14083.0,M,Chicago,41.0,32255.0,2019-07-10,GGOEYAFB073113,YouTube Men's Fleece Hoodie Black,Apparel,5.0,44.79,12.48,Used,0.18,7/10/2019,2500.0,1240.47,7,SALE10,10.0,Men,True
44396,14051.0,M,Chicago,6.0,32242.0,2019-07-10,GGOEGAQB036013,Google Women's Fleece Hoodie,Apparel,1.0,44.79,6.0,Used,0.18,7/10/2019,2500.0,1240.47,7,SALE10,10.0,Women,True
44399,12481.0,F,California,49.0,32246.0,2019-07-10,GGOEGADB059615,Google Men's Quilted Insulated Vest Black,Apparel,1.0,59.99,6.0,Used,0.18,7/10/2019,2500.0,1240.47,7,SALE10,10.0,Men,True
44400,12481.0,F,California,49.0,32246.0,2019-07-10,GGOEGADJ059715,Google Men's Quilted Insulated Vest Battleship Grey,Apparel,1.0,41.99,6.0,Not Used,0.18,7/10/2019,2500.0,1240.47,7,SALE10,10.0,Men,True
44409,12481.0,F,California,49.0,32247.0,2019-07-10,GGOEGADJ059713,Google Men's Quilted Insulated Vest Battleship Grey,Apparel,1.0,52.49,6.0,Clicked,0.18,7/10/2019,2500.0,1240.47,7,SALE10,10.0,Men,True
44411,14062.0,F,California,18.0,32227.0,2019-07-10,GGOEYAFB073115,YouTube Men's Fleece Hoodie Black,Apparel,5.0,44.79,12.48,Used,0.18,7/10/2019,2500.0,1240.47,7,SALE10,10.0,Men,True
44412,17230.0,M,California,29.0,32231.0,2019-07-10,GGOEYAFB073114,YouTube Men's Fleece Hoodie Black,Apparel,5.0,44.79,12.48,Used,0.18,7/10/2019,2500.0,1240.47,7,SALE10,10.0,Men,True
44415,17230.0,M,California,29.0,32232.0,2019-07-10,GGOEGADJ059715,Google Men's Quilted Insulated Vest Battleship Grey,Apparel,1.0,41.99,6.0,Clicked,0.18,7/10/2019,2500.0,1240.47,7,SALE10,10.0,Men,True
44427,15460.0,F,New York,4.0,32318.0,2019-07-10,GGOEGAFB035814,Google Men's  Zip Hoodie,Apparel,1.0,44.79,6.0,Clicked,0.18,7/10/2019,2500.0,1240.47,7,SALE10,10.0,Men,True
44428,15311.0,F,Chicago,40.0,32746.0,2019-07-15,GGOEGADJ057113,Google Men's Performance 1/4 Zip Pullover Heather/Black,Apparel,1.0,26.4,6.0,Used,0.18,7/15/2019,2500.0,1616.22,7,SALE10,10.0,Men,True
44429,15311.0,F,Chicago,40.0,32746.0,2019-07-15,GGOEGATB060213,Google Women's 1/4 Zip Performance Pullover Black,Apparel,1.0,26.0,6.0,Clicked,0.18,7/15/2019,2500.0,1616.22,7,SALE10,10.0,Women,True
44433,12748.0,F,Chicago,28.0,32763.0,2019-07-15,GGOEGAFJ036215,Google Men's Pullover Hoodie Grey,Apparel,1.0,29.11,6.0,Clicked,0.18,7/15/2019,2500.0,1616.22,7,SALE10,10.0,Men,True
44446,15856.0,M,Chicago,4.0,32763.0,2019-07-15,GGOEAAFB035913,Android Men's  Zip Hoodie,Apparel,1.0,31.35,6.0,Not Used,0.18,7/15/2019,2500.0,1616.22,7,SALE10,10.0,Men,True
44447,15856.0,M,Chicago,4.0,32763.0,2019-07-15,GGOEAAQB036116,Android Women's Fleece Hoodie,Apparel,1.0,31.35,6.0,Clicked,0.18,7/15/2019,2500.0,1616.22,7,SALE10,10.0,Women,True
44452,18116.0,F,Chicago,38.0,32767.0,2019-07-15,GGOEAAFB035915,Android Men's  Zip Hoodie,Apparel,1.0,31.35,6.0,Clicked,0.18,7/15/2019,2500.0,1616.22,7,SALE10,10.0,Men,True
44453,18116.0,F,Chicago,38.0,32767.0,2019-07-15,GGOEGADJ056814,Google Men's Watershed Full Zip Hoodie Grey,Apparel,1.0,44.0,6.0,Clicked,0.18,7/15/2019,2500.0,1616.22,7,SALE10,10.0,Men,True
44469,13304.0,M,California,12.0,32737.0,2019-07-15,GGOEGAFJ036213,Google Men's Pullover Hoodie Grey,Apparel,1.0,36.39,6.0,Used,0.18,7/15/2019,2500.0,1616.22,7,SALE10,10.0,Men,True
44486,15311.0,F,Chicago,40.0,33294.0,2019-07-20,GGOEGAPB057813,Women's Performance Full Zip Jacket Black,Apparel,1.0,67.19,6.0,Clicked,0.18,7/20/2019,2000.0,2097.22,7,SALE10,10.0,Women,True
44487,15311.0,F,Chicago,40.0,33294.0,2019-07-20,GGOEGAPB057816,Women's Performance Full Zip Jacket Black,Apparel,2.0,67.19,6.0,Clicked,0.18,7/20/2019,2000.0,2097.22,7,SALE10,10.0,Women,True
44488,15311.0,F,Chicago,40.0,33304.0,2019-07-20,GGOEGADB056614,Men's Weatherblock Shell Jacket Black,Apparel,1.0,46.5,6.0,Used,0.18,7/20/2019,2000.0,2097.22,7,SALE10,10.0,Men,True
44489,15311.0,F,Chicago,40.0,33307.0,2019-07-20,GGOEGADJ056815,Google Men's Watershed Full Zip Hoodie Grey,Apparel,1.0,44.0,6.0,Clicked,0.18,7/20/2019,2000.0,2097.22,7,SALE10,10.0,Men,True
44493,13694.0,F,California,44.0,33228.0,2019-07-20,GGOEGAPB058613,Google Women's Yoga Jacket Black,Apparel,1.0,52.5,6.0,Not Used,0.18,7/20/2019,2000.0,2097.22,7,SALE10,10.0,Women,True
44494,13694.0,F,California,44.0,33228.0,2019-07-20,GGOEGATB060413,Google Women's Quilted Insulated Vest Black,Apparel,1.0,74.99,6.0,Clicked,0.18,7/20/2019,2000.0,2097.22,7,SALE10,10.0,Women,True
44513,12471.0,F,California,11.0,33312.0,2019-07-20,GGOEGATH060713,Google Women's Convertible Vest-Jacket Sea Foam Green,Apparel,1.0,29.7,6.0,Used,0.18,7/20/2019,2000.0,2097.22,7,SALE10,10.0,Women,True
44515,12471.0,F,California,11.0,33315.0,2019-07-20,GGOEGADJ056813,Google Men's Watershed Full Zip Hoodie Grey,Apparel,3.0,44.0,12.48,Clicked,0.18,7/20/2019,2000.0,2097.22,7,SALE10,10.0,Men,True
44516,12471.0,F,California,11.0,33315.0,2019-07-20,GGOEGADJ056814,Google Men's Watershed Full Zip Hoodie Grey,Apparel,3.0,44.0,12.48,Clicked,0.18,7/20/2019,2000.0,2097.22,7,SALE10,10.0,Men,True
44529,16719.0,F,New York,40.0,33318.0,2019-07-20,GGOEGADJ056818,Google Men's Watershed Full Zip Hoodie Grey,Apparel,1.0,44.0,6.0,Clicked,0.18,7/20/2019,2000.0,2097.22,7,SALE10,10.0,Men,True
44545,17675.0,F,New York,17.0,33223.0,2019-07-20,GGOEGAPB058615,Google Women's Yoga Jacket Black,Apparel,1.0,52.5,6.0,Used,0.18,7/20/2019,2000.0,2097.22,7,SALE10,10.0,Women,True
44554,16145.0,F,California,9.0,33228.0,2019-07-20,GGOEGADB056614,Men's Weatherblock Shell Jacket Black,Apparel,1.0,46.5,6.0,Not Used,0.18,7/20/2019,2000.0,2097.22,7,SALE10,10.0,Men,True
44556,16145.0,F,California,9.0,33228.0,2019-07-20,GGOEGAFB035813,Google Men's  Zip Hoodie,Apparel,1.0,55.99,6.0,Used,0.18,7/20/2019,2000.0,2097.22,7,SALE10,10.0,Men,True
44557,16145.0,F,California,9.0,33228.0,2019-07-20,GGOEGAFB035814,Google Men's  Zip Hoodie,Apparel,1.0,55.99,6.0,Clicked,0.18,7/20/2019,2000.0,2097.22,7,SALE10,10.0,Men,True
44567,16112.0,F,Chicago,16.0,33315.0,2019-07-20,GGOEGADJ056815,Google Men's Watershed Full Zip Hoodie Grey,Apparel,3.0,44.0,12.48,Used,0.18,7/20/2019,2000.0,2097.22,7,SALE10,10.0,Men,True
44581,14911.0,F,California,34.0,32036.0,2019-07-07,GGOEGADB056917,Google Men's Performance Full Zip Jacket Black,Apparel,1.0,83.99,6.0,Clicked,0.18,7/7/2019,2000.0,2249.45,7,SALE10,10.0,Men,True
44582,14911.0,F,California,34.0,32042.0,2019-07-07,GGOEGADC059315,Google Men's Airflow 1/4 Zip Pullover Lapis,Apparel,1.0,39.19,6.5,Not Used,0.18,7/7/2019,2000.0,2249.45,7,SALE10,10.0,Men,True
44600,16713.0,M,Chicago,5.0,32052.0,2019-07-07,GGOEGAFB035813,Google Men's  Zip Hoodie,Apparel,1.0,44.79,6.0,Clicked,0.18,7/7/2019,2000.0,2249.45,7,SALE10,10.0,Men,True
44603,16713.0,M,Chicago,5.0,32054.0,2019-07-07,GGOEGADJ059715,Google Men's Quilted Insulated Vest Battleship Grey,Apparel,1.0,41.99,12.99,Not Used,0.18,7/7/2019,2000.0,2249.45,7,SALE10,10.0,Men,True
44605,16713.0,M,Chicago,5.0,32054.0,2019-07-07,GGOEGATJ060513,Google Women's Quilted Insulated Vest White,Apparel,1.0,41.99,12.99,Not Used,0.18,7/7/2019,2000.0,2249.45,7,SALE10,10.0,Women,True
44611,14298.0,M,Chicago,41.0,32086.0,2019-07-07,GGOEGAPJ058014,Google Women's 1/4 Zip Jacket Charcoal,Apparel,1.0,61.59,6.0,Clicked,0.18,7/7/2019,2000.0,2249.45,7,SALE10,10.0,Women,True
44613,14298.0,M,Chicago,41.0,32087.0,2019-07-07,GGOEGADB056915,Google Men's Performance Full Zip Jacket Black,Apparel,1.0,67.19,12.99,Used,0.18,7/7/2019,2000.0,2249.45,7,SALE10,10.0,Men,True
44617,14298.0,M,Chicago,41.0,32093.0,2019-07-07,GGOEGADB057313,Google Men's Lightweight Microfleece Jacket Black,Apparel,1.0,74.99,6.0,Used,0.18,7/7/2019,2000.0,2249.45,7,SALE10,10.0,Men,True
44634,14113.0,M,Chicago,23.0,32030.0,2019-07-07,GGOEGADB059214,Google Men's Airflow 1/4 Zip Pullover Black,Apparel,1.0,39.19,6.0,Used,0.18,7/7/2019,2000.0,2249.45,7,SALE10,10.0,Men,True
44641,14527.0,M,California,43.0,33379.0,2019-07-21,GGOEGADB056916,Google Men's Performance Full Zip Jacket Black,Apparel,1.0,48.0,20.85,Clicked,0.18,7/21/2019,2000.0,1253.24,7,SALE10,10.0,Men,True
44671,13715.0,M,California,23.0,33363.0,2019-07-21,GGOEGADJ056814,Google Men's Watershed Full Zip Hoodie Grey,Apparel,1.0,44.0,6.0,Used,0.18,7/21/2019,2000.0,1253.24,7,SALE10,10.0,Men,True
44674,13715.0,M,California,23.0,33366.0,2019-07-21,GGOEGAPB058213,Google Women's Lightweight Microfleece Jacket,Apparel,1.0,41.99,19.99,Not Used,0.18,7/21/2019,2000.0,1253.24,7,SALE10,10.0,Women,True
44680,13715.0,M,California,23.0,33375.0,2019-07-21,GGOEGATH060716,Google Women's Convertible Vest-Jacket Sea Foam Green,Apparel,1.0,29.7,6.0,Not Used,0.18,7/21/2019,2000.0,1253.24,7,SALE10,10.0,Women,True
44716,18109.0,F,New York,9.0,33402.0,2019-07-21,GGOEGADB059615,Google Men's Quilted Insulated Vest Black,Apparel,1.0,41.99,6.0,Not Used,0.18,7/21/2019,2000.0,1253.24,7,SALE10,10.0,Men,True
44717,18109.0,F,New York,9.0,33402.0,2019-07-21,GGOEGATB060216,Google Women's 1/4 Zip Performance Pullover Black,Apparel,1.0,26.0,6.0,Used,0.18,7/21/2019,2000.0,1253.24,7,SALE10,10.0,Women,True
44718,18109.0,F,New York,9.0,33402.0,2019-07-21,GGOEGATJ060516,Google Women's Quilted Insulated Vest White,Apparel,1.0,30.0,6.0,Used,0.18,7/21/2019,2000.0,1253.24,7,SALE10,10.0,Women,True
44719,18109.0,F,New York,9.0,33402.0,2019-07-21,GGOEYAFB073115,YouTube Men's Fleece Hoodie Black,Apparel,1.0,31.35,6.0,Clicked,0.18,7/21/2019,2000.0,1253.24,7,SALE10,10.0,Men,True
44722,16719.0,F,New York,40.0,33323.0,2019-07-21,GGOEGAPB058613,Google Women's Yoga Jacket Black,Apparel,1.0,42.0,6.0,Clicked,0.18,7/21/2019,2000.0,1253.24,7,SALE10,10.0,Women,True
44726,17511.0,F,Chicago,25.0,33411.0,2019-07-22,GGOEGADB056915,Google Men's Performance Full Zip Jacket Black,Apparel,1.0,48.0,6.0,Used,0.18,7/22/2019,2000.0,2521.31,7,SALE10,10.0,Men,True
44727,17511.0,F,Chicago,25.0,33411.0,2019-07-22,GGOEGADB059613,Google Men's Quilted Insulated Vest Black,Apparel,1.0,41.99,6.0,Clicked,0.18,7/22/2019,2000.0,2521.31,7,SALE10,10.0,Men,True
44735,17511.0,F,Chicago,25.0,33416.0,2019-07-22,GGOEGADC059517,Google Men's Microfiber 1/4 Zip Pullover Blue/Indigo,Apparel,1.0,37.49,6.0,Used,0.18,7/22/2019,2000.0,2521.31,7,SALE10,10.0,Men,True
44746,16033.0,F,Chicago,48.0,33432.0,2019-07-22,GGOEGADB059615,Google Men's Quilted Insulated Vest Black,Apparel,1.0,41.99,6.0,Used,0.18,7/22/2019,2000.0,2521.31,7,SALE10,10.0,Men,True
44750,16033.0,F,Chicago,48.0,33436.0,2019-07-22,GGOEGATB060414,Google Women's Quilted Insulated Vest Black,Apparel,1.0,59.99,6.0,Used,0.18,7/22/2019,2000.0,2521.31,7,SALE10,10.0,Women,True
44754,16033.0,F,Chicago,48.0,33440.0,2019-07-22,GGOEGADJ056814,Google Men's Watershed Full Zip Hoodie Grey,Apparel,1.0,44.0,6.0,Clicked,0.18,7/22/2019,2000.0,2521.31,7,SALE10,10.0,Men,True
44760,16033.0,F,Chicago,48.0,33444.0,2019-07-22,GGOEGAFB035814,Google Men's  Zip Hoodie,Apparel,1.0,44.79,6.0,Used,0.18,7/22/2019,2000.0,2521.31,7,SALE10,10.0,Men,True
44762,16033.0,F,Chicago,48.0,33445.0,2019-07-22,GGOEGADJ056813,Google Men's Watershed Full Zip Hoodie Grey,Apparel,1.0,44.0,6.0,Clicked,0.18,7/22/2019,2000.0,2521.31,7,SALE10,10.0,Men,True
44763,16033.0,F,Chicago,48.0,33445.0,2019-07-22,GGOEGADJ056815,Google Men's Watershed Full Zip Hoodie Grey,Apparel,1.0,44.0,6.0,Not Used,0.18,7/22/2019,2000.0,2521.31,7,SALE10,10.0,Men,True
44765,16033.0,F,Chicago,48.0,33445.0,2019-07-22,GGOEGAFB035815,Google Men's  Zip Hoodie,Apparel,1.0,44.79,6.0,Used,0.18,7/22/2019,2000.0,2521.31,7,SALE10,10.0,Men,True
44766,16033.0,F,Chicago,48.0,33445.0,2019-07-22,GGOEGAFB035817,Google Men's  Zip Hoodie,Apparel,3.0,44.79,6.0,Clicked,0.18,7/22/2019,2000.0,2521.31,7,SALE10,10.0,Men,True
44768,16033.0,F,Chicago,48.0,33445.0,2019-07-22,GGOEGAPB058217,Google Women's Lightweight Microfleece Jacket,Apparel,1.0,41.99,6.0,Clicked,0.18,7/22/2019,2000.0,2521.31,7,SALE10,10.0,Women,True
44772,12681.0,M,Chicago,27.0,33417.0,2019-07-22,GGOEGADC059513,Google Men's Microfiber 1/4 Zip Pullover Blue/Indigo,Apparel,1.0,30.0,19.99,Clicked,0.18,7/22/2019,2000.0,2521.31,7,SALE10,10.0,Men,True
44787,12681.0,M,Chicago,27.0,33430.0,2019-07-22,GGOEGADB059614,Google Men's Quilted Insulated Vest Black,Apparel,1.0,52.49,12.99,Clicked,0.18,7/22/2019,2000.0,2521.31,7,SALE10,10.0,Men,True
44789,12681.0,M,Chicago,27.0,33430.0,2019-07-22,GGOEGATJ060513,Google Women's Quilted Insulated Vest White,Apparel,1.0,37.49,12.99,Used,0.18,7/22/2019,2000.0,2521.31,7,SALE10,10.0,Women,True
44799,18041.0,M,Washington DC,30.0,34136.0,2019-07-31,GGOEGADB056915,Google Men's Performance Full Zip Jacket Black,Apparel,1.0,48.0,6.0,Clicked,0.18,7/31/2019,1500.0,985.28,7,SALE10,10.0,Men,True
44800,18041.0,M,Washington DC,30.0,34136.0,2019-07-31,GGOEGADB059215,Google Men's Airflow 1/4 Zip Pullover Black,Apparel,1.0,28.0,6.0,Used,0.18,7/31/2019,1500.0,985.28,7,SALE10,10.0,Men,True
44803,13081.0,F,New York,5.0,34194.0,2019-07-31,GGOEGADB056915,Google Men's Performance Full Zip Jacket Black,Apparel,1.0,48.0,6.0,Used,0.18,7/31/2019,1500.0,985.28,7,SALE10,10.0,Men,True
44805,13081.0,F,New York,5.0,34194.0,2019-07-31,GGOEGATB060614,Google Women's Convertible Vest-Jacket Black,Apparel,1.0,23.76,6.0,Used,0.18,7/31/2019,1500.0,985.28,7,SALE10,10.0,Women,True
44808,13081.0,F,New York,5.0,34203.0,2019-07-31,GGOEGADB059615,Google Men's Quilted Insulated Vest Black,Apparel,1.0,52.49,6.0,Used,0.18,7/31/2019,1500.0,985.28,7,SALE10,10.0,Men,True
44811,13081.0,F,New York,5.0,34211.0,2019-07-31,GGOEGATB060617,Google Women's Convertible Vest-Jacket Black,Apparel,1.0,23.76,6.0,Clicked,0.18,7/31/2019,1500.0,985.28,7,SALE10,10.0,Women,True
44832,13081.0,F,New York,5.0,34224.0,2019-07-31,GGOEGATB060614,Google Women's Convertible Vest-Jacket Black,Apparel,1.0,29.7,6.0,Not Used,0.18,7/31/2019,1500.0,985.28,7,SALE10,10.0,Women,True
44844,13081.0,F,New York,5.0,34228.0,2019-07-31,GGOEYAFB073113,YouTube Men's Fleece Hoodie Black,Apparel,1.0,31.35,12.99,Not Used,0.18,7/31/2019,1500.0,985.28,7,SALE10,10.0,Men,True
44851,13081.0,F,New York,5.0,34233.0,2019-07-31,GGOEGADB056917,Google Men's Performance Full Zip Jacket Black,Apparel,1.0,48.0,6.0,Used,0.18,7/31/2019,1500.0,985.28,7,SALE10,10.0,Men,True
44856,13081.0,F,New York,5.0,34239.0,2019-07-31,GGOEGAPJ058014,Google Women's 1/4 Zip Jacket Charcoal,Apparel,1.0,44.0,6.0,Clicked,0.18,7/31/2019,1500.0,985.28,7,SALE10,10.0,Women,True
44862,13081.0,F,New York,5.0,34269.0,2019-07-31,GGOEGAFB035815,Google Men's  Zip Hoodie,Apparel,1.0,44.79,6.0,Used,0.18,7/31/2019,1500.0,985.28,7,SALE10,10.0,Men,True
44866,14505.0,F,California,8.0,34149.0,2019-07-31,GGOEGADB059214,Google Men's Airflow 1/4 Zip Pullover Black,Apparel,1.0,28.0,6.0,Used,0.18,7/31/2019,1500.0,985.28,7,SALE10,10.0,Men,True
44867,14505.0,F,California,8.0,34154.0,2019-07-31,GGOEGAPB057514,Women's Weatherblock Shell Jacket Black,Apparel,1.0,46.5,6.0,Used,0.18,7/31/2019,1500.0,985.28,7,SALE10,10.0,Women,True
44871,14505.0,F,California,8.0,34167.0,2019-07-31,GGOEGAFB035814,Google Men's  Zip Hoodie,Apparel,1.0,55.99,6.0,Clicked,0.18,7/31/2019,1500.0,985.28,7,SALE10,10.0,Men,True
44876,14505.0,F,California,8.0,34168.0,2019-07-31,GGOEGATC060313,Google Women's 1/4 Zip Performance Pullover Two-Tone Blue,Apparel,1.0,26.0,6.0,Used,0.18,7/31/2019,1500.0,985.28,7,SALE10,10.0,Women,True
44896,13656.0,M,Chicago,44.0,34142.0,2019-07-31,GGOEGADB059616,Google Men's Quilted Insulated Vest Black,Apparel,1.0,41.99,6.0,Clicked,0.18,7/31/2019,1500.0,985.28,7,SALE10,10.0,Men,True
44898,13656.0,M,Chicago,44.0,34144.0,2019-07-31,GGOEGAPB058213,Google Women's Lightweight Microfleece Jacket,Apparel,1.0,41.99,6.0,Used,0.18,7/31/2019,1500.0,985.28,7,SALE10,10.0,Women,True
44903,13656.0,M,Chicago,44.0,34145.0,2019-07-31,GGOEGADB059214,Google Men's Airflow 1/4 Zip Pullover Black,Apparel,1.0,28.0,6.0,Used,0.18,7/31/2019,1500.0,985.28,7,SALE10,10.0,Men,True
44904,13656.0,M,Chicago,44.0,34145.0,2019-07-31,GGOEGADJ056814,Google Men's Watershed Full Zip Hoodie Grey,Apparel,1.0,44.0,6.0,Clicked,0.18,7/31/2019,1500.0,985.28,7,SALE10,10.0,Men,True
44935,14733.0,M,New York,30.0,32129.0,2019-07-08,GGOEGADB059214,Google Men's Airflow 1/4 Zip Pullover Black,Apparel,1.0,39.19,6.0,Clicked,0.18,7/8/2019,2000.0,2553.01,7,SALE10,10.0,Men,True
44941,13319.0,F,Chicago,27.0,32140.0,2019-07-08,GGOEGATB060213,Google Women's 1/4 Zip Performance Pullover Black,Apparel,1.0,36.39,6.0,Used,0.18,7/8/2019,2000.0,2553.01,7,SALE10,10.0,Women,True
44946,14062.0,F,California,18.0,32129.0,2019-07-08,GGOEGATB060213,Google Women's 1/4 Zip Performance Pullover Black,Apparel,1.0,36.39,6.0,Clicked,0.18,7/8/2019,2000.0,2553.01,7,SALE10,10.0,Women,True
44952,17905.0,M,New York,42.0,32647.0,2019-07-14,GGOEGADB056614,Men's Weatherblock Shell Jacket Black,Apparel,1.0,37.2,6.0,Used,0.18,7/14/2019,2500.0,2064.34,7,SALE10,10.0,Men,True
44953,17905.0,M,New York,42.0,32647.0,2019-07-14,GGOEGADJ059814,Google Men's Convertible Vest-Jacket Pewter,Apparel,1.0,55.43,6.0,Used,0.18,7/14/2019,2500.0,2064.34,7,SALE10,10.0,Men,True
44971,15235.0,F,New Jersey,23.0,32687.0,2019-07-14,GGOEGADB056616,Men's Weatherblock Shell Jacket Black,Apparel,1.0,37.2,6.0,Clicked,0.18,7/14/2019,2500.0,2064.34,7,SALE10,10.0,Men,True
44992,12383.0,M,New York,32.0,32634.0,2019-07-14,GGOEGAPB058612,Google Women's Yoga Jacket Black,Apparel,1.0,42.0,6.0,Clicked,0.18,7/14/2019,2500.0,2064.34,7,SALE10,10.0,Women,True
44993,12383.0,M,New York,32.0,32634.0,2019-07-14,GGOEGATB060613,Google Women's Convertible Vest-Jacket Black,Apparel,1.0,23.76,6.0,Not Used,0.18,7/14/2019,2500.0,2064.34,7,SALE10,10.0,Women,True
44994,12383.0,M,New York,32.0,32640.0,2019-07-14,GGOEGAFB035814,Google Men's  Zip Hoodie,Apparel,1.0,44.79,6.0,Clicked,0.18,7/14/2019,2500.0,2064.34,7,SALE10,10.0,Men,True
44998,12383.0,M,New York,32.0,32644.0,2019-07-14,GGOEGADC059315,Google Men's Airflow 1/4 Zip Pullover Lapis,Apparel,1.0,28.0,6.0,Clicked,0.18,7/14/2019,2500.0,2064.34,7,SALE10,10.0,Men,True
45004,13817.0,M,California,14.0,32696.0,2019-07-14,GGOEYAFB073116,YouTube Men's Fleece Hoodie Black,Apparel,1.0,31.35,6.0,Clicked,0.18,7/14/2019,2500.0,2064.34,7,SALE10,10.0,Men,True
45007,13817.0,M,California,14.0,32697.0,2019-07-14,GGOEGADB056614,Men's Weatherblock Shell Jacket Black,Apparel,1.0,37.2,6.0,Used,0.18,7/14/2019,2500.0,2064.34,7,SALE10,10.0,Men,True
45019,12585.0,F,New Jersey,4.0,32710.0,2019-07-14,GGOEGADB059214,Google Men's Airflow 1/4 Zip Pullover Black,Apparel,1.0,28.0,6.0,Not Used,0.18,7/14/2019,2500.0,2064.34,7,SALE10,10.0,Men,True
45020,12585.0,F,New Jersey,4.0,32710.0,2019-07-14,GGOEGADJ057114,Google Men's Performance 1/4 Zip Pullover Heather/Black,Apparel,1.0,26.4,6.0,Clicked,0.18,7/14/2019,2500.0,2064.34,7,SALE10,10.0,Men,True
45029,12585.0,F,New Jersey,4.0,32724.0,2019-07-14,GGOEGAPB058612,Google Women's Yoga Jacket Black,Apparel,1.0,42.0,6.0,Clicked,0.18,7/14/2019,2500.0,2064.34,7,SALE10,10.0,Women,True
45030,12585.0,F,New Jersey,4.0,32724.0,2019-07-14,GGOEGATC060313,Google Women's 1/4 Zip Performance Pullover Two-Tone Blue,Apparel,1.0,26.0,6.0,Used,0.18,7/14/2019,2500.0,2064.34,7,SALE10,10.0,Women,True
45031,12585.0,F,New Jersey,4.0,32725.0,2019-07-14,GGOEGADJ056813,Google Men's Watershed Full Zip Hoodie Grey,Apparel,1.0,44.0,6.0,Clicked,0.18,7/14/2019,2500.0,2064.34,7,SALE10,10.0,Men,True
45032,12585.0,F,New Jersey,4.0,32728.0,2019-07-14,GGOEGADB059616,Google Men's Quilted Insulated Vest Black,Apparel,1.0,41.99,12.99,Used,0.18,7/14/2019,2500.0,2064.34,7,SALE10,10.0,Men,True
45050,12748.0,F,Chicago,28.0,33749.0,2019-07-26,GGOEYAFB073117,YouTube Men's Fleece Hoodie Black,Apparel,1.0,31.35,6.5,Used,0.18,7/26/2019,2500.0,1627.19,7,SALE10,10.0,Men,True
45076,13097.0,M,California,33.0,33770.0,2019-07-26,GGOEYAFB073113,YouTube Men's Fleece Hoodie Black,Apparel,1.0,31.35,12.99,Used,0.18,7/26/2019,2500.0,1627.19,7,SALE10,10.0,Men,True
45077,13097.0,M,California,33.0,33770.0,2019-07-26,GGOEYAFB073115,YouTube Men's Fleece Hoodie Black,Apparel,1.0,31.35,12.99,Used,0.18,7/26/2019,2500.0,1627.19,7,SALE10,10.0,Men,True
45099,18062.0,F,California,25.0,33785.0,2019-07-26,GGOEGADC059315,Google Men's Airflow 1/4 Zip Pullover Lapis,Apparel,1.0,28.0,6.0,Used,0.18,7/26/2019,2500.0,1627.19,7,SALE10,10.0,Men,True
45115,12415.0,M,Chicago,29.0,33812.0,2019-07-26,GGOEGADB059615,Google Men's Quilted Insulated Vest Black,Apparel,1.0,41.99,6.0,Clicked,0.18,7/26/2019,2500.0,1627.19,7,SALE10,10.0,Men,True
45116,12415.0,M,Chicago,29.0,33812.0,2019-07-26,GGOEGATJ060513,Google Women's Quilted Insulated Vest White,Apparel,1.0,30.0,6.0,Clicked,0.18,7/26/2019,2500.0,1627.19,7,SALE10,10.0,Women,True
45135,15581.0,F,California,18.0,31751.0,2019-07-03,GGOEGAPB057516,Women's Weatherblock Shell Jacket Black,Apparel,1.0,52.07,6.0,Clicked,0.18,7/3/2019,2000.0,526.96,7,SALE10,10.0,Women,True
45156,16686.0,M,New York,31.0,31771.0,2019-07-03,GGOEGATB060213,Google Women's 1/4 Zip Performance Pullover Black,Apparel,1.0,36.39,6.0,Used,0.18,7/3/2019,2000.0,526.96,7,SALE10,10.0,Women,True
45157,16686.0,M,New York,31.0,31773.0,2019-07-03,GGOEGADB056915,Google Men's Performance Full Zip Jacket Black,Apparel,1.0,67.19,6.0,Clicked,0.18,7/3/2019,2000.0,526.96,7,SALE10,10.0,Men,True
45158,16686.0,M,New York,31.0,31773.0,2019-07-03,GGOEGADJ056815,Google Men's Watershed Full Zip Hoodie Grey,Apparel,1.0,61.59,6.0,Clicked,0.18,7/3/2019,2000.0,526.96,7,SALE10,10.0,Men,True
45159,16686.0,M,New York,31.0,31773.0,2019-07-03,GGOEGAFB035815,Google Men's  Zip Hoodie,Apparel,1.0,44.79,6.0,Clicked,0.18,7/3/2019,2000.0,526.96,7,SALE10,10.0,Men,True
45160,16686.0,M,New York,31.0,31777.0,2019-07-03,GGOEGAPB057812,Women's Performance Full Zip Jacket Black,Apparel,1.0,67.19,6.0,Used,0.18,7/3/2019,2000.0,526.96,7,SALE10,10.0,Women,True
45165,16686.0,M,New York,31.0,31788.0,2019-07-03,GGOEGAFB035816,Google Men's  Zip Hoodie,Apparel,1.0,44.79,6.0,Clicked,0.18,7/3/2019,2000.0,526.96,7,SALE10,10.0,Men,True
45169,14911.0,F,California,34.0,32458.0,2019-07-12,GGOEYAFB073116,YouTube Men's Fleece Hoodie Black,Apparel,1.0,31.35,6.5,Clicked,0.18,7/12/2019,2500.0,923.4,7,SALE10,10.0,Men,True
45174,14911.0,F,California,34.0,32466.0,2019-07-12,GGOEGADJ057115,Google Men's Performance 1/4 Zip Pullover Heather/Black,Apparel,1.0,26.4,19.99,Clicked,0.18,7/12/2019,2500.0,923.4,7,SALE10,10.0,Men,True
45185,17961.0,F,California,10.0,32426.0,2019-07-12,GGOEGATH060714,Google Women's Convertible Vest-Jacket Sea Foam Green,Apparel,1.0,23.76,6.0,Clicked,0.18,7/12/2019,2500.0,923.4,7,SALE10,10.0,Women,True
45191,17961.0,F,California,10.0,32428.0,2019-07-12,GGOEGADB056614,Men's Weatherblock Shell Jacket Black,Apparel,1.0,37.2,6.0,Used,0.18,7/12/2019,2500.0,923.4,7,SALE10,10.0,Men,True
45192,17961.0,F,California,10.0,32428.0,2019-07-12,GGOEGAPB058216,Google Women's Lightweight Microfleece Jacket,Apparel,1.0,41.99,6.0,Clicked,0.18,7/12/2019,2500.0,923.4,7,SALE10,10.0,Women,True
45199,17211.0,F,Chicago,29.0,32469.0,2019-07-12,GGOEGAFB035814,Google Men's  Zip Hoodie,Apparel,1.0,44.79,6.0,Clicked,0.18,7/12/2019,2500.0,923.4,7,SALE10,10.0,Men,True
45202,17211.0,F,Chicago,29.0,32471.0,2019-07-12,GGOEGAFB035813,Google Men's  Zip Hoodie,Apparel,1.0,44.79,6.0,Clicked,0.18,7/12/2019,2500.0,923.4,7,SALE10,10.0,Men,True
45209,17211.0,F,Chicago,29.0,32476.0,2019-07-12,GGOEGADB056915,Google Men's Performance Full Zip Jacket Black,Apparel,1.0,48.0,6.0,Used,0.18,7/12/2019,2500.0,923.4,7,SALE10,10.0,Men,True
45210,17211.0,F,Chicago,29.0,32476.0,2019-07-12,GGOEGADJ057114,Google Men's Performance 1/4 Zip Pullover Heather/Black,Apparel,1.0,26.4,6.0,Clicked,0.18,7/12/2019,2500.0,923.4,7,SALE10,10.0,Men,True
45229,12423.0,M,New York,9.0,32435.0,2019-07-12,GGOEGADB056916,Google Men's Performance Full Zip Jacket Black,Apparel,1.0,60.0,6.0,Used,0.18,7/12/2019,2500.0,923.4,7,SALE10,10.0,Men,True
45240,14737.0,F,New Jersey,21.0,32466.0,2019-07-12,GGOEGATB060615,Google Women's Convertible Vest-Jacket Black,Apparel,1.0,23.76,19.99,Used,0.18,7/12/2019,2500.0,923.4,7,SALE10,10.0,Women,True
45264,16270.0,F,Chicago,37.0,32500.0,2019-07-12,GGOEGADB056615,Men's Weatherblock Shell Jacket Black,Apparel,1.0,37.2,6.0,Used,0.18,7/12/2019,2500.0,923.4,7,SALE10,10.0,Men,True
45272,13487.0,M,Washington DC,6.0,32506.0,2019-07-12,GGOEGADB056915,Google Men's Performance Full Zip Jacket Black,Apparel,1.0,48.0,6.0,Used,0.18,7/12/2019,2500.0,923.4,7,SALE10,10.0,Men,True
45273,13487.0,M,Washington DC,6.0,32506.0,2019-07-12,GGOEGADB057313,Google Men's Lightweight Microfleece Jacket Black,Apparel,1.0,59.99,6.0,Used,0.18,7/12/2019,2500.0,923.4,7,SALE10,10.0,Men,True
45279,17841.0,M,California,21.0,31700.0,2019-07-01,GGOEGADC059514,Google Men's Microfiber 1/4 Zip Pullover Blue/Indigo,Apparel,1.0,52.49,6.0,Used,0.18,7/1/2019,1500.0,1932.64,7,SALE10,10.0,Men,True
45286,17841.0,M,California,21.0,32957.0,2019-07-17,GGOEYAFB073114,YouTube Men's Fleece Hoodie Black,Apparel,1.0,31.35,6.0,Clicked,0.18,7/17/2019,2000.0,1331.1,7,SALE10,10.0,Men,True
45290,17841.0,M,California,21.0,32962.0,2019-07-17,GGOEYAFB073114,YouTube Men's Fleece Hoodie Black,Apparel,1.0,39.19,6.0,Used,0.18,7/17/2019,2000.0,1331.1,7,SALE10,10.0,Men,True
45303,17841.0,M,California,21.0,32971.0,2019-07-17,GGOEGAPJ058016,Google Women's 1/4 Zip Jacket Charcoal,Apparel,1.0,44.0,6.0,Clicked,0.18,7/17/2019,2000.0,1331.1,7,SALE10,10.0,Women,True
45304,17841.0,M,California,21.0,32973.0,2019-07-17,GGOEGAPB057813,Women's Performance Full Zip Jacket Black,Apparel,1.0,83.99,6.0,Clicked,0.18,7/17/2019,2000.0,1331.1,7,SALE10,10.0,Women,True
45305,17841.0,M,California,21.0,32976.0,2019-07-17,GGOEGATB060213,Google Women's 1/4 Zip Performance Pullover Black,Apparel,1.0,32.49,6.0,Clicked,0.18,7/17/2019,2000.0,1331.1,7,SALE10,10.0,Women,True
45320,14606.0,F,Chicago,33.0,32868.0,2019-07-17,GGOEGAPB058612,Google Women's Yoga Jacket Black,Apparel,1.0,52.5,6.0,Used,0.18,7/17/2019,2000.0,1331.1,7,SALE10,10.0,Women,True
45338,14606.0,F,Chicago,33.0,32898.0,2019-07-17,GGOEGAPB057514,Women's Weatherblock Shell Jacket Black,Apparel,1.0,37.2,6.0,Clicked,0.18,7/17/2019,2000.0,1331.1,7,SALE10,10.0,Women,True
45350,13319.0,F,Chicago,27.0,32917.0,2019-07-17,GGOEGADC059315,Google Men's Airflow 1/4 Zip Pullover Lapis,Apparel,4.0,34.99,6.0,Used,0.18,7/17/2019,2000.0,1331.1,7,SALE10,10.0,Men,True
45351,13319.0,F,Chicago,27.0,32917.0,2019-07-17,GGOEGADC059317,Google Men's Airflow 1/4 Zip Pullover Lapis,Apparel,1.0,34.99,6.0,Used,0.18,7/17/2019,2000.0,1331.1,7,SALE10,10.0,Men,True
45352,13319.0,F,Chicago,27.0,32917.0,2019-07-17,GGOEGADJ056815,Google Men's Watershed Full Zip Hoodie Grey,Apparel,4.0,55.0,6.0,Clicked,0.18,7/17/2019,2000.0,1331.1,7,SALE10,10.0,Men,True
45353,13319.0,F,Chicago,27.0,32917.0,2019-07-17,GGOEGADJ056818,Google Men's Watershed Full Zip Hoodie Grey,Apparel,1.0,55.0,6.0,Clicked,0.18,7/17/2019,2000.0,1331.1,7,SALE10,10.0,Men,True
45354,13319.0,F,Chicago,27.0,32917.0,2019-07-17,GGOEGAFB035815,Google Men's  Zip Hoodie,Apparel,1.0,55.99,6.0,Used,0.18,7/17/2019,2000.0,1331.1,7,SALE10,10.0,Men,True
45355,13319.0,F,Chicago,27.0,32917.0,2019-07-17,GGOEGATB060213,Google Women's 1/4 Zip Performance Pullover Black,Apparel,1.0,32.49,6.0,Clicked,0.18,7/17/2019,2000.0,1331.1,7,SALE10,10.0,Women,True
45359,13319.0,F,Chicago,27.0,32926.0,2019-07-17,GGOEGAFB035814,Google Men's  Zip Hoodie,Apparel,1.0,44.79,13.38,Clicked,0.18,7/17/2019,2000.0,1331.1,7,SALE10,10.0,Men,True
45360,13319.0,F,Chicago,27.0,32926.0,2019-07-17,GGOEGAPB058613,Google Women's Yoga Jacket Black,Apparel,2.0,42.0,13.38,Clicked,0.18,7/17/2019,2000.0,1331.1,7,SALE10,10.0,Women,True
45361,13319.0,F,Chicago,27.0,32926.0,2019-07-17,GGOEYAFB073113,YouTube Men's Fleece Hoodie Black,Apparel,5.0,31.35,13.38,Used,0.18,7/17/2019,2000.0,1331.1,7,SALE10,10.0,Men,True
45362,13319.0,F,Chicago,27.0,32926.0,2019-07-17,GGOEYAFB073114,YouTube Men's Fleece Hoodie Black,Apparel,3.0,31.35,13.38,Clicked,0.18,7/17/2019,2000.0,1331.1,7,SALE10,10.0,Men,True
45363,16255.0,M,Chicago,7.0,32882.0,2019-07-17,GGOEGADB056616,Men's Weatherblock Shell Jacket Black,Apparel,1.0,37.2,12.99,Not Used,0.18,7/17/2019,2000.0,1331.1,7,SALE10,10.0,Men,True
45368,16255.0,M,Chicago,7.0,32885.0,2019-07-17,GGOEYAFB073113,YouTube Men's Fleece Hoodie Black,Apparel,1.0,31.35,6.0,Clicked,0.18,7/17/2019,2000.0,1331.1,7,SALE10,10.0,Men,True
45375,17188.0,M,Chicago,8.0,32989.0,2019-07-17,GGOEGADB056616,Men's Weatherblock Shell Jacket Black,Apparel,1.0,37.2,6.0,Clicked,0.18,7/17/2019,2000.0,1331.1,7,SALE10,10.0,Men,True
45378,17315.0,F,New York,10.0,32865.0,2019-07-17,GGOEGADJ056815,Google Men's Watershed Full Zip Hoodie Grey,Apparel,1.0,44.0,6.0,Used,0.18,7/17/2019,2000.0,1331.1,7,SALE10,10.0,Men,True
45379,16282.0,F,California,20.0,32926.0,2019-07-17,GGOEYAFB073115,YouTube Men's Fleece Hoodie Black,Apparel,2.0,31.35,13.38,Clicked,0.18,7/17/2019,2000.0,1331.1,7,SALE10,10.0,Men,True
45380,16282.0,F,California,20.0,32929.0,2019-07-17,GGOEGADJ057114,Google Men's Performance 1/4 Zip Pullover Heather/Black,Apparel,1.0,26.4,6.0,Used,0.18,7/17/2019,2000.0,1331.1,7,SALE10,10.0,Men,True
45426,13576.0,M,New York,23.0,34094.0,2019-07-30,GGOEGAPJ058014,Google Women's 1/4 Zip Jacket Charcoal,Apparel,1.0,55.0,6.0,Clicked,0.18,7/30/2019,1500.0,478.27,7,SALE10,10.0,Women,True
45427,18041.0,M,Washington DC,30.0,34124.0,2019-07-30,GGOEGATB060613,Google Women's Convertible Vest-Jacket Black,Apparel,1.0,23.76,6.0,Used,0.18,7/30/2019,1500.0,478.27,7,SALE10,10.0,Women,True
45428,18041.0,M,Washington DC,30.0,34125.0,2019-07-30,GGOEGADB059615,Google Men's Quilted Insulated Vest Black,Apparel,1.0,41.99,6.0,Clicked,0.18,7/30/2019,1500.0,478.27,7,SALE10,10.0,Men,True
45429,18041.0,M,Washington DC,30.0,34125.0,2019-07-30,GGOEGATJ060515,Google Women's Quilted Insulated Vest White,Apparel,1.0,30.0,6.0,Used,0.18,7/30/2019,1500.0,478.27,7,SALE10,10.0,Women,True
45436,13599.0,F,California,46.0,34123.0,2019-07-30,GGOEGADJ056816,Google Men's Watershed Full Zip Hoodie Grey,Apparel,1.0,55.0,50.0,Clicked,0.18,7/30/2019,1500.0,478.27,7,SALE10,10.0,Men,True
45441,13764.0,M,New York,14.0,34077.0,2019-07-30,GGOEGADB056916,Google Men's Performance Full Zip Jacket Black,Apparel,1.0,48.0,6.0,Used,0.18,7/30/2019,1500.0,478.27,7,SALE10,10.0,Men,True
45453,13764.0,M,New York,14.0,34091.0,2019-07-30,GGOEYAFB073117,YouTube Men's Fleece Hoodie Black,Apparel,1.0,39.19,6.0,Clicked,0.18,7/30/2019,1500.0,478.27,7,SALE10,10.0,Men,True
45465,17069.0,F,California,10.0,31927.0,2019-07-05,GGOEGADB059215,Google Men's Airflow 1/4 Zip Pullover Black,Apparel,1.0,39.19,6.0,Clicked,0.18,7/5/2019,2000.0,2103.13,7,SALE10,10.0,Men,True
45466,17069.0,F,California,10.0,31927.0,2019-07-05,GGOEGADC059515,Google Men's Microfiber 1/4 Zip Pullover Blue/Indigo,Apparel,1.0,41.99,6.0,Clicked,0.18,7/5/2019,2000.0,2103.13,7,SALE10,10.0,Men,True
45475,15640.0,F,California,30.0,31884.0,2019-07-05,GGOEGAPB057812,Women's Performance Full Zip Jacket Black,Apparel,1.0,83.99,6.0,Clicked,0.18,7/5/2019,2000.0,2103.13,7,SALE10,10.0,Women,True
45476,15640.0,F,California,30.0,31889.0,2019-07-05,GGOEGADB056615,Men's Weatherblock Shell Jacket Black,Apparel,1.0,52.07,6.0,Not Used,0.18,7/5/2019,2000.0,2103.13,7,SALE10,10.0,Men,True
45479,15640.0,F,California,30.0,31891.0,2019-07-05,GGOEGAFJ036215,Google Men's Pullover Hoodie Grey,Apparel,1.0,41.59,12.99,Clicked,0.18,7/5/2019,2000.0,2103.13,7,SALE10,10.0,Men,True
45481,17218.0,F,Chicago,31.0,31857.0,2019-07-05,GGOEGAPB058215,Google Women's Lightweight Microfleece Jacket,Apparel,1.0,59.99,6.0,Clicked,0.18,7/5/2019,2000.0,2103.13,7,SALE10,10.0,Women,True
45492,13050.0,F,Chicago,10.0,31940.0,2019-07-05,GGOEGADB056616,Men's Weatherblock Shell Jacket Black,Apparel,1.0,52.07,6.0,Used,0.18,7/5/2019,2000.0,2103.13,7,SALE10,10.0,Men,True
45502,17343.0,M,New York,32.0,31857.0,2019-07-05,GGOEGAFJ036214,Google Men's Pullover Hoodie Grey,Apparel,1.0,41.59,6.0,Clicked,0.18,7/5/2019,2000.0,2103.13,7,SALE10,10.0,Men,True
45525,14646.0,M,California,45.0,31928.0,2019-07-05,GGOEGATC060313,Google Women's 1/4 Zip Performance Pullover Two-Tone Blue,Apparel,1.0,36.39,6.0,Clicked,0.18,7/5/2019,2000.0,2103.13,7,SALE10,10.0,Women,True
45538,14606.0,F,Chicago,33.0,32206.0,2019-07-09,GGOEAAFB035913,Android Men's  Zip Hoodie,Apparel,1.0,55.99,6.0,Not Used,0.18,7/9/2019,2500.0,1870.67,7,SALE10,10.0,Men,True
45547,12681.0,M,Chicago,27.0,32179.0,2019-07-09,GGOEYAFB073115,YouTube Men's Fleece Hoodie Black,Apparel,1.0,55.99,12.99,Clicked,0.18,7/9/2019,2500.0,1870.67,7,SALE10,10.0,Men,True
45565,15527.0,F,New York,21.0,32196.0,2019-07-09,GGOEGAFB035814,Google Men's  Zip Hoodie,Apparel,1.0,44.79,6.0,Clicked,0.18,7/9/2019,2500.0,1870.67,7,SALE10,10.0,Men,True
45587,14606.0,F,Chicago,33.0,32586.0,2019-07-13,GGOEGADB059215,Google Men's Airflow 1/4 Zip Pullover Black,Apparel,1.0,28.0,6.0,Used,0.18,7/13/2019,2500.0,2489.36,7,SALE10,10.0,Men,True
45641,15044.0,F,California,31.0,32574.0,2019-07-13,GGOEGADJ057114,Google Men's Performance 1/4 Zip Pullover Heather/Black,Apparel,1.0,26.4,6.0,Used,0.18,7/13/2019,2500.0,2489.36,7,SALE10,10.0,Men,True
45642,15044.0,F,California,31.0,32575.0,2019-07-13,GGOEGADB059215,Google Men's Airflow 1/4 Zip Pullover Black,Apparel,1.0,28.0,20.85,Clicked,0.18,7/13/2019,2500.0,2489.36,7,SALE10,10.0,Men,True
45648,15044.0,F,California,31.0,32581.0,2019-07-13,GGOEGADJ057114,Google Men's Performance 1/4 Zip Pullover Heather/Black,Apparel,1.0,26.4,6.0,Clicked,0.18,7/13/2019,2500.0,2489.36,7,SALE10,10.0,Men,True
45650,15044.0,F,California,31.0,32581.0,2019-07-13,GGOEGATB060613,Google Women's Convertible Vest-Jacket Black,Apparel,1.0,23.76,6.0,Clicked,0.18,7/13/2019,2500.0,2489.36,7,SALE10,10.0,Women,True
45652,14646.0,M,California,45.0,32515.0,2019-07-13,GGOEGAPB058617,Google Women's Yoga Jacket Black,Apparel,1.0,42.0,6.0,Clicked,0.18,7/13/2019,2500.0,2489.36,7,SALE10,10.0,Women,True
45653,14646.0,M,California,45.0,32515.0,2019-07-13,GGOEGATB060617,Google Women's Convertible Vest-Jacket Black,Apparel,1.0,23.76,6.0,Clicked,0.18,7/13/2019,2500.0,2489.36,7,SALE10,10.0,Women,True
45658,14646.0,M,California,45.0,32517.0,2019-07-13,GGOEGATB060615,Google Women's Convertible Vest-Jacket Black,Apparel,1.0,23.76,6.0,Clicked,0.18,7/13/2019,2500.0,2489.36,7,SALE10,10.0,Women,True
45659,14646.0,M,California,45.0,32520.0,2019-07-13,GGOEGADB056613,Men's Weatherblock Shell Jacket Black,Apparel,1.0,37.2,6.0,Used,0.18,7/13/2019,2500.0,2489.36,7,SALE10,10.0,Men,True
45681,17400.0,F,California,45.0,32529.0,2019-07-13,GGOEGADJ059715,Google Men's Quilted Insulated Vest Battleship Grey,Apparel,1.0,37.49,6.0,Not Used,0.18,7/13/2019,2500.0,2489.36,7,SALE10,10.0,Men,True
45685,17400.0,F,California,45.0,32536.0,2019-07-13,GGOEGAPB058213,Google Women's Lightweight Microfleece Jacket,Apparel,1.0,41.99,6.5,Used,0.18,7/13/2019,2500.0,2489.36,7,SALE10,10.0,Women,True
45686,17400.0,F,California,45.0,32536.0,2019-07-13,GGOEGAQB036013,Google Women's Fleece Hoodie,Apparel,1.0,44.79,6.5,Clicked,0.18,7/13/2019,2500.0,2489.36,7,SALE10,10.0,Women,True
45692,17400.0,F,California,45.0,32542.0,2019-07-13,GGOEGAFJ036217,Google Men's Pullover Hoodie Grey,Apparel,1.0,29.11,6.0,Used,0.18,7/13/2019,2500.0,2489.36,7,SALE10,10.0,Men,True
45706,17593.0,F,New York,22.0,32554.0,2019-07-13,GGOEGADC059514,Google Men's Microfiber 1/4 Zip Pullover Blue/Indigo,Apparel,1.0,37.49,6.0,Used,0.18,7/13/2019,2500.0,2489.36,7,SALE10,10.0,Men,True
45713,14533.0,F,Chicago,30.0,32560.0,2019-07-13,GGOEGADB056615,Men's Weatherblock Shell Jacket Black,Apparel,1.0,37.2,6.0,Used,0.18,7/13/2019,2500.0,2489.36,7,SALE10,10.0,Men,True
45714,14533.0,F,Chicago,30.0,32560.0,2019-07-13,GGOEGADB059615,Google Men's Quilted Insulated Vest Black,Apparel,1.0,41.99,6.0,Clicked,0.18,7/13/2019,2500.0,2489.36,7,SALE10,10.0,Men,True
45725,14532.0,F,Chicago,44.0,32614.0,2019-07-13,GGOEGATB060617,Google Women's Convertible Vest-Jacket Black,Apparel,1.0,23.76,6.0,Clicked,0.18,7/13/2019,2500.0,2489.36,7,SALE10,10.0,Women,True
45740,16725.0,F,Chicago,48.0,33116.0,2019-07-19,GGOEGADC059315,Google Men's Airflow 1/4 Zip Pullover Lapis,Apparel,1.0,28.0,6.0,Used,0.18,7/19/2019,2000.0,3444.24,7,SALE10,10.0,Men,True
45741,16241.0,M,New York,34.0,33146.0,2019-07-19,GGOEGADJ057116,Google Men's Performance 1/4 Zip Pullover Heather/Black,Apparel,1.0,26.4,6.0,Clicked,0.18,7/19/2019,2000.0,3444.24,7,SALE10,10.0,Men,True
45746,16241.0,M,New York,34.0,33156.0,2019-07-19,GGOEGAFJ036215,Google Men's Pullover Hoodie Grey,Apparel,3.0,29.11,12.91,Not Used,0.18,7/19/2019,2000.0,3444.24,7,SALE10,10.0,Men,True
45747,16241.0,M,New York,34.0,33156.0,2019-07-19,GGOEGATB060613,Google Women's Convertible Vest-Jacket Black,Apparel,3.0,23.76,12.91,Clicked,0.18,7/19/2019,2000.0,3444.24,7,SALE10,10.0,Women,True
45748,16241.0,M,New York,34.0,33156.0,2019-07-19,GGOEGATB060614,Google Women's Convertible Vest-Jacket Black,Apparel,2.0,23.76,12.91,Clicked,0.18,7/19/2019,2000.0,3444.24,7,SALE10,10.0,Women,True
45751,16241.0,M,New York,34.0,33163.0,2019-07-19,GGOEGADB057316,Google Men's Lightweight Microfleece Jacket Black,Apparel,1.0,59.99,6.0,Not Used,0.18,7/19/2019,2000.0,3444.24,7,SALE10,10.0,Men,True
45755,16241.0,M,New York,34.0,33163.0,2019-07-19,GGOEGAPB058212,Google Women's Lightweight Microfleece Jacket,Apparel,1.0,41.99,6.0,Used,0.18,7/19/2019,2000.0,3444.24,7,SALE10,10.0,Women,True
45756,16241.0,M,New York,34.0,33163.0,2019-07-19,GGOEGAPB058613,Google Women's Yoga Jacket Black,Apparel,1.0,42.0,6.0,Clicked,0.18,7/19/2019,2000.0,3444.24,7,SALE10,10.0,Women,True
45758,16241.0,M,New York,34.0,33164.0,2019-07-19,GGOEGAPJ058012,Google Women's 1/4 Zip Jacket Charcoal,Apparel,1.0,44.0,12.99,Clicked,0.18,7/19/2019,2000.0,3444.24,7,SALE10,10.0,Women,True
45767,15808.0,F,California,6.0,33173.0,2019-07-19,GGOEAAFB035913,Android Men's  Zip Hoodie,Apparel,1.0,31.35,6.0,Not Used,0.18,7/19/2019,2000.0,3444.24,7,SALE10,10.0,Men,True
45771,15808.0,F,California,6.0,33177.0,2019-07-19,GGOEGADB056614,Men's Weatherblock Shell Jacket Black,Apparel,1.0,37.2,6.0,Not Used,0.18,7/19/2019,2000.0,3444.24,7,SALE10,10.0,Men,True
45775,15808.0,F,California,6.0,33189.0,2019-07-19,GGOEGADJ056815,Google Men's Watershed Full Zip Hoodie Grey,Apparel,1.0,55.0,6.0,Clicked,0.18,7/19/2019,2000.0,3444.24,7,SALE10,10.0,Men,True
45791,17675.0,F,New York,17.0,33221.0,2019-07-19,GGOEGADB059215,Google Men's Airflow 1/4 Zip Pullover Black,Apparel,1.0,34.99,6.0,Used,0.18,7/19/2019,2000.0,3444.24,7,SALE10,10.0,Men,True
45792,17675.0,F,New York,17.0,33221.0,2019-07-19,GGOEGADB059216,Google Men's Airflow 1/4 Zip Pullover Black,Apparel,1.0,34.99,6.0,Clicked,0.18,7/19/2019,2000.0,3444.24,7,SALE10,10.0,Men,True
45806,14221.0,F,New York,39.0,33126.0,2019-07-19,GGOEGAFJ036215,Google Men's Pullover Hoodie Grey,Apparel,1.0,29.11,6.0,Clicked,0.18,7/19/2019,2000.0,3444.24,7,SALE10,10.0,Men,True
45835,13458.0,F,California,33.0,33824.0,2019-07-27,GGOEGAPB058213,Google Women's Lightweight Microfleece Jacket,Apparel,1.0,41.99,6.0,Clicked,0.18,7/27/2019,2500.0,1151.7,7,SALE10,10.0,Women,True
45836,13458.0,F,California,33.0,33824.0,2019-07-27,GGOEGATH060713,Google Women's Convertible Vest-Jacket Sea Foam Green,Apparel,1.0,23.76,6.0,Used,0.18,7/27/2019,2500.0,1151.7,7,SALE10,10.0,Women,True
45843,13458.0,F,California,33.0,33838.0,2019-07-27,GGOEGADJ056814,Google Men's Watershed Full Zip Hoodie Grey,Apparel,1.0,44.0,6.0,Not Used,0.18,7/27/2019,2500.0,1151.7,7,SALE10,10.0,Men,True
45852,13680.0,M,Washington DC,34.0,33866.0,2019-07-27,GGOEGAPB058214,Google Women's Lightweight Microfleece Jacket,Apparel,1.0,41.99,6.0,Clicked,0.18,7/27/2019,2500.0,1151.7,7,SALE10,10.0,Women,True
45859,14258.0,F,California,31.0,33881.0,2019-07-27,GGOEGAPB057817,Women's Performance Full Zip Jacket Black,Apparel,1.0,83.99,6.0,Clicked,0.18,7/27/2019,2500.0,1151.7,7,SALE10,10.0,Women,True
45860,14258.0,F,California,31.0,33884.0,2019-07-27,GGOEGAPB058215,Google Women's Lightweight Microfleece Jacket,Apparel,1.0,41.99,6.0,Not Used,0.18,7/27/2019,2500.0,1151.7,7,SALE10,10.0,Women,True
45884,15719.0,F,Chicago,16.0,33915.0,2019-07-27,GGOEGADJ056813,Google Men's Watershed Full Zip Hoodie Grey,Apparel,1.0,44.0,6.0,Not Used,0.18,7/27/2019,2500.0,1151.7,7,SALE10,10.0,Men,True
45889,15719.0,F,Chicago,16.0,33921.0,2019-07-27,GGOEGAPB057517,Women's Weatherblock Shell Jacket Black,Apparel,1.0,37.2,6.0,Clicked,0.18,7/27/2019,2500.0,1151.7,7,SALE10,10.0,Women,True
45892,15719.0,F,Chicago,16.0,33923.0,2019-07-27,GGOEGADJ056816,Google Men's Watershed Full Zip Hoodie Grey,Apparel,1.0,44.0,6.0,Not Used,0.18,7/27/2019,2500.0,1151.7,7,SALE10,10.0,Men,True
45897,15823.0,M,New York,27.0,33977.0,2019-07-28,GGOEGADJ056815,Google Men's Watershed Full Zip Hoodie Grey,Apparel,1.0,44.0,6.0,Clicked,0.18,7/28/2019,2500.0,2425.35,7,SALE10,10.0,Men,True
45915,12841.0,F,California,19.0,34006.0,2019-07-28,GGOEGATB060614,Google Women's Convertible Vest-Jacket Black,Apparel,1.0,23.76,6.0,Clicked,0.18,7/28/2019,2500.0,2425.35,7,SALE10,10.0,Women,True
45918,12841.0,F,California,19.0,34012.0,2019-07-28,GGOEGADB056915,Google Men's Performance Full Zip Jacket Black,Apparel,1.0,60.0,6.0,Clicked,0.18,7/28/2019,2500.0,2425.35,7,SALE10,10.0,Men,True
45923,12841.0,F,California,19.0,34013.0,2019-07-28,GGOEGAPJ058014,Google Women's 1/4 Zip Jacket Charcoal,Apparel,1.0,44.0,6.0,Clicked,0.18,7/28/2019,2500.0,2425.35,7,SALE10,10.0,Women,True
45938,15379.0,F,California,10.0,34023.0,2019-07-28,GGOEGATB060613,Google Women's Convertible Vest-Jacket Black,Apparel,1.0,23.76,6.0,Clicked,0.18,7/28/2019,2500.0,2425.35,7,SALE10,10.0,Women,True
45939,15379.0,F,California,10.0,34023.0,2019-07-28,GGOEGATC060313,Google Women's 1/4 Zip Performance Pullover Two-Tone Blue,Apparel,1.0,26.0,6.0,Clicked,0.18,7/28/2019,2500.0,2425.35,7,SALE10,10.0,Women,True
45954,15719.0,F,Chicago,16.0,33947.0,2019-07-28,GGOEGADB059215,Google Men's Airflow 1/4 Zip Pullover Black,Apparel,1.0,28.0,6.0,Used,0.18,7/28/2019,2500.0,2425.35,7,SALE10,10.0,Men,True
45965,17634.0,F,Chicago,32.0,33959.0,2019-07-28,GGOEGADJ056815,Google Men's Watershed Full Zip Hoodie Grey,Apparel,1.0,44.0,12.99,Clicked,0.18,7/28/2019,2500.0,2425.35,7,SALE10,10.0,Men,True
45967,17634.0,F,Chicago,32.0,33959.0,2019-07-28,GGOEYAFB073115,YouTube Men's Fleece Hoodie Black,Apparel,2.0,31.35,12.99,Used,0.18,7/28/2019,2500.0,2425.35,7,SALE10,10.0,Men,True
45973,17634.0,F,Chicago,32.0,33966.0,2019-07-28,GGOEGAFB035815,Google Men's  Zip Hoodie,Apparel,1.0,44.79,6.0,Used,0.18,7/28/2019,2500.0,2425.35,7,SALE10,10.0,Men,True
45976,17634.0,F,Chicago,32.0,33967.0,2019-07-28,GGOEGADC059316,Google Men's Airflow 1/4 Zip Pullover Lapis,Apparel,1.0,34.99,6.0,Clicked,0.18,7/28/2019,2500.0,2425.35,7,SALE10,10.0,Men,True
45988,16676.0,F,New York,4.0,33986.0,2019-07-28,GGOEGATB060615,Google Women's Convertible Vest-Jacket Black,Apparel,1.0,23.76,6.0,Clicked,0.18,7/28/2019,2500.0,2425.35,7,SALE10,10.0,Women,True
46024,14653.0,M,California,2.0,33483.0,2019-07-23,GGOEGADB059614,Google Men's Quilted Insulated Vest Black,Apparel,1.0,52.49,6.0,Clicked,0.18,7/23/2019,2500.0,1760.92,7,SALE10,10.0,Men,True
46035,13564.0,M,California,26.0,32366.0,2019-07-11,GGOEGADC059315,Google Men's Airflow 1/4 Zip Pullover Lapis,Apparel,1.0,28.0,6.0,Used,0.18,7/11/2019,2500.0,1128.09,7,SALE10,10.0,Men,True
46049,13564.0,M,California,26.0,32379.0,2019-07-11,GGOEGAFJ036214,Google Men's Pullover Hoodie Grey,Apparel,1.0,36.39,6.0,Clicked,0.18,7/11/2019,2500.0,1128.09,7,SALE10,10.0,Men,True
46056,15581.0,F,California,18.0,32412.0,2019-07-11,GGOEGAFJ036216,Google Men's Pullover Hoodie Grey,Apparel,1.0,29.11,6.0,Clicked,0.18,7/11/2019,2500.0,1128.09,7,SALE10,10.0,Men,True
46084,15460.0,F,New York,4.0,32322.0,2019-07-11,GGOEGATB060615,Google Women's Convertible Vest-Jacket Black,Apparel,1.0,69.29,6.0,Clicked,0.18,7/11/2019,2500.0,1128.09,7,SALE10,10.0,Women,True
46085,15460.0,F,New York,4.0,32322.0,2019-07-11,GGOEGATH060713,Google Women's Convertible Vest-Jacket Sea Foam Green,Apparel,1.0,69.29,6.0,Clicked,0.18,7/11/2019,2500.0,1128.09,7,SALE10,10.0,Women,True
46088,15460.0,F,New York,4.0,32325.0,2019-07-11,GGOEGAPB057514,Women's Weatherblock Shell Jacket Black,Apparel,1.0,65.09,6.0,Clicked,0.18,7/11/2019,2500.0,1128.09,7,SALE10,10.0,Women,True
46100,15034.0,M,New York,2.0,32397.0,2019-07-11,GGOEGAPB058214,Google Women's Lightweight Microfleece Jacket,Apparel,1.0,41.99,6.5,Not Used,0.18,7/11/2019,2500.0,1128.09,7,SALE10,10.0,Women,True
46105,15034.0,M,New York,2.0,32399.0,2019-07-11,GGOEGADB059616,Google Men's Quilted Insulated Vest Black,Apparel,1.0,41.99,6.0,Used,0.18,7/11/2019,2500.0,1128.09,7,SALE10,10.0,Men,True
46107,15034.0,M,New York,2.0,32400.0,2019-07-11,GGOEGADJ057114,Google Men's Performance 1/4 Zip Pullover Heather/Black,Apparel,1.0,26.4,6.0,Used,0.18,7/11/2019,2500.0,1128.09,7,SALE10,10.0,Men,True
46130,16814.0,M,California,22.0,33107.0,2019-07-18,GGOEGAPB058612,Google Women's Yoga Jacket Black,Apparel,1.0,52.5,6.0,Clicked,0.18,7/18/2019,2000.0,2408.61,7,SALE10,10.0,Women,True
46143,17428.0,F,California,14.0,33021.0,2019-07-18,GGOEGADJ057114,Google Men's Performance 1/4 Zip Pullover Heather/Black,Apparel,1.0,26.4,6.0,Clicked,0.18,7/18/2019,2000.0,2408.61,7,SALE10,10.0,Men,True
46146,17428.0,F,California,14.0,33021.0,2019-07-18,GGOEYAFB073114,YouTube Men's Fleece Hoodie Black,Apparel,1.0,31.35,6.0,Clicked,0.18,7/18/2019,2000.0,2408.61,7,SALE10,10.0,Men,True
46153,15039.0,F,Chicago,19.0,32992.0,2019-07-18,GGOEGADB056614,Men's Weatherblock Shell Jacket Black,Apparel,1.0,46.5,12.99,Used,0.18,7/18/2019,2000.0,2408.61,7,SALE10,10.0,Men,True
46160,15039.0,F,Chicago,19.0,33011.0,2019-07-18,GGOEGATC060313,Google Women's 1/4 Zip Performance Pullover Two-Tone Blue,Apparel,2.0,26.0,19.99,Used,0.18,7/18/2019,2000.0,2408.61,7,SALE10,10.0,Women,True
46161,15039.0,F,Chicago,19.0,33011.0,2019-07-18,GGOEGATH060713,Google Women's Convertible Vest-Jacket Sea Foam Green,Apparel,2.0,23.76,19.99,Clicked,0.18,7/18/2019,2000.0,2408.61,7,SALE10,10.0,Women,True
46163,15039.0,F,Chicago,19.0,33013.0,2019-07-18,GGOEGAFB035814,Google Men's  Zip Hoodie,Apparel,12.0,55.99,19.99,Clicked,0.18,7/18/2019,2000.0,2408.61,7,SALE10,10.0,Men,True
46164,15039.0,F,Chicago,19.0,33013.0,2019-07-18,GGOEGAFB035815,Google Men's  Zip Hoodie,Apparel,10.0,55.99,19.99,Not Used,0.18,7/18/2019,2000.0,2408.61,7,SALE10,10.0,Men,True
46165,15039.0,F,Chicago,19.0,33013.0,2019-07-18,GGOEGAFB035816,Google Men's  Zip Hoodie,Apparel,2.0,55.99,19.99,Used,0.18,7/18/2019,2000.0,2408.61,7,SALE10,10.0,Men,True
46166,15039.0,F,Chicago,19.0,33013.0,2019-07-18,GGOEGAQB036013,Google Women's Fleece Hoodie,Apparel,14.0,55.99,19.99,Clicked,0.18,7/18/2019,2000.0,2408.61,7,SALE10,10.0,Women,True
46167,15039.0,F,Chicago,19.0,33013.0,2019-07-18,GGOEGAQB036016,Google Women's Fleece Hoodie,Apparel,2.0,55.99,19.99,Clicked,0.18,7/18/2019,2000.0,2408.61,7,SALE10,10.0,Women,True
46171,17975.0,M,Chicago,6.0,33037.0,2019-07-18,GGOEGADB059217,Google Men's Airflow 1/4 Zip Pullover Black,Apparel,1.0,28.0,12.91,Not Used,0.18,7/18/2019,2000.0,2408.61,7,SALE10,10.0,Men,True
46172,17975.0,M,Chicago,6.0,33037.0,2019-07-18,GGOEGADB059613,Google Men's Quilted Insulated Vest Black,Apparel,1.0,41.99,12.91,Used,0.18,7/18/2019,2000.0,2408.61,7,SALE10,10.0,Men,True
46173,17975.0,M,Chicago,6.0,33037.0,2019-07-18,GGOEGADB059614,Google Men's Quilted Insulated Vest Black,Apparel,2.0,41.99,12.91,Clicked,0.18,7/18/2019,2000.0,2408.61,7,SALE10,10.0,Men,True
46174,17975.0,M,Chicago,6.0,33037.0,2019-07-18,GGOEGADB059615,Google Men's Quilted Insulated Vest Black,Apparel,1.0,41.99,12.91,Clicked,0.18,7/18/2019,2000.0,2408.61,7,SALE10,10.0,Men,True
46175,17975.0,M,Chicago,6.0,33037.0,2019-07-18,GGOEGADJ059715,Google Men's Quilted Insulated Vest Battleship Grey,Apparel,1.0,30.0,12.91,Used,0.18,7/18/2019,2000.0,2408.61,7,SALE10,10.0,Men,True
46188,17975.0,M,Chicago,6.0,33045.0,2019-07-18,GGOEGADJ057115,Google Men's Performance 1/4 Zip Pullover Heather/Black,Apparel,1.0,33.0,6.0,Used,0.18,7/18/2019,2000.0,2408.61,7,SALE10,10.0,Men,True
46189,13397.0,M,California,40.0,33047.0,2019-07-18,GGOEYAFB073113,YouTube Men's Fleece Hoodie Black,Apparel,1.0,31.35,6.0,Not Used,0.18,7/18/2019,2000.0,2408.61,7,SALE10,10.0,Men,True
46202,13680.0,M,Washington DC,34.0,33075.0,2019-07-18,GGOEGADJ056813,Google Men's Watershed Full Zip Hoodie Grey,Apparel,1.0,44.0,6.0,Clicked,0.18,7/18/2019,2000.0,2408.61,7,SALE10,10.0,Men,True
46209,13680.0,M,Washington DC,34.0,33081.0,2019-07-18,GGOEYAFB073114,YouTube Men's Fleece Hoodie Black,Apparel,1.0,39.19,6.0,Clicked,0.18,7/18/2019,2000.0,2408.61,7,SALE10,10.0,Men,True
46211,13680.0,M,Washington DC,34.0,33082.0,2019-07-18,GGOEGADB056915,Google Men's Performance Full Zip Jacket Black,Apparel,1.0,48.0,6.0,Used,0.18,7/18/2019,2000.0,2408.61,7,SALE10,10.0,Men,True
46225,15164.0,M,New York,28.0,33089.0,2019-07-18,GGOEGADJ056814,Google Men's Watershed Full Zip Hoodie Grey,Apparel,1.0,44.0,6.0,Clicked,0.18,7/18/2019,2000.0,2408.61,7,SALE10,10.0,Men,True
46226,15164.0,M,New York,28.0,33089.0,2019-07-18,GGOEGAPB057812,Women's Performance Full Zip Jacket Black,Apparel,1.0,67.19,6.0,Used,0.18,7/18/2019,2000.0,2408.61,7,SALE10,10.0,Women,True
46230,14732.0,F,New York,33.0,33102.0,2019-07-18,GGOEGADB059215,Google Men's Airflow 1/4 Zip Pullover Black,Apparel,1.0,34.99,6.0,Used,0.18,7/18/2019,2000.0,2408.61,7,SALE10,10.0,Men,True
46232,14732.0,F,New York,33.0,33102.0,2019-07-18,GGOEYAFB073115,YouTube Men's Fleece Hoodie Black,Apparel,1.0,39.19,6.0,Used,0.18,7/18/2019,2000.0,2408.61,7,SALE10,10.0,Men,True
46235,14732.0,F,New York,33.0,33103.0,2019-07-18,GGOEGATH060716,Google Women's Convertible Vest-Jacket Sea Foam Green,Apparel,1.0,23.76,6.0,Clicked,0.18,7/18/2019,2000.0,2408.61,7,SALE10,10.0,Women,True
46238,12682.0,F,Chicago,33.0,33537.0,2019-07-24,GGOEYAFB073117,YouTube Men's Fleece Hoodie Black,Apparel,1.0,39.19,19.99,Not Used,0.18,7/24/2019,2500.0,850.14,7,SALE10,10.0,Men,True
46245,12682.0,F,Chicago,33.0,33541.0,2019-07-24,GGOEGATB060214,Google Women's 1/4 Zip Performance Pullover Black,Apparel,1.0,26.0,6.0,Not Used,0.18,7/24/2019,2500.0,850.14,7,SALE10,10.0,Women,True
46250,12682.0,F,Chicago,33.0,33555.0,2019-07-24,GGOEAAQB036116,Android Women's Fleece Hoodie,Apparel,2.0,31.35,6.0,Used,0.18,7/24/2019,2500.0,850.14,7,SALE10,10.0,Women,True
46256,12682.0,F,Chicago,33.0,33555.0,2019-07-24,GGOEGAFB035814,Google Men's  Zip Hoodie,Apparel,1.0,44.79,6.0,Clicked,0.18,7/24/2019,2500.0,850.14,7,SALE10,10.0,Men,True
46266,13081.0,F,New York,5.0,33618.0,2019-07-24,GGOEGADJ056815,Google Men's Watershed Full Zip Hoodie Grey,Apparel,1.0,55.0,6.0,Clicked,0.18,7/24/2019,2500.0,850.14,7,SALE10,10.0,Men,True
46274,16771.0,M,Chicago,39.0,33524.0,2019-07-24,GGOEGAFB035816,Google Men's  Zip Hoodie,Apparel,1.0,44.79,6.0,Not Used,0.18,7/24/2019,2500.0,850.14,7,SALE10,10.0,Men,True
46275,16771.0,M,Chicago,39.0,33527.0,2019-07-24,GGOEGAFB035815,Google Men's  Zip Hoodie,Apparel,1.0,44.79,6.5,Used,0.18,7/24/2019,2500.0,850.14,7,SALE10,10.0,Men,True
46282,17585.0,F,California,26.0,33555.0,2019-07-24,GGOEYAFB073114,YouTube Men's Fleece Hoodie Black,Apparel,1.0,31.35,6.0,Clicked,0.18,7/24/2019,2500.0,850.14,7,SALE10,10.0,Men,True
46293,15046.0,F,New Jersey,4.0,33573.0,2019-07-24,GGOEGADB059616,Google Men's Quilted Insulated Vest Black,Apparel,1.0,41.99,6.0,Clicked,0.18,7/24/2019,2500.0,850.14,7,SALE10,10.0,Men,True
46315,15464.0,F,Chicago,40.0,33627.0,2019-07-24,GGOEGAPB057813,Women's Performance Full Zip Jacket Black,Apparel,1.0,67.19,6.0,Used,0.18,7/24/2019,2500.0,850.14,7,SALE10,10.0,Women,True
46318,12721.0,F,California,5.0,32007.0,2019-07-06,GGOEGADJ059714,Google Men's Quilted Insulated Vest Battleship Grey,Apparel,2.0,41.99,12.48,Used,0.18,7/6/2019,2000.0,2663.67,7,SALE10,10.0,Men,True
46319,12721.0,F,California,5.0,32007.0,2019-07-06,GGOEGADJ059715,Google Men's Quilted Insulated Vest Battleship Grey,Apparel,3.0,41.99,12.48,Used,0.18,7/6/2019,2000.0,2663.67,7,SALE10,10.0,Men,True
46320,12721.0,F,California,5.0,32007.0,2019-07-06,GGOEGATJ060513,Google Women's Quilted Insulated Vest White,Apparel,3.0,41.99,12.48,Used,0.18,7/6/2019,2000.0,2663.67,7,SALE10,10.0,Women,True
46326,15279.0,M,California,10.0,31948.0,2019-07-06,GGOEGADJ059715,Google Men's Quilted Insulated Vest Battleship Grey,Apparel,1.0,41.99,15.37,Used,0.18,7/6/2019,2000.0,2663.67,7,SALE10,10.0,Men,True
46349,14099.0,M,New York,32.0,31976.0,2019-07-06,GGOEGADJ059717,Google Men's Quilted Insulated Vest Battleship Grey,Apparel,1.0,41.99,6.5,Used,0.18,7/6/2019,2000.0,2663.67,7,SALE10,10.0,Men,True
46350,14099.0,M,New York,32.0,31976.0,2019-07-06,GGOEGADJ059718,Google Men's Quilted Insulated Vest Battleship Grey,Apparel,1.0,41.99,6.5,Used,0.18,7/6/2019,2000.0,2663.67,7,SALE10,10.0,Men,True
46351,14099.0,M,New York,32.0,31976.0,2019-07-06,GGOEGATC060315,Google Women's 1/4 Zip Performance Pullover Two-Tone Blue,Apparel,1.0,36.39,6.5,Clicked,0.18,7/6/2019,2000.0,2663.67,7,SALE10,10.0,Women,True
46356,14099.0,M,New York,32.0,31993.0,2019-07-06,GGOEGAPB058612,Google Women's Yoga Jacket Black,Apparel,1.0,58.79,6.0,Used,0.18,7/6/2019,2000.0,2663.67,7,SALE10,10.0,Women,True
46368,18116.0,F,Chicago,38.0,32798.0,2019-07-16,GGOEGADJ059715,Google Men's Quilted Insulated Vest Battleship Grey,Apparel,1.0,30.0,6.0,Clicked,0.18,7/16/2019,2000.0,1163.11,7,SALE10,10.0,Men,True
46369,18116.0,F,Chicago,38.0,32798.0,2019-07-16,GGOEGAPB057813,Women's Performance Full Zip Jacket Black,Apparel,1.0,67.19,6.0,Clicked,0.18,7/16/2019,2000.0,1163.11,7,SALE10,10.0,Women,True
46374,18116.0,F,Chicago,38.0,32810.0,2019-07-16,GGOEGAPC058812,Google Women's Shell Jacket Blue/Black,Apparel,1.0,22.8,6.0,Used,0.18,7/16/2019,2000.0,1163.11,7,SALE10,10.0,Women,True
46375,18116.0,F,Chicago,38.0,32810.0,2019-07-16,GGOEGAPC058814,Google Women's Shell Jacket Blue/Black,Apparel,2.0,22.8,6.0,Clicked,0.18,7/16/2019,2000.0,1163.11,7,SALE10,10.0,Women,True
46381,17315.0,F,New York,10.0,32844.0,2019-07-16,GGOEGADJ059713,Google Men's Quilted Insulated Vest Battleship Grey,Apparel,1.0,30.0,6.0,Used,0.18,7/16/2019,2000.0,1163.11,7,SALE10,10.0,Men,True
46382,17315.0,F,New York,10.0,32844.0,2019-07-16,GGOEGATB060613,Google Women's Convertible Vest-Jacket Black,Apparel,1.0,23.76,6.0,Not Used,0.18,7/16/2019,2000.0,1163.11,7,SALE10,10.0,Women,True
46383,17315.0,F,New York,10.0,32846.0,2019-07-16,GGOEGADB056916,Google Men's Performance Full Zip Jacket Black,Apparel,1.0,48.0,6.0,Used,0.18,7/16/2019,2000.0,1163.11,7,SALE10,10.0,Men,True
46414,15034.0,M,New York,2.0,33720.0,2019-07-25,GGOEGADC059514,Google Men's Microfiber 1/4 Zip Pullover Blue/Indigo,Apparel,1.0,30.0,6.0,Clicked,0.18,7/25/2019,2500.0,1169.05,7,SALE10,10.0,Men,True
46421,15034.0,M,New York,2.0,33728.0,2019-07-25,GGOEGADB059214,Google Men's Airflow 1/4 Zip Pullover Black,Apparel,1.0,28.0,12.99,Used,0.18,7/25/2019,2500.0,1169.05,7,SALE10,10.0,Men,True
46433,15464.0,F,Chicago,40.0,33655.0,2019-07-25,GGOEGADB059615,Google Men's Quilted Insulated Vest Black,Apparel,1.0,41.99,12.99,Used,0.18,7/25/2019,2500.0,1169.05,7,SALE10,10.0,Men,True
46434,15464.0,F,Chicago,40.0,33656.0,2019-07-25,GGOEGADB059614,Google Men's Quilted Insulated Vest Black,Apparel,1.0,41.99,6.0,Used,0.18,7/25/2019,2500.0,1169.05,7,SALE10,10.0,Men,True
46436,15464.0,F,Chicago,40.0,33659.0,2019-07-25,GGOEGAPB058214,Google Women's Lightweight Microfleece Jacket,Apparel,1.0,41.99,6.0,Clicked,0.18,7/25/2019,2500.0,1169.05,7,SALE10,10.0,Women,True
46442,15464.0,F,Chicago,40.0,33672.0,2019-07-25,GGOEGAFB035815,Google Men's  Zip Hoodie,Apparel,1.0,55.99,6.0,Used,0.18,7/25/2019,2500.0,1169.05,7,SALE10,10.0,Men,True
46449,15464.0,F,Chicago,40.0,33681.0,2019-07-25,GGOEYAFB073114,YouTube Men's Fleece Hoodie Black,Apparel,2.0,31.35,6.5,Clicked,0.18,7/25/2019,2500.0,1169.05,7,SALE10,10.0,Men,True
46450,15464.0,F,Chicago,40.0,33688.0,2019-07-25,GGOEYAFB073114,YouTube Men's Fleece Hoodie Black,Apparel,3.0,31.35,6.5,Not Used,0.18,7/25/2019,2500.0,1169.05,7,SALE10,10.0,Men,True
46462,15464.0,F,Chicago,40.0,33702.0,2019-07-25,GGOEGADB056916,Google Men's Performance Full Zip Jacket Black,Apparel,1.0,60.0,6.0,Used,0.18,7/25/2019,2500.0,1169.05,7,SALE10,10.0,Men,True
46463,15379.0,F,California,10.0,34027.0,2019-07-29,GGOEGADJ059814,Google Men's Convertible Vest-Jacket Pewter,Apparel,1.0,55.43,6.0,Used,0.18,7/29/2019,2500.0,1353.73,7,SALE10,10.0,Men,True
46478,18283.0,F,New Jersey,36.0,34038.0,2019-07-29,GGOEYAFB073115,YouTube Men's Fleece Hoodie Black,Apparel,1.0,39.19,6.0,Clicked,0.18,7/29/2019,2500.0,1353.73,7,SALE10,10.0,Men,True
46479,18283.0,F,New Jersey,36.0,34047.0,2019-07-29,GGOEGAFB035816,Google Men's  Zip Hoodie,Apparel,1.0,44.79,6.0,Used,0.18,7/29/2019,2500.0,1353.73,7,SALE10,10.0,Men,True
46480,18283.0,F,New Jersey,36.0,34047.0,2019-07-29,GGOEGATH060714,Google Women's Convertible Vest-Jacket Sea Foam Green,Apparel,1.0,23.76,6.0,Not Used,0.18,7/29/2019,2500.0,1353.73,7,SALE10,10.0,Women,True
46489,18283.0,F,New Jersey,36.0,34051.0,2019-07-29,GGOEYAFB073115,YouTube Men's Fleece Hoodie Black,Apparel,1.0,31.35,6.0,Clicked,0.18,7/29/2019,2500.0,1353.73,7,SALE10,10.0,Men,True
46501,12735.0,M,Washington DC,5.0,34053.0,2019-07-29,GGOEGADB056915,Google Men's Performance Full Zip Jacket Black,Apparel,1.0,48.0,12.99,Used,0.18,7/29/2019,2500.0,1353.73,7,SALE10,10.0,Men,True
46502,12735.0,M,Washington DC,5.0,34053.0,2019-07-29,GGOEGADB059613,Google Men's Quilted Insulated Vest Black,Apparel,1.0,41.99,12.99,Used,0.18,7/29/2019,2500.0,1353.73,7,SALE10,10.0,Men,True
46504,12735.0,M,Washington DC,5.0,34053.0,2019-07-29,GGOEYAFB073115,YouTube Men's Fleece Hoodie Black,Apparel,2.0,31.35,12.99,Not Used,0.18,7/29/2019,2500.0,1353.73,7,SALE10,10.0,Men,True
46505,12735.0,M,Washington DC,5.0,34057.0,2019-07-29,GGOEYAFB073115,YouTube Men's Fleece Hoodie Black,Apparel,1.0,39.19,6.0,Clicked,0.18,7/29/2019,2500.0,1353.73,7,SALE10,10.0,Men,True
46508,13764.0,M,New York,14.0,34061.0,2019-07-29,GGOEYAFB073113,YouTube Men's Fleece Hoodie Black,Apparel,1.0,31.35,6.0,Used,0.18,7/29/2019,2500.0,1353.73,7,SALE10,10.0,Men,True
46527,17358.0,F,Chicago,6.0,31725.0,2019-07-02,GGOEYAQB073216,YouTube Women's Fleece Hoodie Black,Apparel,1.0,39.19,6.0,Used,0.18,7/2/2019,2000.0,1108.03,7,SALE10,10.0,Women,True
46536,16686.0,M,New York,31.0,31814.0,2019-07-04,GGOEYAFB073113,YouTube Men's Fleece Hoodie Black,Apparel,1.0,55.99,6.0,Clicked,0.18,7/4/2019,2000.0,2227.95,7,SALE10,10.0,Men,True
49515,15235.0,F,New Jersey,23.0,39813.0,2019-10-04,GGOEGADC059316,Google Men's Airflow 1/4 Zip Pullover Lapis,Apparel,1.0,28.0,6.0,Used,0.18,10/4/2019,3000.0,2411.39,10,SALE10,10.0,Men,True
49518,15235.0,F,New Jersey,23.0,39815.0,2019-10-04,GGOEYAQB073217,YouTube Women's Fleece Hoodie Black,Apparel,1.0,28.0,6.0,Clicked,0.18,10/4/2019,3000.0,2411.39,10,SALE10,10.0,Women,True
49526,14092.0,F,Chicago,41.0,39803.0,2019-10-04,GGOEGATC060314,Google Women's 1/4 Zip Performance Pullover Two-Tone Blue,Apparel,1.0,32.49,6.0,Clicked,0.18,10/4/2019,3000.0,2411.39,10,SALE10,10.0,Women,True
49530,18239.0,M,New York,20.0,39828.0,2019-10-04,GGOEGADC059313,Google Men's Airflow 1/4 Zip Pullover Lapis,Apparel,1.0,28.0,6.0,Clicked,0.18,10/4/2019,3000.0,2411.39,10,SALE10,10.0,Men,True
49531,18239.0,M,New York,20.0,39828.0,2019-10-04,GGOEGADJ057113,Google Men's Performance 1/4 Zip Pullover Heather/Black,Apparel,1.0,26.4,6.0,Not Used,0.18,10/4/2019,3000.0,2411.39,10,SALE10,10.0,Men,True
49573,12971.0,F,Washington DC,43.0,41174.0,2019-10-19,GGOEGADJ057113,Google Men's Performance 1/4 Zip Pullover Heather/Black,Apparel,2.0,26.4,6.0,Clicked,0.18,10/19/2019,2500.0,1631.19,10,SALE10,10.0,Men,True
49574,14409.0,M,New York,15.0,41180.0,2019-10-19,GGOEGADB056917,Google Men's Performance Full Zip Jacket Black,Apparel,1.0,60.0,6.0,Clicked,0.18,10/19/2019,2500.0,1631.19,10,SALE10,10.0,Men,True
49575,14409.0,M,New York,15.0,41180.0,2019-10-19,GGOEGAQB036017,Google Women's Fleece Hoodie,Apparel,1.0,55.99,6.0,Used,0.18,10/19/2019,2500.0,1631.19,10,SALE10,10.0,Women,True
49578,14298.0,M,Chicago,41.0,41136.0,2019-10-19,GGOEGAPB057513,Women's Weatherblock Shell Jacket Black,Apparel,1.0,46.5,6.0,Used,0.18,10/19/2019,2500.0,1631.19,10,SALE10,10.0,Women,True
49579,14298.0,M,Chicago,41.0,41136.0,2019-10-19,GGOEGAPC058812,Google Women's Shell Jacket Blue/Black,Apparel,1.0,28.5,6.0,Clicked,0.18,10/19/2019,2500.0,1631.19,10,SALE10,10.0,Women,True
49586,14298.0,M,Chicago,41.0,41147.0,2019-10-19,GGOEGADJ056813,Google Men's Watershed Full Zip Hoodie Grey,Apparel,1.0,55.0,6.0,Not Used,0.18,10/19/2019,2500.0,1631.19,10,SALE10,10.0,Men,True
49587,14298.0,M,Chicago,41.0,41148.0,2019-10-19,GGOEGADC059316,Google Men's Airflow 1/4 Zip Pullover Lapis,Apparel,1.0,28.0,6.0,Clicked,0.18,10/19/2019,2500.0,1631.19,10,SALE10,10.0,Men,True
49597,14257.0,F,Chicago,38.0,41136.0,2019-10-19,GGOEGADB056613,Men's Weatherblock Shell Jacket Black,Apparel,2.0,46.5,6.0,Clicked,0.18,10/19/2019,2500.0,1631.19,10,SALE10,10.0,Men,True
49598,14257.0,F,Chicago,38.0,41136.0,2019-10-19,GGOEGADB056917,Google Men's Performance Full Zip Jacket Black,Apparel,2.0,60.0,6.0,Clicked,0.18,10/19/2019,2500.0,1631.19,10,SALE10,10.0,Men,True
49599,14257.0,F,Chicago,38.0,41136.0,2019-10-19,GGOEGADC059316,Google Men's Airflow 1/4 Zip Pullover Lapis,Apparel,1.0,34.99,6.0,Clicked,0.18,10/19/2019,2500.0,1631.19,10,SALE10,10.0,Men,True
49600,14257.0,F,Chicago,38.0,41136.0,2019-10-19,GGOEGADC059517,Google Men's Microfiber 1/4 Zip Pullover Blue/Indigo,Apparel,2.0,37.49,6.0,Used,0.18,10/19/2019,2500.0,1631.19,10,SALE10,10.0,Men,True
49601,14257.0,F,Chicago,38.0,41136.0,2019-10-19,GGOEGADJ056818,Google Men's Watershed Full Zip Hoodie Grey,Apparel,1.0,55.0,6.0,Used,0.18,10/19/2019,2500.0,1631.19,10,SALE10,10.0,Men,True
49608,15218.0,M,New York,11.0,41188.0,2019-10-19,GGOEGADJ056813,Google Men's Watershed Full Zip Hoodie Grey,Apparel,1.0,44.0,6.5,Not Used,0.18,10/19/2019,2500.0,1631.19,10,SALE10,10.0,Men,True
49610,15218.0,M,New York,11.0,41189.0,2019-10-19,GGOEGADJ057113,Google Men's Performance 1/4 Zip Pullover Heather/Black,Apparel,1.0,33.0,6.0,Clicked,0.18,10/19/2019,2500.0,1631.19,10,SALE10,10.0,Men,True
49614,15601.0,F,Chicago,46.0,41260.0,2019-10-20,GGOEGADB056718,Men's Softshell Jacket Black/Grey,Apparel,1.0,79.19,6.0,Used,0.18,10/20/2019,2500.0,2827.25,10,SALE10,10.0,Men,True
49615,15601.0,F,Chicago,46.0,41260.0,2019-10-20,GGOEGADJ057118,Google Men's Performance 1/4 Zip Pullover Heather/Black,Apparel,1.0,26.4,6.0,Not Used,0.18,10/20/2019,2500.0,2827.25,10,SALE10,10.0,Men,True
49624,14534.0,M,California,14.0,41221.0,2019-10-20,GGOEGADB056717,Men's Softshell Jacket Black/Grey,Apparel,1.0,98.99,6.0,Clicked,0.18,10/20/2019,2500.0,2827.25,10,SALE10,10.0,Men,True
49639,13815.0,F,California,33.0,41295.0,2019-10-21,GGOEGADJ056813,Google Men's Watershed Full Zip Hoodie Grey,Apparel,1.0,44.0,6.0,Clicked,0.18,10/21/2019,2500.0,2848.39,10,SALE10,10.0,Men,True
49641,18077.0,M,Chicago,34.0,41080.0,2019-10-18,GGOEGADJ057113,Google Men's Performance 1/4 Zip Pullover Heather/Black,Apparel,1.0,33.0,6.0,Used,0.18,10/18/2019,2500.0,1150.51,10,SALE10,10.0,Men,True
49642,18077.0,M,Chicago,34.0,41096.0,2019-10-18,GGOEGADJ056813,Google Men's Watershed Full Zip Hoodie Grey,Apparel,1.0,55.0,6.0,Not Used,0.18,10/18/2019,2500.0,1150.51,10,SALE10,10.0,Men,True
49643,18077.0,M,Chicago,34.0,41097.0,2019-10-18,GGOEGADC059316,Google Men's Airflow 1/4 Zip Pullover Lapis,Apparel,1.0,34.99,6.0,Used,0.18,10/18/2019,2500.0,1150.51,10,SALE10,10.0,Men,True
49644,18077.0,M,Chicago,34.0,41097.0,2019-10-18,GGOEGAPB057516,Women's Weatherblock Shell Jacket Black,Apparel,1.0,46.5,6.0,Used,0.18,10/18/2019,2500.0,1150.51,10,SALE10,10.0,Women,True
49666,12951.0,F,New York,18.0,40533.0,2019-10-12,GGOEGATJ060515,Google Women's Quilted Insulated Vest White,Apparel,1.0,37.49,6.0,Used,0.18,10/12/2019,3500.0,2839.32,10,SALE10,10.0,Women,True
49686,14334.0,M,California,41.0,40628.0,2019-10-13,GGOEGADB056713,Men's Softshell Jacket Black/Grey,Apparel,1.0,79.19,19.99,Clicked,0.18,10/13/2019,3500.0,1353.34,10,SALE10,10.0,Men,True
49690,14334.0,M,California,41.0,40628.0,2019-10-13,GGOEGAPB057614,Google Women's Softshell Jacket Black/Grey,Apparel,1.0,86.39,19.99,Used,0.18,10/13/2019,3500.0,1353.34,10,SALE10,10.0,Women,True
49691,14334.0,M,California,41.0,40632.0,2019-10-13,GGOEGAPB058216,Google Women's Lightweight Microfleece Jacket,Apparel,1.0,41.99,6.0,Clicked,0.18,10/13/2019,3500.0,1353.34,10,SALE10,10.0,Women,True
49696,14439.0,F,New York,48.0,40642.0,2019-10-13,GGOEGADC059516,Google Men's Microfiber 1/4 Zip Pullover Blue/Indigo,Apparel,1.0,30.0,6.0,Clicked,0.18,10/13/2019,3500.0,1353.34,10,SALE10,10.0,Men,True
49738,15078.0,F,New York,6.0,40851.0,2019-10-16,GGOEGAPJ058015,Google Women's 1/4 Zip Jacket Charcoal,Apparel,1.0,44.0,6.0,Used,0.18,10/16/2019,2500.0,1218.6,10,SALE10,10.0,Women,True
49742,15078.0,F,New York,6.0,40858.0,2019-10-16,GGOEGADB056613,Men's Weatherblock Shell Jacket Black,Apparel,1.0,37.2,19.99,Clicked,0.18,10/16/2019,2500.0,1218.6,10,SALE10,10.0,Men,True
49746,15179.0,F,Chicago,19.0,40794.0,2019-10-16,GGOEGAPB057513,Women's Weatherblock Shell Jacket Black,Apparel,1.0,46.5,6.0,Used,0.18,10/16/2019,2500.0,1218.6,10,SALE10,10.0,Women,True
49748,15179.0,F,Chicago,19.0,40805.0,2019-10-16,GGOEGAPB057813,Women's Performance Full Zip Jacket Black,Apparel,1.0,67.19,12.99,Not Used,0.18,10/16/2019,2500.0,1218.6,10,SALE10,10.0,Women,True
49752,12935.0,F,New York,23.0,40807.0,2019-10-16,GGOEGADC059516,Google Men's Microfiber 1/4 Zip Pullover Blue/Indigo,Apparel,1.0,37.49,324.0,Clicked,0.18,10/16/2019,2500.0,1218.6,10,SALE10,10.0,Men,True
49759,12935.0,F,New York,23.0,40807.0,2019-10-16,GGOEGAPB057512,Women's Weatherblock Shell Jacket Black,Apparel,1.0,46.5,324.0,Not Used,0.18,10/16/2019,2500.0,1218.6,10,SALE10,10.0,Women,True
49760,12935.0,F,New York,23.0,40807.0,2019-10-16,GGOEGAPB057517,Women's Weatherblock Shell Jacket Black,Apparel,1.0,46.5,324.0,Used,0.18,10/16/2019,2500.0,1218.6,10,SALE10,10.0,Women,True
49761,12935.0,F,New York,23.0,40807.0,2019-10-16,GGOEGATC060316,Google Women's 1/4 Zip Performance Pullover Two-Tone Blue,Apparel,1.0,32.49,324.0,Clicked,0.18,10/16/2019,2500.0,1218.6,10,SALE10,10.0,Women,True
49762,12935.0,F,New York,23.0,40807.0,2019-10-16,GGOEGATJ060515,Google Women's Quilted Insulated Vest White,Apparel,2.0,37.49,324.0,Clicked,0.18,10/16/2019,2500.0,1218.6,10,SALE10,10.0,Women,True
49766,14541.0,F,California,24.0,40818.0,2019-10-16,GGOEGADB057314,Google Men's Lightweight Microfleece Jacket Black,Apparel,1.0,59.99,6.0,Not Used,0.18,10/16/2019,2500.0,1218.6,10,SALE10,10.0,Men,True
49767,14541.0,F,California,24.0,40819.0,2019-10-16,GGOEGADJ056813,Google Men's Watershed Full Zip Hoodie Grey,Apparel,1.0,44.0,6.0,Clicked,0.18,10/16/2019,2500.0,1218.6,10,SALE10,10.0,Men,True
49772,14911.0,F,California,34.0,42122.0,2019-10-30,GGOEGAPB057616,Google Women's Softshell Jacket Black/Grey,Apparel,1.0,21.6,6.0,Clicked,0.18,10/30/2019,2000.0,780.15,10,SALE10,10.0,Women,True
49773,14911.0,F,California,34.0,42122.0,2019-10-30,GGOEGAQB036017,Google Women's Fleece Hoodie,Apparel,1.0,11.2,6.0,Used,0.18,10/30/2019,2000.0,780.15,10,SALE10,10.0,Women,True
49777,14911.0,F,California,34.0,42138.0,2019-10-30,GGOEGAPB057614,Google Women's Softshell Jacket Black/Grey,Apparel,1.0,21.6,6.0,Clicked,0.18,10/30/2019,2000.0,780.15,10,SALE10,10.0,Women,True
49780,12472.0,F,New Jersey,2.0,42099.0,2019-10-30,GGOEGAPC058812,Google Women's Shell Jacket Blue/Black,Apparel,1.0,19.0,6.0,Clicked,0.18,10/30/2019,2000.0,780.15,10,SALE10,10.0,Women,True
49781,12472.0,F,New Jersey,2.0,42099.0,2019-10-30,GGOEGAPJ058012,Google Women's 1/4 Zip Jacket Charcoal,Apparel,1.0,22.0,6.0,Used,0.18,10/30/2019,2000.0,780.15,10,SALE10,10.0,Women,True
49782,12472.0,F,New Jersey,2.0,42100.0,2019-10-30,GGOEGADC059316,Google Men's Airflow 1/4 Zip Pullover Lapis,Apparel,1.0,14.0,6.0,Clicked,0.18,10/30/2019,2000.0,780.15,10,SALE10,10.0,Men,True
49784,12472.0,F,New Jersey,2.0,42106.0,2019-10-30,GGOEGAPB057817,Women's Performance Full Zip Jacket Black,Apparel,1.0,24.0,6.0,Clicked,0.18,10/30/2019,2000.0,780.15,10,SALE10,10.0,Women,True
49785,12472.0,F,New Jersey,2.0,42106.0,2019-10-30,GGOEYAQB073217,YouTube Women's Fleece Hoodie Black,Apparel,1.0,11.2,6.0,Used,0.18,10/30/2019,2000.0,780.15,10,SALE10,10.0,Women,True
49786,14606.0,F,Chicago,33.0,42143.0,2019-10-30,GGOEGADC059316,Google Men's Airflow 1/4 Zip Pullover Lapis,Apparel,1.0,14.0,6.0,Clicked,0.18,10/30/2019,2000.0,780.15,10,SALE10,10.0,Men,True
49787,14606.0,F,Chicago,33.0,42143.0,2019-10-30,GGOEGAPJ058012,Google Women's 1/4 Zip Jacket Charcoal,Apparel,1.0,22.0,6.0,Clicked,0.18,10/30/2019,2000.0,780.15,10,SALE10,10.0,Women,True
49788,14606.0,F,Chicago,33.0,42144.0,2019-10-30,GGOEGAPB057817,Women's Performance Full Zip Jacket Black,Apparel,1.0,30.0,6.0,Clicked,0.18,10/30/2019,2000.0,780.15,10,SALE10,10.0,Women,True
49789,14606.0,F,Chicago,33.0,42144.0,2019-10-30,GGOEGAPB058217,Google Women's Lightweight Microfleece Jacket,Apparel,1.0,18.75,6.0,Clicked,0.18,10/30/2019,2000.0,780.15,10,SALE10,10.0,Women,True
49790,14606.0,F,Chicago,33.0,42144.0,2019-10-30,GGOEGAQB036017,Google Women's Fleece Hoodie,Apparel,1.0,14.0,6.0,Not Used,0.18,10/30/2019,2000.0,780.15,10,SALE10,10.0,Women,True
49802,17735.0,M,New Jersey,49.0,42151.0,2019-10-30,GGOEGAPB057613,Google Women's Softshell Jacket Black/Grey,Apparel,1.0,27.0,6.0,Used,0.18,10/30/2019,2000.0,780.15,10,SALE10,10.0,Women,True
49803,17735.0,M,New Jersey,49.0,42151.0,2019-10-30,GGOEGAPC058812,Google Women's Shell Jacket Blue/Black,Apparel,1.0,23.75,6.0,Not Used,0.18,10/30/2019,2000.0,780.15,10,SALE10,10.0,Women,True
49804,17735.0,M,New Jersey,49.0,42151.0,2019-10-30,GGOEGAPJ058012,Google Women's 1/4 Zip Jacket Charcoal,Apparel,1.0,27.5,6.0,Clicked,0.18,10/30/2019,2000.0,780.15,10,SALE10,10.0,Women,True
49811,17118.0,F,New Jersey,49.0,42083.0,2019-10-30,GGOEAAFB035917,Android Men's  Zip Hoodie,Apparel,1.0,14.0,6.0,Clicked,0.18,10/30/2019,2000.0,780.15,10,SALE10,10.0,Men,True
49814,17858.0,M,Chicago,34.0,40250.0,2019-10-10,GGOEGADJ056813,Google Men's Watershed Full Zip Hoodie Grey,Apparel,1.0,44.0,6.0,Clicked,0.18,10/10/2019,3500.0,3705.5,10,SALE10,10.0,Men,True
49820,18283.0,F,New Jersey,36.0,40278.0,2019-10-10,GGOEGAFB035813,Google Men's  Zip Hoodie,Apparel,1.0,55.99,6.0,Clicked,0.18,10/10/2019,3500.0,3705.5,10,SALE10,10.0,Men,True
49830,13742.0,F,California,6.0,40303.0,2019-10-10,GGOEGAPC058812,Google Women's Shell Jacket Blue/Black,Apparel,1.0,22.8,6.0,Used,0.18,10/10/2019,3500.0,3705.5,10,SALE10,10.0,Women,True
49837,13742.0,F,California,6.0,40318.0,2019-10-10,GGOEGAQB036016,Google Women's Fleece Hoodie,Apparel,1.0,55.99,19.99,Not Used,0.18,10/10/2019,3500.0,3705.5,10,SALE10,10.0,Women,True
49839,13742.0,F,California,6.0,40322.0,2019-10-10,GGOEGADB056617,Men's Weatherblock Shell Jacket Black,Apparel,1.0,46.5,6.0,Used,0.18,10/10/2019,3500.0,3705.5,10,SALE10,10.0,Men,True
49840,13742.0,F,California,6.0,40322.0,2019-10-10,GGOEGADB056917,Google Men's Performance Full Zip Jacket Black,Apparel,1.0,60.0,6.0,Used,0.18,10/10/2019,3500.0,3705.5,10,SALE10,10.0,Men,True
49841,13742.0,F,California,6.0,40322.0,2019-10-10,GGOEGADC059317,Google Men's Airflow 1/4 Zip Pullover Lapis,Apparel,1.0,34.99,6.0,Clicked,0.18,10/10/2019,3500.0,3705.5,10,SALE10,10.0,Men,True
49842,13742.0,F,California,6.0,40322.0,2019-10-10,GGOEGADJ057117,Google Men's Performance 1/4 Zip Pullover Heather/Black,Apparel,1.0,33.0,6.0,Used,0.18,10/10/2019,3500.0,3705.5,10,SALE10,10.0,Men,True
49850,13468.0,M,New York,33.0,41870.0,2019-10-27,GGOEGAPB057816,Women's Performance Full Zip Jacket Black,Apparel,1.0,30.0,6.0,Clicked,0.18,10/27/2019,3500.0,3271.55,10,SALE10,10.0,Women,True
49854,12971.0,F,Washington DC,43.0,41905.0,2019-10-27,GGOEGADC059316,Google Men's Airflow 1/4 Zip Pullover Lapis,Apparel,1.0,14.0,6.0,Clicked,0.18,10/27/2019,3500.0,3271.55,10,SALE10,10.0,Men,True
49855,12971.0,F,Washington DC,43.0,41905.0,2019-10-27,GGOEGAPC058812,Google Women's Shell Jacket Blue/Black,Apparel,1.0,19.0,6.0,Clicked,0.18,10/27/2019,3500.0,3271.55,10,SALE10,10.0,Women,True
49858,14299.0,F,Washington DC,18.0,41853.0,2019-10-27,GGOEAAFB035917,Android Men's  Zip Hoodie,Apparel,2.0,14.0,6.0,Clicked,0.18,10/27/2019,3500.0,3271.55,10,SALE10,10.0,Men,True
49860,14299.0,F,Washington DC,18.0,41853.0,2019-10-27,GGOEGADC059316,Google Men's Airflow 1/4 Zip Pullover Lapis,Apparel,1.0,17.5,6.0,Clicked,0.18,10/27/2019,3500.0,3271.55,10,SALE10,10.0,Men,True
49861,14299.0,F,Washington DC,18.0,41853.0,2019-10-27,GGOEGADC059317,Google Men's Airflow 1/4 Zip Pullover Lapis,Apparel,2.0,17.5,6.0,Used,0.18,10/27/2019,3500.0,3271.55,10,SALE10,10.0,Men,True
49862,14299.0,F,Washington DC,18.0,41853.0,2019-10-27,GGOEGADC059517,Google Men's Microfiber 1/4 Zip Pullover Blue/Indigo,Apparel,2.0,18.75,6.0,Used,0.18,10/27/2019,3500.0,3271.55,10,SALE10,10.0,Men,True
49863,12782.0,F,Chicago,19.0,41927.0,2019-10-27,GGOEAAFB035917,Android Men's  Zip Hoodie,Apparel,1.0,14.0,6.0,Clicked,0.18,10/27/2019,3500.0,3271.55,10,SALE10,10.0,Men,True
49866,12782.0,F,Chicago,19.0,41941.0,2019-10-27,GGOEAAFB035917,Android Men's  Zip Hoodie,Apparel,1.0,14.0,6.0,Used,0.18,10/27/2019,3500.0,3271.55,10,SALE10,10.0,Men,True
49872,17368.0,M,Chicago,8.0,41900.0,2019-10-27,GGOEGAPB057616,Google Women's Softshell Jacket Black/Grey,Apparel,1.0,21.6,6.0,Clicked,0.18,10/27/2019,3500.0,3271.55,10,SALE10,10.0,Women,True
49875,17368.0,M,Chicago,8.0,41901.0,2019-10-27,GGOEGAPB057615,Google Women's Softshell Jacket Black/Grey,Apparel,1.0,21.6,6.0,Used,0.18,10/27/2019,3500.0,3271.55,10,SALE10,10.0,Women,True
49879,13001.0,F,Chicago,45.0,41861.0,2019-10-27,GGOEGADB057318,Google Men's Lightweight Microfleece Jacket Black,Apparel,1.0,18.75,6.0,Used,0.18,10/27/2019,3500.0,3271.55,10,SALE10,10.0,Men,True
49881,17082.0,F,California,30.0,41844.0,2019-10-27,GGOEAAFB035917,Android Men's  Zip Hoodie,Apparel,1.0,14.0,6.0,Clicked,0.18,10/27/2019,3500.0,3271.55,10,SALE10,10.0,Men,True
49882,17082.0,F,California,30.0,41845.0,2019-10-27,GGOEGAPB057613,Google Women's Softshell Jacket Black/Grey,Apparel,1.0,27.0,6.0,Used,0.18,10/27/2019,3500.0,3271.55,10,SALE10,10.0,Women,True
49885,17082.0,F,California,30.0,41850.0,2019-10-27,GGOEAAFB035917,Android Men's  Zip Hoodie,Apparel,1.0,11.2,6.0,Clicked,0.18,10/27/2019,3500.0,3271.55,10,SALE10,10.0,Men,True
49886,17082.0,F,California,30.0,41851.0,2019-10-27,GGOEAAFB035917,Android Men's  Zip Hoodie,Apparel,1.0,11.2,6.0,Clicked,0.18,10/27/2019,3500.0,3271.55,10,SALE10,10.0,Men,True
49888,17082.0,F,California,30.0,41851.0,2019-10-27,GGOEGADC059317,Google Men's Airflow 1/4 Zip Pullover Lapis,Apparel,1.0,14.0,6.0,Not Used,0.18,10/27/2019,3500.0,3271.55,10,SALE10,10.0,Men,True
49889,17082.0,F,California,30.0,41851.0,2019-10-27,GGOEGADC059517,Google Men's Microfiber 1/4 Zip Pullover Blue/Indigo,Apparel,1.0,15.0,6.0,Not Used,0.18,10/27/2019,3500.0,3271.55,10,SALE10,10.0,Men,True
49892,17082.0,F,California,30.0,41852.0,2019-10-27,GGOEAAFB035917,Android Men's  Zip Hoodie,Apparel,1.0,11.2,6.0,Used,0.18,10/27/2019,3500.0,3271.55,10,SALE10,10.0,Men,True
49898,14248.0,M,Chicago,34.0,41853.0,2019-10-27,GGOEGAPB057816,Women's Performance Full Zip Jacket Black,Apparel,1.0,30.0,6.0,Clicked,0.18,10/27/2019,3500.0,3271.55,10,SALE10,10.0,Women,True
49899,14248.0,M,Chicago,34.0,41853.0,2019-10-27,GGOEGATC060316,Google Women's 1/4 Zip Performance Pullover Two-Tone Blue,Apparel,2.0,16.25,6.0,Used,0.18,10/27/2019,3500.0,3271.55,10,SALE10,10.0,Women,True
49905,12609.0,F,Chicago,3.0,41861.0,2019-10-27,GGOEGAQB036017,Google Women's Fleece Hoodie,Apparel,2.0,14.0,6.0,Not Used,0.18,10/27/2019,3500.0,3271.55,10,SALE10,10.0,Women,True
49906,12609.0,F,Chicago,3.0,41863.0,2019-10-27,GGOEGADB056718,Men's Softshell Jacket Black/Grey,Apparel,1.0,19.8,6.0,Clicked,0.18,10/27/2019,3500.0,3271.55,10,SALE10,10.0,Men,True
49907,12609.0,F,Chicago,3.0,41863.0,2019-10-27,GGOEGADB057318,Google Men's Lightweight Microfleece Jacket Black,Apparel,1.0,15.0,6.0,Clicked,0.18,10/27/2019,3500.0,3271.55,10,SALE10,10.0,Men,True
49914,12609.0,F,Chicago,3.0,41864.0,2019-10-27,GGOEAAFB035917,Android Men's  Zip Hoodie,Apparel,1.0,14.0,6.0,Used,0.18,10/27/2019,3500.0,3271.55,10,SALE10,10.0,Men,True
49915,12609.0,F,Chicago,3.0,41864.0,2019-10-27,GGOEGADC059517,Google Men's Microfiber 1/4 Zip Pullover Blue/Indigo,Apparel,1.0,18.75,6.0,Clicked,0.18,10/27/2019,3500.0,3271.55,10,SALE10,10.0,Men,True
49922,16133.0,F,New Jersey,22.0,41875.0,2019-10-27,GGOEGAPB057817,Women's Performance Full Zip Jacket Black,Apparel,1.0,24.0,6.0,Clicked,0.18,10/27/2019,3500.0,3271.55,10,SALE10,10.0,Women,True
49923,16133.0,F,New Jersey,22.0,41875.0,2019-10-27,GGOEGAPB058217,Google Women's Lightweight Microfleece Jacket,Apparel,1.0,15.0,6.0,Used,0.18,10/27/2019,3500.0,3271.55,10,SALE10,10.0,Women,True
49924,16133.0,F,New Jersey,22.0,41875.0,2019-10-27,GGOEGATJ060517,Google Women's Quilted Insulated Vest White,Apparel,1.0,15.0,6.0,Clicked,0.18,10/27/2019,3500.0,3271.55,10,SALE10,10.0,Women,True
49925,16133.0,F,New Jersey,22.0,41878.0,2019-10-27,GGOEGADB059618,Google Men's Quilted Insulated Vest Black,Apparel,1.0,15.0,6.0,Not Used,0.18,10/27/2019,3500.0,3271.55,10,SALE10,10.0,Men,True
49949,17277.0,F,California,31.0,39649.0,2019-10-03,GGOEGADJ059718,Google Men's Quilted Insulated Vest Battleship Grey,Apparel,1.0,37.49,6.0,Clicked,0.18,10/3/2019,3000.0,2015.98,10,SALE10,10.0,Men,True
49959,14088.0,M,Washington DC,39.0,39684.0,2019-10-03,GGOEGADB056613,Men's Weatherblock Shell Jacket Black,Apparel,1.0,37.2,6.0,Clicked,0.18,10/3/2019,3000.0,2015.98,10,SALE10,10.0,Men,True
49960,14088.0,M,Washington DC,39.0,39684.0,2019-10-03,GGOEGADB059613,Google Men's Quilted Insulated Vest Black,Apparel,1.0,41.99,6.0,Clicked,0.18,10/3/2019,3000.0,2015.98,10,SALE10,10.0,Men,True
49961,14088.0,M,Washington DC,39.0,39684.0,2019-10-03,GGOEGADC059313,Google Men's Airflow 1/4 Zip Pullover Lapis,Apparel,1.0,28.0,6.0,Clicked,0.18,10/3/2019,3000.0,2015.98,10,SALE10,10.0,Men,True
49988,14088.0,M,Washington DC,39.0,39730.0,2019-10-03,GGOEGADB056917,Google Men's Performance Full Zip Jacket Black,Apparel,1.0,60.0,6.0,Clicked,0.18,10/3/2019,3000.0,2015.98,10,SALE10,10.0,Men,True
49995,13798.0,M,California,37.0,40428.0,2019-10-11,GGOEGADC059313,Google Men's Airflow 1/4 Zip Pullover Lapis,Apparel,1.0,28.0,6.0,Clicked,0.18,10/11/2019,3500.0,1450.93,10,SALE10,10.0,Men,True
49996,13798.0,M,California,37.0,40431.0,2019-10-11,GGOEGATH060716,Google Women's Convertible Vest-Jacket Sea Foam Green,Apparel,1.0,23.76,6.0,Clicked,0.18,10/11/2019,3500.0,1450.93,10,SALE10,10.0,Women,True
49997,13798.0,M,California,37.0,40432.0,2019-10-11,GGOEGADB056613,Men's Weatherblock Shell Jacket Black,Apparel,1.0,37.2,6.0,Clicked,0.18,10/11/2019,3500.0,1450.93,10,SALE10,10.0,Men,True
49999,13798.0,M,California,37.0,40434.0,2019-10-11,GGOEGADB057318,Google Men's Lightweight Microfleece Jacket Black,Apparel,1.0,74.99,19.99,Clicked,0.18,10/11/2019,3500.0,1450.93,10,SALE10,10.0,Men,True
50000,13798.0,M,California,37.0,40434.0,2019-10-11,GGOEGADC059517,Google Men's Microfiber 1/4 Zip Pullover Blue/Indigo,Apparel,1.0,37.49,19.99,Clicked,0.18,10/11/2019,3500.0,1450.93,10,SALE10,10.0,Men,True
50005,13798.0,M,California,37.0,40440.0,2019-10-11,GGOEGADB056917,Google Men's Performance Full Zip Jacket Black,Apparel,1.0,48.0,6.0,Used,0.18,10/11/2019,3500.0,1450.93,10,SALE10,10.0,Men,True
50009,13798.0,M,California,37.0,40447.0,2019-10-11,GGOEGADC059517,Google Men's Microfiber 1/4 Zip Pullover Blue/Indigo,Apparel,1.0,37.49,12.99,Clicked,0.18,10/11/2019,3500.0,1450.93,10,SALE10,10.0,Men,True
50022,16983.0,F,New York,21.0,40390.0,2019-10-11,GGOEGAPB058616,Google Women's Yoga Jacket Black,Apparel,1.0,52.5,6.0,Clicked,0.18,10/11/2019,3500.0,1450.93,10,SALE10,10.0,Women,True
50040,13491.0,F,Chicago,16.0,41969.0,2019-10-28,GGOEGADC059517,Google Men's Microfiber 1/4 Zip Pullover Blue/Indigo,Apparel,1.0,15.0,6.0,Used,0.18,10/28/2019,3500.0,1691.02,10,SALE10,10.0,Men,True
50042,13491.0,F,Chicago,16.0,41969.0,2019-10-28,GGOEGAPB057614,Google Women's Softshell Jacket Black/Grey,Apparel,1.0,21.6,6.0,Clicked,0.18,10/28/2019,3500.0,1691.02,10,SALE10,10.0,Women,True
50045,13534.0,F,California,20.0,41978.0,2019-10-28,GGOEGADB057318,Google Men's Lightweight Microfleece Jacket Black,Apparel,1.0,15.0,6.0,Clicked,0.18,10/28/2019,3500.0,1691.02,10,SALE10,10.0,Men,True
50046,13534.0,F,California,20.0,41978.0,2019-10-28,GGOEGADC059313,Google Men's Airflow 1/4 Zip Pullover Lapis,Apparel,1.0,14.0,6.0,Clicked,0.18,10/28/2019,3500.0,1691.02,10,SALE10,10.0,Men,True
50047,13534.0,F,California,20.0,41978.0,2019-10-28,GGOEGADJ057113,Google Men's Performance 1/4 Zip Pullover Heather/Black,Apparel,1.0,22.0,6.0,Clicked,0.18,10/28/2019,3500.0,1691.02,10,SALE10,10.0,Men,True
50050,13534.0,F,California,20.0,41983.0,2019-10-28,GGOEGAPB057614,Google Women's Softshell Jacket Black/Grey,Apparel,1.0,21.6,6.5,Clicked,0.18,10/28/2019,3500.0,1691.02,10,SALE10,10.0,Women,True
50054,13534.0,F,California,20.0,41984.0,2019-10-28,GGOEGAPJ058012,Google Women's 1/4 Zip Jacket Charcoal,Apparel,1.0,22.0,6.0,Clicked,0.18,10/28/2019,3500.0,1691.02,10,SALE10,10.0,Women,True
50057,12782.0,F,Chicago,19.0,41946.0,2019-10-28,GGOEGADB057318,Google Men's Lightweight Microfleece Jacket Black,Apparel,1.0,18.75,6.0,Clicked,0.18,10/28/2019,3500.0,1691.02,10,SALE10,10.0,Men,True
50060,17811.0,M,California,35.0,41959.0,2019-10-28,GGOEAAFB035917,Android Men's  Zip Hoodie,Apparel,1.0,14.0,6.0,Clicked,0.18,10/28/2019,3500.0,1691.02,10,SALE10,10.0,Men,True
50061,17811.0,M,California,35.0,41959.0,2019-10-28,GGOEGADJ059718,Google Men's Quilted Insulated Vest Battleship Grey,Apparel,1.0,18.75,6.0,Clicked,0.18,10/28/2019,3500.0,1691.02,10,SALE10,10.0,Men,True
50065,17811.0,M,California,35.0,41963.0,2019-10-28,GGOEGATH060716,Google Women's Convertible Vest-Jacket Sea Foam Green,Apparel,1.0,24.75,6.0,Used,0.18,10/28/2019,3500.0,1691.02,10,SALE10,10.0,Women,True
50066,14049.0,M,Chicago,45.0,41975.0,2019-10-28,GGOEGAQB036017,Google Women's Fleece Hoodie,Apparel,1.0,14.0,6.0,Clicked,0.18,10/28/2019,3500.0,1691.02,10,SALE10,10.0,Women,True
50069,14049.0,M,Chicago,45.0,41975.0,2019-10-28,GGOEYAQB073217,YouTube Women's Fleece Hoodie Black,Apparel,1.0,14.0,6.0,Used,0.18,10/28/2019,3500.0,1691.02,10,SALE10,10.0,Women,True
50072,14049.0,M,Chicago,45.0,41996.0,2019-10-28,GGOEAAFB035917,Android Men's  Zip Hoodie,Apparel,1.0,11.2,6.0,Used,0.18,10/28/2019,3500.0,1691.02,10,SALE10,10.0,Men,True
50074,14049.0,M,Chicago,45.0,41996.0,2019-10-28,GGOEGAPB058217,Google Women's Lightweight Microfleece Jacket,Apparel,1.0,15.0,6.0,Not Used,0.18,10/28/2019,3500.0,1691.02,10,SALE10,10.0,Women,True
50075,14049.0,M,Chicago,45.0,41996.0,2019-10-28,GGOEGAPB058616,Google Women's Yoga Jacket Black,Apparel,2.0,21.0,6.0,Clicked,0.18,10/28/2019,3500.0,1691.02,10,SALE10,10.0,Women,True
50076,14049.0,M,Chicago,45.0,41998.0,2019-10-28,GGOEAAFB035917,Android Men's  Zip Hoodie,Apparel,1.0,11.2,6.0,Clicked,0.18,10/28/2019,3500.0,1691.02,10,SALE10,10.0,Men,True
50078,14049.0,M,Chicago,45.0,42000.0,2019-10-28,GGOEGADC059316,Google Men's Airflow 1/4 Zip Pullover Lapis,Apparel,1.0,17.5,6.0,Used,0.18,10/28/2019,3500.0,1691.02,10,SALE10,10.0,Men,True
50081,14049.0,M,Chicago,45.0,42006.0,2019-10-28,GGOEAAFB035917,Android Men's  Zip Hoodie,Apparel,1.0,11.2,6.0,Used,0.18,10/28/2019,3500.0,1691.02,10,SALE10,10.0,Men,True
50083,14049.0,M,Chicago,45.0,42006.0,2019-10-28,GGOEGAPB058217,Google Women's Lightweight Microfleece Jacket,Apparel,1.0,15.0,6.0,Clicked,0.18,10/28/2019,3500.0,1691.02,10,SALE10,10.0,Women,True
50089,16043.0,F,California,19.0,41993.0,2019-10-28,GGOEGADC059316,Google Men's Airflow 1/4 Zip Pullover Lapis,Apparel,2.0,14.0,6.0,Not Used,0.18,10/28/2019,3500.0,1691.02,10,SALE10,10.0,Men,True
50090,16043.0,F,California,19.0,41993.0,2019-10-28,GGOEGADC059317,Google Men's Airflow 1/4 Zip Pullover Lapis,Apparel,1.0,14.0,6.0,Used,0.18,10/28/2019,3500.0,1691.02,10,SALE10,10.0,Men,True
50091,16043.0,F,California,19.0,41993.0,2019-10-28,GGOEGAPB058616,Google Women's Yoga Jacket Black,Apparel,1.0,21.0,6.0,Not Used,0.18,10/28/2019,3500.0,1691.02,10,SALE10,10.0,Women,True
50092,16043.0,F,California,19.0,41993.0,2019-10-28,GGOEGATC060316,Google Women's 1/4 Zip Performance Pullover Two-Tone Blue,Apparel,1.0,13.0,6.0,Clicked,0.18,10/28/2019,3500.0,1691.02,10,SALE10,10.0,Women,True
50104,15052.0,F,Chicago,33.0,40907.0,2019-10-17,GGOEGADC059316,Google Men's Airflow 1/4 Zip Pullover Lapis,Apparel,1.0,34.99,6.0,Clicked,0.18,10/17/2019,2500.0,1783.56,10,SALE10,10.0,Men,True
50105,15052.0,F,Chicago,33.0,40907.0,2019-10-17,GGOEGADC059516,Google Men's Microfiber 1/4 Zip Pullover Blue/Indigo,Apparel,1.0,37.49,6.0,Clicked,0.18,10/17/2019,2500.0,1783.56,10,SALE10,10.0,Men,True
50106,15052.0,F,Chicago,33.0,40907.0,2019-10-17,GGOEGADJ057113,Google Men's Performance 1/4 Zip Pullover Heather/Black,Apparel,1.0,33.0,6.0,Not Used,0.18,10/17/2019,2500.0,1783.56,10,SALE10,10.0,Men,True
50107,15052.0,F,Chicago,33.0,40911.0,2019-10-17,GGOEGADJ057113,Google Men's Performance 1/4 Zip Pullover Heather/Black,Apparel,1.0,33.0,6.0,Clicked,0.18,10/17/2019,2500.0,1783.56,10,SALE10,10.0,Men,True
50108,15052.0,F,Chicago,33.0,40915.0,2019-10-17,GGOEGADJ057113,Google Men's Performance 1/4 Zip Pullover Heather/Black,Apparel,1.0,33.0,6.0,Not Used,0.18,10/17/2019,2500.0,1783.56,10,SALE10,10.0,Men,True
50109,15052.0,F,Chicago,33.0,40918.0,2019-10-17,GGOEGADB056917,Google Men's Performance Full Zip Jacket Black,Apparel,1.0,60.0,6.0,Clicked,0.18,10/17/2019,2500.0,1783.56,10,SALE10,10.0,Men,True
50110,15052.0,F,Chicago,33.0,40930.0,2019-10-17,GGOEGADJ057113,Google Men's Performance 1/4 Zip Pullover Heather/Black,Apparel,1.0,33.0,6.0,Clicked,0.18,10/17/2019,2500.0,1783.56,10,SALE10,10.0,Men,True
50125,13615.0,F,California,11.0,41010.0,2019-10-17,GGOEGAPJ058013,Google Women's 1/4 Zip Jacket Charcoal,Apparel,1.0,61.59,6.0,Clicked,0.18,10/17/2019,2500.0,1783.56,10,SALE10,10.0,Women,True
50135,17243.0,M,Chicago,9.0,39913.0,2019-10-05,GGOEGADB057318,Google Men's Lightweight Microfleece Jacket Black,Apparel,1.0,59.99,6.0,Used,0.18,10/5/2019,3000.0,1511.94,10,SALE10,10.0,Men,True
50140,17799.0,F,Chicago,14.0,39865.0,2019-10-05,GGOEGADC059316,Google Men's Airflow 1/4 Zip Pullover Lapis,Apparel,1.0,34.99,6.0,Clicked,0.18,10/5/2019,3000.0,1511.94,10,SALE10,10.0,Men,True
50149,17799.0,F,Chicago,14.0,39883.0,2019-10-05,GGOEGADB056617,Men's Weatherblock Shell Jacket Black,Apparel,1.0,37.2,6.5,Clicked,0.18,10/5/2019,3000.0,1511.94,10,SALE10,10.0,Men,True
50150,17799.0,F,Chicago,14.0,39883.0,2019-10-05,GGOEGADB056917,Google Men's Performance Full Zip Jacket Black,Apparel,1.0,48.0,6.5,Used,0.18,10/5/2019,3000.0,1511.94,10,SALE10,10.0,Men,True
50160,14175.0,M,California,37.0,39894.0,2019-10-05,GGOEGADJ056818,Google Men's Watershed Full Zip Hoodie Grey,Apparel,1.0,44.0,6.0,Clicked,0.18,10/5/2019,3000.0,1511.94,10,SALE10,10.0,Men,True
50168,17714.0,F,New York,6.0,39922.0,2019-10-05,GGOEAAFB035917,Android Men's  Zip Hoodie,Apparel,1.0,31.35,6.0,Used,0.18,10/5/2019,3000.0,1511.94,10,SALE10,10.0,Men,True
50172,16931.0,F,New Jersey,37.0,40027.0,2019-10-07,GGOEGATC060314,Google Women's 1/4 Zip Performance Pullover Two-Tone Blue,Apparel,1.0,26.0,12.99,Not Used,0.18,10/7/2019,3000.0,2154.78,10,SALE10,10.0,Women,True
50173,16931.0,F,New Jersey,37.0,40030.0,2019-10-07,GGOEGADC059513,Google Men's Microfiber 1/4 Zip Pullover Blue/Indigo,Apparel,1.0,37.49,6.0,Used,0.18,10/7/2019,3000.0,2154.78,10,SALE10,10.0,Men,True
50187,13659.0,F,Chicago,8.0,40022.0,2019-10-07,GGOEGAQB036017,Google Women's Fleece Hoodie,Apparel,2.0,55.99,6.0,Clicked,0.18,10/7/2019,3000.0,2154.78,10,SALE10,10.0,Women,True
50195,13659.0,F,Chicago,8.0,40024.0,2019-10-07,GGOEAAFB035913,Android Men's  Zip Hoodie,Apparel,1.0,39.19,6.0,Clicked,0.18,10/7/2019,3000.0,2154.78,10,SALE10,10.0,Men,True
50196,13659.0,F,Chicago,8.0,40024.0,2019-10-07,GGOEAAFB035915,Android Men's  Zip Hoodie,Apparel,1.0,39.19,6.0,Not Used,0.18,10/7/2019,3000.0,2154.78,10,SALE10,10.0,Men,True
50197,13659.0,F,Chicago,8.0,40024.0,2019-10-07,GGOEAAFB035917,Android Men's  Zip Hoodie,Apparel,1.0,39.19,6.0,Used,0.18,10/7/2019,3000.0,2154.78,10,SALE10,10.0,Men,True
50198,13659.0,F,Chicago,8.0,40024.0,2019-10-07,GGOEGADB056613,Men's Weatherblock Shell Jacket Black,Apparel,1.0,46.5,6.0,Not Used,0.18,10/7/2019,3000.0,2154.78,10,SALE10,10.0,Men,True
50199,13659.0,F,Chicago,8.0,40024.0,2019-10-07,GGOEGADB056617,Men's Weatherblock Shell Jacket Black,Apparel,1.0,46.5,6.0,Used,0.18,10/7/2019,3000.0,2154.78,10,SALE10,10.0,Men,True
50204,15167.0,M,California,2.0,40064.0,2019-10-07,GGOEGADB057314,Google Men's Lightweight Microfleece Jacket Black,Apparel,1.0,59.99,6.0,Clicked,0.18,10/7/2019,3000.0,2154.78,10,SALE10,10.0,Men,True
50217,14049.0,M,Chicago,45.0,42030.0,2019-10-29,GGOEGADC059316,Google Men's Airflow 1/4 Zip Pullover Lapis,Apparel,1.0,14.0,6.0,Used,0.18,10/29/2019,2000.0,1564.09,10,SALE10,10.0,Men,True
50226,14049.0,M,Chicago,45.0,42053.0,2019-10-29,GGOEAAFB035917,Android Men's  Zip Hoodie,Apparel,1.0,11.2,6.0,Clicked,0.18,10/29/2019,2000.0,1564.09,10,SALE10,10.0,Men,True
50227,14049.0,M,Chicago,45.0,42053.0,2019-10-29,GGOEGADJ059718,Google Men's Quilted Insulated Vest Battleship Grey,Apparel,1.0,15.0,6.0,Not Used,0.18,10/29/2019,2000.0,1564.09,10,SALE10,10.0,Men,True
50228,14049.0,M,Chicago,45.0,42053.0,2019-10-29,GGOEGAPC058812,Google Women's Shell Jacket Blue/Black,Apparel,1.0,19.0,6.0,Clicked,0.18,10/29/2019,2000.0,1564.09,10,SALE10,10.0,Women,True
50230,14049.0,M,Chicago,45.0,42056.0,2019-10-29,GGOEGADB057318,Google Men's Lightweight Microfleece Jacket Black,Apparel,1.0,18.75,6.0,Not Used,0.18,10/29/2019,2000.0,1564.09,10,SALE10,10.0,Men,True
50233,17460.0,F,California,35.0,41739.0,2019-10-26,GGOEGADC059317,Google Men's Airflow 1/4 Zip Pullover Lapis,Apparel,1.0,14.0,6.0,Clicked,0.18,10/26/2019,3500.0,2374.99,10,SALE10,10.0,Men,True
50234,17460.0,F,California,35.0,41739.0,2019-10-26,GGOEGADC059517,Google Men's Microfiber 1/4 Zip Pullover Blue/Indigo,Apparel,1.0,15.0,6.0,Used,0.18,10/26/2019,3500.0,2374.99,10,SALE10,10.0,Men,True
50236,14189.0,F,New York,7.0,41744.0,2019-10-26,GGOEGATJ060515,Google Women's Quilted Insulated Vest White,Apparel,1.0,15.0,6.0,Used,0.18,10/26/2019,3500.0,2374.99,10,SALE10,10.0,Women,True
50237,14189.0,F,New York,7.0,41749.0,2019-10-26,GGOEGAPJ058012,Google Women's 1/4 Zip Jacket Charcoal,Apparel,1.0,22.0,6.0,Clicked,0.18,10/26/2019,3500.0,2374.99,10,SALE10,10.0,Women,True
50239,14189.0,F,New York,7.0,41750.0,2019-10-26,GGOEGAPB058216,Google Women's Lightweight Microfleece Jacket,Apparel,1.0,18.75,6.0,Clicked,0.18,10/26/2019,3500.0,2374.99,10,SALE10,10.0,Women,True
50249,13168.0,F,Chicago,24.0,41768.0,2019-10-26,GGOEGADC059516,Google Men's Microfiber 1/4 Zip Pullover Blue/Indigo,Apparel,1.0,15.0,6.0,Used,0.18,10/26/2019,3500.0,2374.99,10,SALE10,10.0,Men,True
50263,13168.0,F,Chicago,24.0,41783.0,2019-10-26,GGOEAAFB035917,Android Men's  Zip Hoodie,Apparel,1.0,11.2,12.99,Clicked,0.18,10/26/2019,3500.0,2374.99,10,SALE10,10.0,Men,True
50268,13168.0,F,Chicago,24.0,41786.0,2019-10-26,GGOEGATJ060515,Google Women's Quilted Insulated Vest White,Apparel,1.0,15.0,6.0,Clicked,0.18,10/26/2019,3500.0,2374.99,10,SALE10,10.0,Women,True
50286,16943.0,M,Washington DC,34.0,41811.0,2019-10-26,GGOEGAPB057615,Google Women's Softshell Jacket Black/Grey,Apparel,1.0,21.6,6.0,Clicked,0.18,10/26/2019,3500.0,2374.99,10,SALE10,10.0,Women,True
50287,16943.0,M,Washington DC,34.0,41811.0,2019-10-26,GGOEGAPB058615,Google Women's Yoga Jacket Black,Apparel,1.0,21.0,6.0,Clicked,0.18,10/26/2019,3500.0,2374.99,10,SALE10,10.0,Women,True
50291,16943.0,M,Washington DC,34.0,41821.0,2019-10-26,GGOEGADJ057113,Google Men's Performance 1/4 Zip Pullover Heather/Black,Apparel,1.0,22.0,6.0,Used,0.18,10/26/2019,3500.0,2374.99,10,SALE10,10.0,Men,True
50295,17515.0,F,California,44.0,41829.0,2019-10-26,GGOEGADC059313,Google Men's Airflow 1/4 Zip Pullover Lapis,Apparel,1.0,14.0,6.0,Used,0.18,10/26/2019,3500.0,2374.99,10,SALE10,10.0,Men,True
50296,17515.0,F,California,44.0,41829.0,2019-10-26,GGOEGADJ057113,Google Men's Performance 1/4 Zip Pullover Heather/Black,Apparel,1.0,22.0,6.0,Not Used,0.18,10/26/2019,3500.0,2374.99,10,SALE10,10.0,Men,True
50299,17515.0,F,California,44.0,41829.0,2019-10-26,GGOEGATC060316,Google Women's 1/4 Zip Performance Pullover Two-Tone Blue,Apparel,1.0,13.0,6.0,Clicked,0.18,10/26/2019,3500.0,2374.99,10,SALE10,10.0,Women,True
50304,17515.0,F,California,44.0,41834.0,2019-10-26,GGOEGAPB058615,Google Women's Yoga Jacket Black,Apparel,1.0,21.0,6.0,Clicked,0.18,10/26/2019,3500.0,2374.99,10,SALE10,10.0,Women,True
50305,17515.0,F,California,44.0,41839.0,2019-10-26,GGOEGADC059316,Google Men's Airflow 1/4 Zip Pullover Lapis,Apparel,1.0,17.5,6.0,Not Used,0.18,10/26/2019,3500.0,2374.99,10,SALE10,10.0,Men,True
50307,17515.0,F,California,44.0,41840.0,2019-10-26,GGOEYAQB073217,YouTube Women's Fleece Hoodie Black,Apparel,1.0,11.2,6.5,Not Used,0.18,10/26/2019,3500.0,2374.99,10,SALE10,10.0,Women,True
50309,17082.0,F,California,30.0,41843.0,2019-10-26,GGOEGAPB058615,Google Women's Yoga Jacket Black,Apparel,1.0,21.0,6.0,Not Used,0.18,10/26/2019,3500.0,2374.99,10,SALE10,10.0,Women,True
50313,12474.0,F,New York,17.0,42253.0,2019-10-31,GGOEGADC059517,Google Men's Microfiber 1/4 Zip Pullover Blue/Indigo,Apparel,1.0,15.0,6.0,Clicked,0.18,10/31/2019,2000.0,1251.87,10,SALE10,10.0,Men,True
50315,13113.0,M,New Jersey,44.0,42240.0,2019-10-31,GGOEGADB059618,Google Men's Quilted Insulated Vest Black,Apparel,1.0,15.0,6.0,Clicked,0.18,10/31/2019,2000.0,1251.87,10,SALE10,10.0,Men,True
50320,13113.0,M,New Jersey,44.0,42240.0,2019-10-31,GGOEGATH060716,Google Women's Convertible Vest-Jacket Sea Foam Green,Apparel,1.0,19.8,6.0,Clicked,0.18,10/31/2019,2000.0,1251.87,10,SALE10,10.0,Women,True
50323,14243.0,M,New York,46.0,42223.0,2019-10-31,GGOEGADC059317,Google Men's Airflow 1/4 Zip Pullover Lapis,Apparel,1.0,14.0,12.99,Used,0.18,10/31/2019,2000.0,1251.87,10,SALE10,10.0,Men,True
50325,14243.0,M,New York,46.0,42223.0,2019-10-31,GGOEGAPB057614,Google Women's Softshell Jacket Black/Grey,Apparel,1.0,21.6,12.99,Clicked,0.18,10/31/2019,2000.0,1251.87,10,SALE10,10.0,Women,True
50330,17888.0,M,New York,37.0,42208.0,2019-10-31,GGOEGAPB057613,Google Women's Softshell Jacket Black/Grey,Apparel,1.0,27.0,6.0,Used,0.18,10/31/2019,2000.0,1251.87,10,SALE10,10.0,Women,True
50331,17888.0,M,New York,37.0,42211.0,2019-10-31,GGOEGADC059517,Google Men's Microfiber 1/4 Zip Pullover Blue/Indigo,Apparel,4.0,15.0,12.48,Clicked,0.18,10/31/2019,2000.0,1251.87,10,SALE10,10.0,Men,True
50332,17888.0,M,New York,37.0,42213.0,2019-10-31,GGOEGAPB057614,Google Women's Softshell Jacket Black/Grey,Apparel,1.0,21.6,6.0,Clicked,0.18,10/31/2019,2000.0,1251.87,10,SALE10,10.0,Women,True
50334,14978.0,M,Chicago,36.0,42191.0,2019-10-31,GGOEGAPB057817,Women's Performance Full Zip Jacket Black,Apparel,1.0,30.0,6.0,Clicked,0.18,10/31/2019,2000.0,1251.87,10,SALE10,10.0,Women,True
50335,14978.0,M,Chicago,36.0,42191.0,2019-10-31,GGOEGAPB058616,Google Women's Yoga Jacket Black,Apparel,1.0,26.25,6.0,Clicked,0.18,10/31/2019,2000.0,1251.87,10,SALE10,10.0,Women,True
50336,14978.0,M,Chicago,36.0,42191.0,2019-10-31,GGOEGAQB036017,Google Women's Fleece Hoodie,Apparel,2.0,14.0,6.0,Used,0.18,10/31/2019,2000.0,1251.87,10,SALE10,10.0,Women,True
50343,14233.0,F,New Jersey,2.0,42204.0,2019-10-31,GGOEGAPB057615,Google Women's Softshell Jacket Black/Grey,Apparel,1.0,21.6,6.0,Clicked,0.18,10/31/2019,2000.0,1251.87,10,SALE10,10.0,Women,True
50346,17075.0,F,California,24.0,42216.0,2019-10-31,GGOEGAPB058616,Google Women's Yoga Jacket Black,Apparel,1.0,26.25,6.0,Used,0.18,10/31/2019,2000.0,1251.87,10,SALE10,10.0,Women,True
50347,17075.0,F,California,24.0,42216.0,2019-10-31,GGOEGAQB036017,Google Women's Fleece Hoodie,Apparel,1.0,14.0,6.0,Clicked,0.18,10/31/2019,2000.0,1251.87,10,SALE10,10.0,Women,True
50351,17075.0,F,California,24.0,42216.0,2019-10-31,GGOEYAQB073217,YouTube Women's Fleece Hoodie Black,Apparel,1.0,14.0,6.0,Used,0.18,10/31/2019,2000.0,1251.87,10,SALE10,10.0,Women,True
50365,13050.0,F,Chicago,10.0,40075.0,2019-10-08,GGOEGADJ057113,Google Men's Performance 1/4 Zip Pullover Heather/Black,Apparel,1.0,26.4,6.0,Clicked,0.18,10/8/2019,3500.0,1799.54,10,SALE10,10.0,Men,True
50387,15443.0,M,Chicago,27.0,40101.0,2019-10-08,GGOEGAPB058217,Google Women's Lightweight Microfleece Jacket,Apparel,1.0,41.99,6.0,Used,0.18,10/8/2019,3500.0,1799.54,10,SALE10,10.0,Women,True
50388,15443.0,M,Chicago,27.0,40101.0,2019-10-08,GGOEGAPB058617,Google Women's Yoga Jacket Black,Apparel,1.0,42.0,6.0,Clicked,0.18,10/8/2019,3500.0,1799.54,10,SALE10,10.0,Women,True
50389,15443.0,M,Chicago,27.0,40101.0,2019-10-08,GGOEGATC060317,Google Women's 1/4 Zip Performance Pullover Two-Tone Blue,Apparel,1.0,26.0,6.0,Clicked,0.18,10/8/2019,3500.0,1799.54,10,SALE10,10.0,Women,True
50394,15443.0,M,Chicago,27.0,40110.0,2019-10-08,GGOEGADC059517,Google Men's Microfiber 1/4 Zip Pullover Blue/Indigo,Apparel,1.0,30.0,6.0,Used,0.18,10/8/2019,3500.0,1799.54,10,SALE10,10.0,Men,True
50425,12625.0,M,New Jersey,26.0,40738.0,2019-10-15,GGOEAAFB035917,Android Men's  Zip Hoodie,Apparel,1.0,39.19,19.99,Used,0.18,10/15/2019,2500.0,1317.89,10,SALE10,10.0,Men,True
50429,12625.0,M,New Jersey,26.0,40738.0,2019-10-15,GGOEGATB060414,Google Women's Quilted Insulated Vest Black,Apparel,1.0,74.99,19.99,Clicked,0.18,10/15/2019,2500.0,1317.89,10,SALE10,10.0,Women,True
50434,13396.0,M,Chicago,25.0,40760.0,2019-10-15,GGOEGADJ056818,Google Men's Watershed Full Zip Hoodie Grey,Apparel,1.0,44.0,6.0,Not Used,0.18,10/15/2019,2500.0,1317.89,10,SALE10,10.0,Men,True
50456,14646.0,M,California,45.0,39548.0,2019-10-02,GGOEGADC059313,Google Men's Airflow 1/4 Zip Pullover Lapis,Apparel,1.0,34.99,6.0,Used,0.18,10/2/2019,3000.0,899.05,10,SALE10,10.0,Men,True
50464,16618.0,F,New York,11.0,39611.0,2019-10-02,GGOEGATJ060515,Google Women's Quilted Insulated Vest White,Apparel,1.0,30.0,6.0,Used,0.18,10/2/2019,3000.0,899.05,10,SALE10,10.0,Women,True
50465,16618.0,F,New York,11.0,39616.0,2019-10-02,GGOEGADB056618,Men's Weatherblock Shell Jacket Black,Apparel,1.0,37.2,6.0,Not Used,0.18,10/2/2019,3000.0,899.05,10,SALE10,10.0,Men,True
50466,16618.0,F,New York,11.0,39624.0,2019-10-02,GGOEGATB060413,Google Women's Quilted Insulated Vest Black,Apparel,1.0,59.99,6.0,Clicked,0.18,10/2/2019,3000.0,899.05,10,SALE10,10.0,Women,True
50467,13230.0,M,California,30.0,40189.0,2019-10-09,GGOEGATJ060515,Google Women's Quilted Insulated Vest White,Apparel,1.0,37.49,6.0,Used,0.18,10/9/2019,3500.0,734.31,10,SALE10,10.0,Women,True
50471,17611.0,M,New York,26.0,40136.0,2019-10-09,GGOEGADJ057113,Google Men's Performance 1/4 Zip Pullover Heather/Black,Apparel,1.0,26.4,6.0,Clicked,0.18,10/9/2019,3500.0,734.31,10,SALE10,10.0,Men,True
50488,17611.0,M,New York,26.0,40176.0,2019-10-09,GGOEGAFB035813,Google Men's  Zip Hoodie,Apparel,1.0,44.79,6.0,Clicked,0.18,10/9/2019,3500.0,734.31,10,SALE10,10.0,Men,True
50497,14224.0,F,Chicago,3.0,40216.0,2019-10-09,GGOEGATC060314,Google Women's 1/4 Zip Performance Pullover Two-Tone Blue,Apparel,1.0,26.0,6.0,Clicked,0.18,10/9/2019,3500.0,734.31,10,SALE10,10.0,Women,True
50498,14224.0,F,Chicago,3.0,40216.0,2019-10-09,GGOEGATC060317,Google Women's 1/4 Zip Performance Pullover Two-Tone Blue,Apparel,1.0,26.0,6.0,Used,0.18,10/9/2019,3500.0,734.31,10,SALE10,10.0,Women,True
50504,12709.0,M,Washington DC,36.0,41614.0,2019-10-24,GGOEGADB056613,Men's Weatherblock Shell Jacket Black,Apparel,1.0,18.6,12.91,Clicked,0.18,10/24/2019,3500.0,2330.24,10,SALE10,10.0,Men,True
50505,12709.0,M,Washington DC,36.0,41614.0,2019-10-24,GGOEGADC059316,Google Men's Airflow 1/4 Zip Pullover Lapis,Apparel,2.0,14.0,12.91,Used,0.18,10/24/2019,3500.0,2330.24,10,SALE10,10.0,Men,True
50506,12709.0,M,Washington DC,36.0,41614.0,2019-10-24,GGOEGADJ057113,Google Men's Performance 1/4 Zip Pullover Heather/Black,Apparel,1.0,22.0,12.91,Used,0.18,10/24/2019,3500.0,2330.24,10,SALE10,10.0,Men,True
50508,12709.0,M,Washington DC,36.0,41614.0,2019-10-24,GGOEGAPB057816,Women's Performance Full Zip Jacket Black,Apparel,2.0,24.0,12.91,Not Used,0.18,10/24/2019,3500.0,2330.24,10,SALE10,10.0,Women,True
50509,12709.0,M,Washington DC,36.0,41614.0,2019-10-24,GGOEGATB060216,Google Women's 1/4 Zip Performance Pullover Black,Apparel,1.0,13.0,12.91,Not Used,0.18,10/24/2019,3500.0,2330.24,10,SALE10,10.0,Women,True
50512,13198.0,M,California,50.0,41561.0,2019-10-24,GGOEAAFB035917,Android Men's  Zip Hoodie,Apparel,1.0,14.0,30.0,Used,0.18,10/24/2019,3500.0,2330.24,10,SALE10,10.0,Men,True
50513,13198.0,M,California,50.0,41561.0,2019-10-24,GGOEGADC059517,Google Men's Microfiber 1/4 Zip Pullover Blue/Indigo,Apparel,1.0,18.75,30.0,Clicked,0.18,10/24/2019,3500.0,2330.24,10,SALE10,10.0,Men,True
50514,13198.0,M,California,50.0,41563.0,2019-10-24,GGOEGAPB058615,Google Women's Yoga Jacket Black,Apparel,1.0,21.0,6.0,Clicked,0.18,10/24/2019,3500.0,2330.24,10,SALE10,10.0,Women,True
50517,13198.0,M,California,50.0,41565.0,2019-10-24,GGOEGADC059316,Google Men's Airflow 1/4 Zip Pullover Lapis,Apparel,1.0,14.0,12.91,Clicked,0.18,10/24/2019,3500.0,2330.24,10,SALE10,10.0,Men,True
50519,13198.0,M,California,50.0,41565.0,2019-10-24,GGOEGAPB057615,Google Women's Softshell Jacket Black/Grey,Apparel,1.0,21.6,12.91,Clicked,0.18,10/24/2019,3500.0,2330.24,10,SALE10,10.0,Women,True
50521,13198.0,M,California,50.0,41570.0,2019-10-24,GGOEGADB056613,Men's Weatherblock Shell Jacket Black,Apparel,1.0,23.25,6.0,Not Used,0.18,10/24/2019,3500.0,2330.24,10,SALE10,10.0,Men,True
50522,13198.0,M,California,50.0,41573.0,2019-10-24,GGOEGADB056717,Men's Softshell Jacket Black/Grey,Apparel,1.0,24.75,6.0,Not Used,0.18,10/24/2019,3500.0,2330.24,10,SALE10,10.0,Men,True
50530,12854.0,M,New York,42.0,41590.0,2019-10-24,GGOEGADB056613,Men's Weatherblock Shell Jacket Black,Apparel,1.0,23.25,6.0,Clicked,0.18,10/24/2019,3500.0,2330.24,10,SALE10,10.0,Men,True
50531,12854.0,M,New York,42.0,41599.0,2019-10-24,GGOEGAPB057613,Google Women's Softshell Jacket Black/Grey,Apparel,1.0,27.0,6.0,Used,0.18,10/24/2019,3500.0,2330.24,10,SALE10,10.0,Women,True
50532,12854.0,M,New York,42.0,41599.0,2019-10-24,GGOEGAPC058812,Google Women's Shell Jacket Blue/Black,Apparel,1.0,23.75,6.0,Clicked,0.18,10/24/2019,3500.0,2330.24,10,SALE10,10.0,Women,True
50539,12854.0,M,New York,42.0,41612.0,2019-10-24,GGOEGADB057313,Google Men's Lightweight Microfleece Jacket Black,Apparel,1.0,18.75,6.0,Used,0.18,10/24/2019,3500.0,2330.24,10,SALE10,10.0,Men,True
50540,12916.0,F,New York,2.0,39943.0,2019-10-06,GGOEAAFB035917,Android Men's  Zip Hoodie,Apparel,1.0,31.35,6.0,Clicked,0.18,10/6/2019,3000.0,2230.76,10,SALE10,10.0,Men,True
50541,12916.0,F,New York,2.0,39943.0,2019-10-06,GGOEGATC060315,Google Women's 1/4 Zip Performance Pullover Two-Tone Blue,Apparel,1.0,26.0,6.0,Used,0.18,10/6/2019,3000.0,2230.76,10,SALE10,10.0,Women,True
50546,17769.0,M,New York,32.0,39956.0,2019-10-06,GGOEGAPJ058016,Google Women's 1/4 Zip Jacket Charcoal,Apparel,1.0,44.0,6.0,Clicked,0.18,10/6/2019,3000.0,2230.76,10,SALE10,10.0,Women,True
50558,16085.0,M,California,15.0,39981.0,2019-10-06,GGOEYAFB073115,YouTube Men's Fleece Hoodie Black,Apparel,1.0,31.35,6.0,Used,0.18,10/6/2019,3000.0,2230.76,10,SALE10,10.0,Men,True
50562,13659.0,F,Chicago,8.0,39995.0,2019-10-06,GGOEGADB056917,Google Men's Performance Full Zip Jacket Black,Apparel,1.0,60.0,6.0,Clicked,0.18,10/6/2019,3000.0,2230.76,10,SALE10,10.0,Men,True
50570,13659.0,F,Chicago,8.0,40008.0,2019-10-06,GGOEAAFB035915,Android Men's  Zip Hoodie,Apparel,1.0,31.35,6.5,Clicked,0.18,10/6/2019,3000.0,2230.76,10,SALE10,10.0,Men,True
50574,13659.0,F,Chicago,8.0,40010.0,2019-10-06,GGOEGAPB057513,Women's Weatherblock Shell Jacket Black,Apparel,1.0,37.2,6.5,Used,0.18,10/6/2019,3000.0,2230.76,10,SALE10,10.0,Women,True
50578,16222.0,F,New York,45.0,41629.0,2019-10-25,GGOEGAPB057613,Google Women's Softshell Jacket Black/Grey,Apparel,1.0,21.6,6.0,Used,0.18,10/25/2019,3500.0,1416.14,10,SALE10,10.0,Women,True
50579,16222.0,F,New York,45.0,41634.0,2019-10-25,GGOEGADB056717,Men's Softshell Jacket Black/Grey,Apparel,1.0,24.75,6.0,Clicked,0.18,10/25/2019,3500.0,1416.14,10,SALE10,10.0,Men,True
50596,16222.0,F,New York,45.0,41646.0,2019-10-25,GGOEGAPB058217,Google Women's Lightweight Microfleece Jacket,Apparel,1.0,18.75,6.0,Not Used,0.18,10/25/2019,3500.0,1416.14,10,SALE10,10.0,Women,True
50602,16222.0,F,New York,45.0,41656.0,2019-10-25,GGOEGADB056713,Men's Softshell Jacket Black/Grey,Apparel,1.0,19.8,6.0,Clicked,0.18,10/25/2019,3500.0,1416.14,10,SALE10,10.0,Men,True
50603,16222.0,F,New York,45.0,41663.0,2019-10-25,GGOEGADB056717,Men's Softshell Jacket Black/Grey,Apparel,1.0,19.8,6.0,Clicked,0.18,10/25/2019,3500.0,1416.14,10,SALE10,10.0,Men,True
50605,16222.0,F,New York,45.0,41669.0,2019-10-25,GGOEGADJ057113,Google Men's Performance 1/4 Zip Pullover Heather/Black,Apparel,1.0,22.0,6.0,Used,0.18,10/25/2019,3500.0,1416.14,10,SALE10,10.0,Men,True
50609,16222.0,F,New York,45.0,41671.0,2019-10-25,GGOEGAPB057614,Google Women's Softshell Jacket Black/Grey,Apparel,1.0,27.0,6.0,Not Used,0.18,10/25/2019,3500.0,1416.14,10,SALE10,10.0,Women,True
50611,16222.0,F,New York,45.0,41680.0,2019-10-25,GGOEGAPB057613,Google Women's Softshell Jacket Black/Grey,Apparel,1.0,21.6,6.0,Used,0.18,10/25/2019,3500.0,1416.14,10,SALE10,10.0,Women,True
50618,16222.0,F,New York,45.0,41688.0,2019-10-25,GGOEGADJ057113,Google Men's Performance 1/4 Zip Pullover Heather/Black,Apparel,1.0,22.0,6.0,Used,0.18,10/25/2019,3500.0,1416.14,10,SALE10,10.0,Men,True
50622,16222.0,F,New York,45.0,41691.0,2019-10-25,GGOEGADB059618,Google Men's Quilted Insulated Vest Black,Apparel,1.0,18.75,6.0,Clicked,0.18,10/25/2019,3500.0,1416.14,10,SALE10,10.0,Men,True
50623,16222.0,F,New York,45.0,41691.0,2019-10-25,GGOEGADJ059718,Google Men's Quilted Insulated Vest Battleship Grey,Apparel,1.0,18.75,6.0,Not Used,0.18,10/25/2019,3500.0,1416.14,10,SALE10,10.0,Men,True
50625,16222.0,F,New York,45.0,41695.0,2019-10-25,GGOEGADB056713,Men's Softshell Jacket Black/Grey,Apparel,1.0,19.8,6.0,Used,0.18,10/25/2019,3500.0,1416.14,10,SALE10,10.0,Men,True
