gender_label,unit_price,source
Men,17.53,D1_ProductLabel
Men,19.59,D1_ProductLabel
Women,108.31,D1_ProductLabel
Men,14.02,D1_ProductLabel
Men,57.76,D1_ProductLabel
Men,19.59,D1_ProductLabel
Men,17.53,D1_ProductLabel
Men,14.02,D1_ProductLabel
Women,14.02,D1_ProductLabel
Women,61.89,D1_ProductLabel
Men,16.5,D1_ProductLabel
Men,14.02,D1_ProductLabel
Women,14.02,D1_ProductLabel
Women,15.67,D1_ProductLabel
Women,15.67,D1_ProductLabel
Men,42.91,D1_ProductLabel
Women,15.67,D1_ProductLabel
Women,61.89,D1_ProductLabel
Men,19.59,D1_ProductLabel
Men,19.59,D1_ProductLabel
Men,22.69,D1_ProductLabel
Men,19.59,D1_ProductLabel
Men,53.64,D1_ProductLabel
Men,61.89,D1_ProductLabel
Men,28.88,D1_ProductLabel
Men,61.89,D1_ProductLabel
Women,14.02,D1_ProductLabel
Women,14.02,D1_ProductLabel
Women,14.02,D1_ProductLabel
Men,15.67,D1_ProductLabel
Men,14.02,D1_ProductLabel
Men,14.02,D1_ProductLabel
Men,19.59,D1_ProductLabel
Men,17.53,D1_ProductLabel
Women,19.59,D1_ProductLabel
Men,15.67,D1_ProductLabel
Men,61.89,D1_ProductLabel
Women,15.67,D1_ProductLabel
Men,46.21,D1_ProductLabel
Women,53.64,D1_ProductLabel
Women,15.67,D1_ProductLabel
Women,99.03,D1_ProductLabel
Women,115.53,D1_ProductLabel
Men,17.53,D1_ProductLabel
Men,20.62,D1_ProductLabel
Men,20.62,D1_ProductLabel
Men,77.36,D1_ProductLabel
Men,72.2,D1_ProductLabel
Men,113.47,D1_ProductLabel
Men,77.36,D1_ProductLabel
Men,77.36,D1_ProductLabel
Women,19.59,D1_ProductLabel
Men,77.36,D1_ProductLabel
Men,46.21,D1_ProductLabel
Men,18.15,D1_ProductLabel
Men,15.67,D1_ProductLabel
Men,90.77,D1_ProductLabel
Men,17.53,D1_ProductLabel
Men,17.53,D1_ProductLabel
Men,17.53,D1_ProductLabel
Men,17.53,D1_ProductLabel
Men,16.5,D1_ProductLabel
Men,61.89,D1_ProductLabel
Women,46.21,D1_ProductLabel
Women,61.89,D1_ProductLabel
Women,53.64,D1_ProductLabel
Men,61.89,D1_ProductLabel
Women,15.67,D1_ProductLabel
Women,19.8,D1_ProductLabel
Women,90.77,D1_ProductLabel
Men,57.76,D1_ProductLabel
Men,15.67,D1_ProductLabel
Men,61.89,D1_ProductLabel
Men,61.89,D1_ProductLabel
Women,61.89,D1_ProductLabel
Women,61.89,D1_ProductLabel
Men,20.62,D1_ProductLabel
Men,17.53,D1_ProductLabel
Men,17.53,D1_ProductLabel
Men,53.64,D1_ProductLabel
Men,53.64,D1_ProductLabel
Women,61.89,D1_ProductLabel
Men,16.5,D1_ProductLabel
Men,19.59,D1_ProductLabel
Men,17.53,D1_ProductLabel
Men,17.53,D1_ProductLabel
Women,17.53,D1_ProductLabel
Men,20.62,D1_ProductLabel
Men,18.15,D1_ProductLabel
Women,57.76,D1_ProductLabel
Men,17.53,D1_ProductLabel
Men,53.64,D1_ProductLabel
Men,15.67,D1_ProductLabel
Men,15.67,D1_ProductLabel
Men,16.5,D1_ProductLabel
Men,17.53,D1_ProductLabel
Men,17.53,D1_ProductLabel
Men,17.53,D1_ProductLabel
Men,17.53,D1_ProductLabel
Men,16.69,D1_ProductLabel
Men,15.67,D1_ProductLabel
Women,14.02,D1_ProductLabel
Women,14.02,D1_ProductLabel
Women,46.21,D1_ProductLabel
Men,61.89,D1_ProductLabel
Men,16.5,D1_ProductLabel
Men,57.76,D1_ProductLabel
Men,14.02,D1_ProductLabel
Women,15.67,D1_ProductLabel
Men,15.67,D1_ProductLabel
Men,99.03,D1_ProductLabel
Women,19.59,D1_ProductLabel
Women,19.59,D1_ProductLabel
Men,14.02,D1_ProductLabel
Men,28.88,D1_ProductLabel
Men,19.59,D1_ProductLabel
Men,17.53,D1_ProductLabel
Men,57.76,D1_ProductLabel
Men,14.02,D1_ProductLabel
Women,19.8,D1_ProductLabel
Men,15.67,D1_ProductLabel
Men,15.67,D1_ProductLabel
Men,46.21,D1_ProductLabel
Women,46.21,D1_ProductLabel
Women,15.67,D1_ProductLabel
Women,46.21,D1_ProductLabel
Men,16.5,D1_ProductLabel
Women,46.21,D1_ProductLabel
Women,15.67,D1_ProductLabel
Men,17.53,D1_ProductLabel
Women,17.53,D1_ProductLabel
Women,46.21,D1_ProductLabel
Men,14.02,D1_ProductLabel
Men,14.02,D1_ProductLabel
Men,14.02,D1_ProductLabel
Men,14.02,D1_ProductLabel
Men,113.47,D1_ProductLabel
Men,57.76,D1_ProductLabel
Men,15.67,D1_ProductLabel
Men,15.67,D1_ProductLabel
Men,15.67,D1_ProductLabel
Men,15.67,D1_ProductLabel
Men,15.67,D1_ProductLabel
Women,15.67,D1_ProductLabel
Women,15.67,D1_ProductLabel
Women,15.67,D1_ProductLabel
Men,14.02,D1_ProductLabel
Men,14.02,D1_ProductLabel
Men,15.67,D1_ProductLabel
Men,90.77,D1_ProductLabel
Men,17.53,D1_ProductLabel
Men,81.7,D1_ProductLabel
Men,45.38,D1_ProductLabel
Women,14.02,D1_ProductLabel
Men,19.59,D1_ProductLabel
Men,17.53,D1_ProductLabel
Men,36.1,D1_ProductLabel
Women,14.02,D1_ProductLabel
Women,16.5,D1_ProductLabel
Men,19.59,D1_ProductLabel
Men,19.59,D1_ProductLabel
Men,19.59,D1_ProductLabel
Women,15.67,D1_ProductLabel
Women,46.21,D1_ProductLabel
Men,14.02,D1_ProductLabel
Men,61.89,D1_ProductLabel
Men,46.21,D1_ProductLabel
Women,86.65,D1_ProductLabel
Women,86.65,D1_ProductLabel
Women,90.77,D1_ProductLabel
Women,46.21,D1_ProductLabel
Women,46.21,D1_ProductLabel
Women,15.67,D1_ProductLabel
Men,17.53,D1_ProductLabel
Men,15.67,D1_ProductLabel
Men,19.59,D1_ProductLabel
Men,16.5,D1_ProductLabel
Men,46.21,D1_ProductLabel
Men,46.21,D1_ProductLabel
Men,46.21,D1_ProductLabel
Men,53.64,D1_ProductLabel
Women,24.75,D1_ProductLabel
Men,17.53,D1_ProductLabel
Women,15.67,D1_ProductLabel
Women,19.59,D1_ProductLabel
Men,19.59,D1_ProductLabel
Women,57.76,D1_ProductLabel
Women,19.59,D1_ProductLabel
Men,17.53,D1_ProductLabel
Men,77.36,D1_ProductLabel
Men,20.62,D1_ProductLabel
Women,19.59,D1_ProductLabel
Men,72.2,D1_ProductLabel
Men,14.02,D1_ProductLabel
Women,14.02,D1_ProductLabel
Women,14.02,D1_ProductLabel
Men,46.21,D1_ProductLabel
Men,46.21,D1_ProductLabel
Men,61.89,D1_ProductLabel
Women,61.89,D1_ProductLabel
Women,115.53,D1_ProductLabel
Men,14.02,D1_ProductLabel
Women,46.21,D1_ProductLabel
Men,46.21,D1_ProductLabel
Women,46.21,D1_ProductLabel
Men,46.21,D1_ProductLabel
Men,14.02,D1_ProductLabel
Men,14.02,D1_ProductLabel
Men,14.02,D1_ProductLabel
Women,14.02,D1_ProductLabel
Women,14.02,D1_ProductLabel
Women,14.02,D1_ProductLabel
Men,46.21,D1_ProductLabel
Men,14.02,D1_ProductLabel
Women,14.02,D1_ProductLabel
Men,16.5,D1_ProductLabel
Men,46.21,D1_ProductLabel
Men,46.21,D1_ProductLabel
Men,14.02,D1_ProductLabel
Men,46.21,D1_ProductLabel
Men,17.53,D1_ProductLabel
Men,19.59,D1_ProductLabel
Women,24.75,D1_ProductLabel
Men,61.89,D1_ProductLabel
Women,19.8,D1_ProductLabel
Men,16.5,D1_ProductLabel
Women,15.67,D1_ProductLabel
Men,19.59,D1_ProductLabel
Men,20.62,D1_ProductLabel
Men,17.53,D1_ProductLabel
Women,46.21,D1_ProductLabel
Men,46.21,D1_ProductLabel
Men,17.53,D1_ProductLabel
Men,17.53,D1_ProductLabel
Men,17.53,D1_ProductLabel
Men,17.53,D1_ProductLabel
Men,17.53,D1_ProductLabel
Men,17.53,D1_ProductLabel
Men,17.53,D1_ProductLabel
Women,15.67,D1_ProductLabel
Women,15.67,D1_ProductLabel
Men,28.88,D1_ProductLabel
Men,28.88,D1_ProductLabel
Men,90.77,D1_ProductLabel
Men,18.15,D1_ProductLabel
Women,15.67,D1_ProductLabel
Men,17.53,D1_ProductLabel
Men,17.53,D1_ProductLabel
Women,46.21,D1_ProductLabel
Men,20.62,D1_ProductLabel
Men,16.5,D1_ProductLabel
Men,14.02,D1_ProductLabel
Men,19.59,D1_ProductLabel
Men,19.59,D1_ProductLabel
Men,19.59,D1_ProductLabel
Women,20.62,D1_ProductLabel
Women,20.62,D1_ProductLabel
Men,77.36,D1_ProductLabel
Men,77.36,D1_ProductLabel
Women,57.76,D1_ProductLabel
Women,59.83,D1_ProductLabel
Men,61.89,D1_ProductLabel
Men,57.76,D1_ProductLabel
Men,14.02,D1_ProductLabel
Men,14.02,D1_ProductLabel
Women,15.67,D1_ProductLabel
Men,17.53,D1_ProductLabel
Men,17.53,D1_ProductLabel
Men,57.76,D1_ProductLabel
Men,57.76,D1_ProductLabel
Men,17.53,D1_ProductLabel
Men,17.53,D1_ProductLabel
Men,17.53,D1_ProductLabel
Men,17.53,D1_ProductLabel
Women,19.59,D1_ProductLabel
Women,19.59,D1_ProductLabel
Women,46.21,D1_ProductLabel
Men,20.62,D1_ProductLabel
Women,46.21,D1_ProductLabel
Men,18.15,D1_ProductLabel
Men,18.15,D1_ProductLabel
Men,16.5,D1_ProductLabel
Men,16.5,D1_ProductLabel
Men,19.59,D1_ProductLabel
Men,46.21,D1_ProductLabel
Men,57.76,D1_ProductLabel
Men,20.62,D1_ProductLabel
Men,20.62,D1_ProductLabel
Men,14.02,D1_ProductLabel
Men,14.02,D1_ProductLabel
Men,61.89,D1_ProductLabel
Men,46.21,D1_ProductLabel
Women,57.76,D1_ProductLabel
Men,17.53,D1_ProductLabel
Men,17.53,D1_ProductLabel
Men,57.76,D1_ProductLabel
Men,14.02,D1_ProductLabel
Men,102.12,D1_ProductLabel
Men,81.7,D1_ProductLabel
Men,81.7,D1_ProductLabel
Men,61.89,D1_ProductLabel
Men,61.89,D1_ProductLabel
Men,46.21,D1_ProductLabel
Men,14.02,D1_ProductLabel
Men,17.53,D1_ProductLabel
Men,20.62,D1_ProductLabel
Men,17.53,D1_ProductLabel
Men,20.62,D1_ProductLabel
Men,17.53,D1_ProductLabel
Women,77.36,D1_ProductLabel
Men,14.02,D1_ProductLabel
Women,14.02,D1_ProductLabel
Men,17.53,D1_ProductLabel
Men,16.5,D1_ProductLabel
Men,42.91,D1_ProductLabel
Men,19.59,D1_ProductLabel
Men,46.21,D1_ProductLabel
Men,45.38,D1_ProductLabel
Women,19.59,D1_ProductLabel
Men,42.91,D1_ProductLabel
Men,57.76,D1_ProductLabel
Men,20.62,D1_ProductLabel
Men,22.69,D1_ProductLabel
Men,61.89,D1_ProductLabel
Men,15.67,D1_ProductLabel
Men,45.38,D1_ProductLabel
Men,18.15,D1_ProductLabel
Men,46.21,D1_ProductLabel
Men,61.89,D1_ProductLabel
Men,18.15,D1_ProductLabel
Women,19.59,D1_ProductLabel
Women,19.59,D1_ProductLabel
Men,14.02,D1_ProductLabel
Men,46.21,D1_ProductLabel
Men,16.5,D1_ProductLabel
Men,15.67,D1_ProductLabel
Men,14.02,D1_ProductLabel
Men,18.15,D1_ProductLabel
Men,16.5,D1_ProductLabel
Men,14.02,D1_ProductLabel
Men,17.53,D1_ProductLabel
Men,16.5,D1_ProductLabel
Men,16.5,D1_ProductLabel
Men,42.91,D1_ProductLabel
Men,57.76,D1_ProductLabel
Men,77.36,D1_ProductLabel
Men,19.59,D1_ProductLabel
Women,19.59,D1_ProductLabel
Men,46.21,D1_ProductLabel
Men,16.5,D1_ProductLabel
Men,14.02,D1_ProductLabel
Men,14.02,D1_ProductLabel
Men,15.67,D1_ProductLabel
Men,17.53,D1_ProductLabel
Men,17.53,D1_ProductLabel
Men,14.02,D1_ProductLabel
Men,15.67,D1_ProductLabel
Men,14.02,D1_ProductLabel
Men,20.62,D1_ProductLabel
Men,15.67,D1_ProductLabel
Men,15.67,D1_ProductLabel
Men,14.02,D1_ProductLabel
Men,14.02,D1_ProductLabel
Women,14.02,D1_ProductLabel
Men,46.21,D1_ProductLabel
Men,46.21,D1_ProductLabel
Women,46.21,D1_ProductLabel
Men,17.53,D1_ProductLabel
Men,17.53,D1_ProductLabel
Women,17.53,D1_ProductLabel
Men,18.15,D1_ProductLabel
Men,18.15,D1_ProductLabel
Men,19.59,D1_ProductLabel
Men,19.59,D1_ProductLabel
Men,19.59,D1_ProductLabel
Men,95.93,D1_ProductLabel
Men,95.93,D1_ProductLabel
Women,24.75,D1_ProductLabel
Women,20.62,D1_ProductLabel
Women,20.62,D1_ProductLabel
Women,20.62,D1_ProductLabel
Women,20.62,D1_ProductLabel
Women,123.79,D1_ProductLabel
Women,123.79,D1_ProductLabel
Men,46.21,D1_ProductLabel
Women,61.89,D1_ProductLabel
Men,16.5,D1_ProductLabel
Women,77.36,D1_ProductLabel
Men,57.76,D1_ProductLabel
Men,42.91,D1_ProductLabel
Men,46.21,D1_ProductLabel
Men,17.53,D1_ProductLabel
Men,19.59,D1_ProductLabel
Men,57.76,D1_ProductLabel
Men,57.76,D1_ProductLabel
Men,15.67,D1_ProductLabel
Men,46.21,D1_ProductLabel
Men,57.76,D1_ProductLabel
Men,14.02,D1_ProductLabel
Men,14.02,D1_ProductLabel
Men,14.02,D1_ProductLabel
Women,14.02,D1_ProductLabel
Women,14.02,D1_ProductLabel
Men,18.15,D1_ProductLabel
Men,17.28,D1_ProductLabel
Men,18.15,D1_ProductLabel
Men,18.15,D1_ProductLabel
Women,18.15,D1_ProductLabel
Women,18.15,D1_ProductLabel
Women,18.15,D1_ProductLabel
Men,14.02,D1_ProductLabel
Men,14.02,D1_ProductLabel
Men,61.89,D1_ProductLabel
Women,46.21,D1_ProductLabel
Men,20.62,D1_ProductLabel
Men,77.36,D1_ProductLabel
Men,46.21,D1_ProductLabel
Women,113.47,D1_ProductLabel
Men,19.59,D1_ProductLabel
Women,19.59,D1_ProductLabel
Women,17.53,D1_ProductLabel
Women,123.79,D1_ProductLabel
Men,17.53,D1_ProductLabel
Men,22.69,D1_ProductLabel
Men,17.53,D1_ProductLabel
Men,95.93,D1_ProductLabel
Men,102.12,D1_ProductLabel
Men,36.1,D1_ProductLabel
Men,14.02,D1_ProductLabel
Men,42.91,D1_ProductLabel
Men,20.62,D1_ProductLabel
Men,77.36,D1_ProductLabel
Women,67.05,D1_ProductLabel
Men,17.53,D1_ProductLabel
Women,17.53,D1_ProductLabel
Men,81.7,D1_ProductLabel
Men,17.53,D1_ProductLabel
Men,17.53,D1_ProductLabel
Men,16.5,D1_ProductLabel
Women,15.67,D1_ProductLabel
Men,14.02,D1_ProductLabel
Men,81.7,D1_ProductLabel
Men,14.02,D1_ProductLabel
Women,15.67,D1_ProductLabel
Men,46.21,D1_ProductLabel
Women,46.21,D1_ProductLabel
Women,46.21,D1_ProductLabel
Men,15.67,D1_ProductLabel
Men,14.02,D1_ProductLabel
Men,17.53,D1_ProductLabel
Men,18.15,D1_ProductLabel
Men,18.15,D1_ProductLabel
Men,18.15,D1_ProductLabel
Men,18.15,D1_ProductLabel
Men,16.5,D1_ProductLabel
Men,16.5,D1_ProductLabel
Men,46.21,D1_ProductLabel
Women,46.21,D1_ProductLabel
Men,61.89,D1_ProductLabel
Men,17.53,D1_ProductLabel
Men,90.77,D1_ProductLabel
Men,18.15,D1_ProductLabel
Men,18.15,D1_ProductLabel
Men,77.36,D1_ProductLabel
Men,46.21,D1_ProductLabel
Men,17.53,D1_ProductLabel
Men,19.59,D1_ProductLabel
Men,20.62,D1_ProductLabel
Men,20.62,D1_ProductLabel
Men,77.36,D1_ProductLabel
Women,17.53,D1_ProductLabel
Men,16.5,D1_ProductLabel
Men,16.5,D1_ProductLabel
Men,14.02,D1_ProductLabel
Men,14.02,D1_ProductLabel
Men,14.02,D1_ProductLabel
Men,19.59,D1_ProductLabel
Men,17.53,D1_ProductLabel
Men,16.5,D1_ProductLabel
Men,14.02,D1_ProductLabel
Men,14.02,D1_ProductLabel
Men,14.02,D1_ProductLabel
Men,14.02,D1_ProductLabel
Women,15.67,D1_ProductLabel
Women,14.02,D1_ProductLabel
Women,15.67,D1_ProductLabel
Men,46.21,D1_ProductLabel
Women,19.59,D1_ProductLabel
Women,15.67,D1_ProductLabel
Women,53.64,D1_ProductLabel
Men,16.5,D1_ProductLabel
Women,15.67,D1_ProductLabel
Women,15.67,D1_ProductLabel
Women,46.21,D1_ProductLabel
Men,42.91,D1_ProductLabel
Men,42.91,D1_ProductLabel
Men,90.77,D1_ProductLabel
Women,57.76,D1_ProductLabel
Women,57.76,D1_ProductLabel
Men,57.76,D1_ProductLabel
Men,17.53,D1_ProductLabel
Men,46.21,D1_ProductLabel
Men,46.21,D1_ProductLabel
Men,74.27,D1_ProductLabel
Men,19.59,D1_ProductLabel
Men,42.91,D1_ProductLabel
Men,42.91,D1_ProductLabel
Men,14.02,D1_ProductLabel
Men,46.21,D1_ProductLabel
Men,42.91,D1_ProductLabel
Men,17.53,D1_ProductLabel
Men,19.59,D1_ProductLabel
Men,17.53,D1_ProductLabel
Men,17.53,D1_ProductLabel
Men,17.53,D1_ProductLabel
Men,57.76,D1_ProductLabel
Men,57.76,D1_ProductLabel
Men,14.02,D1_ProductLabel
Men,14.02,D1_ProductLabel
Men,57.76,D1_ProductLabel
Men,20.62,D1_ProductLabel
Men,20.62,D1_ProductLabel
Men,46.21,D1_ProductLabel
Men,19.59,D1_ProductLabel
Men,14.02,D1_ProductLabel
Men,61.89,D1_ProductLabel
Men,17.53,D1_ProductLabel
Women,57.76,D1_ProductLabel
Men,17.53,D1_ProductLabel
Men,19.59,D1_ProductLabel
Men,57.76,D1_ProductLabel
Men,17.53,D1_ProductLabel
Men,15.67,D1_ProductLabel
Men,14.02,D1_ProductLabel
Men,17.53,D1_ProductLabel
Men,20.62,D1_ProductLabel
Men,17.53,D1_ProductLabel
Men,19.59,D1_ProductLabel
Men,17.53,D1_ProductLabel
Men,19.59,D1_ProductLabel
Men,17.53,D1_ProductLabel
Men,17.53,D1_ProductLabel
Men,77.36,D1_ProductLabel
Women,77.36,D1_ProductLabel
Women,15.67,D1_ProductLabel
Men,17.53,D1_ProductLabel
Women,15.67,D1_ProductLabel
Men,15.67,D1_ProductLabel
Men,57.76,D1_ProductLabel
Men,17.53,D1_ProductLabel
Men,15.67,D1_ProductLabel
Men,15.67,D1_ProductLabel
Men,42.91,D1_ProductLabel
Men,19.59,D1_ProductLabel
Men,15.67,D1_ProductLabel
Men,16.5,D1_ProductLabel
Men,15.67,D1_ProductLabel
Men,14.02,D1_ProductLabel
Women,15.67,D1_ProductLabel
Women,15.67,D1_ProductLabel
Men,20.62,D1_ProductLabel
Men,19.59,D1_ProductLabel
Men,77.36,D1_ProductLabel
Men,15.67,D1_ProductLabel
Men,19.59,D1_ProductLabel
Men,57.76,D1_ProductLabel
Men,53.64,D1_ProductLabel
Women,17.53,D1_ProductLabel
Women,67.05,D1_ProductLabel
Men,17.53,D1_ProductLabel
Men,19.59,D1_ProductLabel
Men,22.69,D1_ProductLabel
Men,20.62,D1_ProductLabel
Men,20.62,D1_ProductLabel
Men,20.62,D1_ProductLabel
Men,17.53,D1_ProductLabel
Men,17.53,D1_ProductLabel
Men,17.53,D1_ProductLabel
Men,14.02,D1_ProductLabel
Women,19.59,D1_ProductLabel
Men,17.53,D1_ProductLabel
Men,17.53,D1_ProductLabel
Men,36.1,D1_ProductLabel
Men,17.53,D1_ProductLabel
Men,17.53,D1_ProductLabel
Men,17.53,D1_ProductLabel
Men,17.53,D1_ProductLabel
Men,17.53,D1_ProductLabel
Men,17.53,D1_ProductLabel
Women,17.53,D1_ProductLabel
Men,14.02,D1_ProductLabel
Men,14.02,D1_ProductLabel
Men,92.84,D1_ProductLabel
Women,77.36,D1_ProductLabel
Men,16.5,D1_ProductLabel
Men,16.5,D1_ProductLabel
Men,46.21,D1_ProductLabel
Men,46.21,D1_ProductLabel
Men,17.53,D1_ProductLabel
Men,17.53,D1_ProductLabel
Men,46.21,D1_ProductLabel
Men,19.59,D1_ProductLabel
Men,19.59,D1_ProductLabel
Men,15.67,D1_ProductLabel
Men,14.02,D1_ProductLabel
Men,46.21,D1_ProductLabel
Women,46.21,D1_ProductLabel
Men,46.21,D1_ProductLabel
Men,19.59,D1_ProductLabel
Women,17.53,D1_ProductLabel
Men,14.02,D1_ProductLabel
Women,14.02,D1_ProductLabel
Women,14.02,D1_ProductLabel
Women,14.02,D1_ProductLabel
Women,14.02,D1_ProductLabel
Men,17.53,D1_ProductLabel
Men,17.53,D1_ProductLabel
Men,14.02,D1_ProductLabel
Women,14.02,D1_ProductLabel
Men,46.21,D1_ProductLabel
Men,16.5,D1_ProductLabel
Men,14.02,D1_ProductLabel
Men,19.59,D1_ProductLabel
Women,46.21,D1_ProductLabel
Men,15.67,D1_ProductLabel
Men,28.88,D1_ProductLabel
Men,99.03,D1_ProductLabel
Men,61.89,D1_ProductLabel
Men,28.88,D1_ProductLabel
Men,46.21,D1_ProductLabel
Women,14.02,D1_ProductLabel
Men,15.67,D1_ProductLabel
Men,15.67,D1_ProductLabel
Men,15.67,D1_ProductLabel
Women,15.67,D1_ProductLabel
Women,15.67,D1_ProductLabel
Men,46.21,D1_ProductLabel
Women,46.21,D1_ProductLabel
Women,46.21,D1_ProductLabel
Men,72.2,D1_ProductLabel
Men,72.2,D1_ProductLabel
Men,72.2,D1_ProductLabel
Women,77.36,D1_ProductLabel
Men,16.5,D1_ProductLabel
Men,16.5,D1_ProductLabel
Men,14.02,D1_ProductLabel
Men,14.02,D1_ProductLabel
Women,14.02,D1_ProductLabel
Women,14.02,D1_ProductLabel
Women,19.8,D1_ProductLabel
Women,19.8,D1_ProductLabel
Women,19.8,D1_ProductLabel
Women,15.67,D1_ProductLabel
Women,15.67,D1_ProductLabel
Men,15.67,D1_ProductLabel
Men,15.67,D1_ProductLabel
Women,19.59,D1_ProductLabel
Men,61.89,D1_ProductLabel
Men,17.53,D1_ProductLabel
Men,19.59,D1_ProductLabel
Men,19.59,D1_ProductLabel
Men,19.59,D1_ProductLabel
Women,20.62,D1_ProductLabel
Women,20.62,D1_ProductLabel
Women,20.62,D1_ProductLabel
Men,95.93,D1_ProductLabel
Women,17.53,D1_ProductLabel
Women,24.75,D1_ProductLabel
Women,24.75,D1_ProductLabel
Women,24.75,D1_ProductLabel
Women,24.75,D1_ProductLabel
Men,74.27,D1_ProductLabel
Men,74.27,D1_ProductLabel
Men,20.62,D1_ProductLabel
Women,19.59,D1_ProductLabel
Men,18.15,D1_ProductLabel
Men,14.02,D1_ProductLabel
Men,61.89,D1_ProductLabel
Men,46.21,D1_ProductLabel
Men,42.91,D1_ProductLabel
Women,86.65,D1_ProductLabel
Men,17.53,D1_ProductLabel
Women,17.53,D1_ProductLabel
Men,57.76,D1_ProductLabel
Men,46.21,D1_ProductLabel
Men,46.21,D1_ProductLabel
Women,46.21,D1_ProductLabel
Women,57.76,D1_ProductLabel
Men,17.53,D1_ProductLabel
Men,19.59,D1_ProductLabel
Men,15.67,D1_ProductLabel
Men,16.5,D1_ProductLabel
Men,46.21,D1_ProductLabel
Men,17.53,D1_ProductLabel
Men,57.76,D1_ProductLabel
Men,15.67,D1_ProductLabel
Women,15.67,D1_ProductLabel
Men,46.21,D1_ProductLabel
Men,57.76,D1_ProductLabel
Women,17.93,D1_ProductLabel
Women,4.33,D1_ProductLabel
Women,4.33,D1_ProductLabel
Women,4.84,D1_ProductLabel
Women,4.33,D1_ProductLabel
Women,11.82,D1_ProductLabel
Women,3.47,D1_ProductLabel
Women,11.82,D1_ProductLabel
Women,17.93,D1_ProductLabel
Women,17.93,D1_ProductLabel
Women,17.93,D1_ProductLabel
Women,17.93,D1_ProductLabel
Women,3.47,D1_ProductLabel
Women,17.93,D1_ProductLabel
Women,11.82,D1_ProductLabel
Women,22.41,D1_ProductLabel
Women,17.93,D1_ProductLabel
Women,3.47,D1_ProductLabel
Women,3.47,D1_ProductLabel
Women,17.93,D1_ProductLabel
Women,17.93,D1_ProductLabel
Women,17.93,D1_ProductLabel
Women,17.93,D1_ProductLabel
Men,4.33,D1_ProductLabel
Women,22.41,D1_ProductLabel
Men,3.47,D1_ProductLabel
Women,4.84,D1_ProductLabel
Women,4.33,D1_ProductLabel
Women,4.33,D1_ProductLabel
Women,3.87,D1_ProductLabel
Women,3.47,D1_ProductLabel
Women,3.87,D1_ProductLabel
Women,17.93,D1_ProductLabel
Men,4.33,D1_ProductLabel
Men,4.33,D1_ProductLabel
Men,5.1,D1_ProductLabel
Men,4.33,D1_ProductLabel
Men,4.33,D1_ProductLabel
Men,4.33,D1_ProductLabel
Women,4.33,D1_ProductLabel
Women,4.84,D1_ProductLabel
Women,4.84,D1_ProductLabel
Men,3.47,D1_ProductLabel
Men,3.47,D1_ProductLabel
Men,24.46,D1_ProductLabel
Women,3.87,D1_ProductLabel
Men,4.08,D1_ProductLabel
Men,3.47,D1_ProductLabel
Women,3.47,D1_ProductLabel
Women,3.47,D1_ProductLabel
Women,17.93,D1_ProductLabel
Women,3.47,D1_ProductLabel
Men,3.47,D1_ProductLabel
Women,17.93,D1_ProductLabel
Women,17.93,D1_ProductLabel
Men,3.47,D1_ProductLabel
Women,11.82,D1_ProductLabel
Women,11.82,D1_ProductLabel
Men,4.33,D1_ProductLabel
Men,4.33,D1_ProductLabel
Men,3.47,D1_ProductLabel
Women,17.93,D1_ProductLabel
Women,3.47,D1_ProductLabel
Men,4.33,D1_ProductLabel
Women,17.93,D1_ProductLabel
Men,4.33,D1_ProductLabel
Men,3.47,D1_ProductLabel
Men,5.1,D1_ProductLabel
Women,4.33,D1_ProductLabel
Women,22.41,D1_ProductLabel
Women,22.41,D1_ProductLabel
Women,4.84,D1_ProductLabel
Women,3.47,D1_ProductLabel
Women,3.47,D1_ProductLabel
Women,3.87,D1_ProductLabel
Women,3.47,D1_ProductLabel
Women,3.87,D1_ProductLabel
Women,6.12,D1_ProductLabel
Men,4.89,D1_ProductLabel
Women,3.47,D1_ProductLabel
Women,4.89,D1_ProductLabel
Women,24.22,D1_ProductLabel
Men,3.47,D1_ProductLabel
Women,6.12,D1_ProductLabel
Women,5.1,D1_ProductLabel
Women,3.87,D1_ProductLabel
Women,14.78,D1_ProductLabel
Women,4.89,D1_ProductLabel
Women,14.78,D1_ProductLabel
Women,3.47,D1_ProductLabel
Women,3.47,D1_ProductLabel
Women,3.47,D1_ProductLabel
Women,3.87,D1_ProductLabel
Women,3.47,D1_ProductLabel
Women,3.87,D1_ProductLabel
Women,3.47,D1_ProductLabel
Women,17.93,D1_ProductLabel
Women,22.41,D1_ProductLabel
Women,3.47,D1_ProductLabel
Women,3.47,D1_ProductLabel
Women,3.47,D1_ProductLabel
Women,4.33,D1_ProductLabel
Women,3.47,D1_ProductLabel
Women,17.93,D1_ProductLabel
Women,11.82,D1_ProductLabel
Women,11.82,D1_ProductLabel
Women,17.93,D1_ProductLabel
Women,3.47,D1_ProductLabel
Women,3.47,D1_ProductLabel
Women,3.47,D1_ProductLabel
Women,3.87,D1_ProductLabel
Women,22.41,D1_ProductLabel
Women,11.82,D1_ProductLabel
Women,17.93,D1_ProductLabel
Women,3.87,D1_ProductLabel
Women,3.47,D1_ProductLabel
Women,8.65,D1_ProductLabel
Women,9.67,D1_ProductLabel
Men,6.93,D1_ProductLabel
Women,6.93,D1_ProductLabel
Women,3.47,D1_ProductLabel
Women,7.75,D1_ProductLabel
Women,11.82,D1_ProductLabel
Women,6.93,D1_ProductLabel
Women,3.47,D1_ProductLabel
Women,7.75,D1_ProductLabel
Women,17.93,D1_ProductLabel
Women,4.33,D1_ProductLabel
Women,4.33,D1_ProductLabel
Women,14.78,D1_ProductLabel
Women,3.47,D1_ProductLabel
Women,7.75,D1_ProductLabel
Women,3.87,D1_ProductLabel
Women,7.75,D1_ProductLabel
Women,8.65,D1_ProductLabel
Women,6.93,D1_ProductLabel
Men,6.93,D1_ProductLabel
Men,6.93,D1_ProductLabel
Men,8.65,D1_ProductLabel
Women,6.93,D1_ProductLabel
Women,3.47,D1_ProductLabel
Women,7.75,D1_ProductLabel
Women,4.33,D1_ProductLabel
Women,14.78,D1_ProductLabel
Women,9.67,D1_ProductLabel
Women,14.78,D1_ProductLabel
Women,17.93,D1_ProductLabel
Women,3.47,D1_ProductLabel
Women,17.93,D1_ProductLabel
Women,3.47,D1_ProductLabel
Women,17.93,D1_ProductLabel
Women,4.33,D1_ProductLabel
Women,4.33,D1_ProductLabel
Women,4.84,D1_ProductLabel
Women,4.84,D1_ProductLabel
Women,3.47,D1_ProductLabel
Women,3.87,D1_ProductLabel
Women,3.87,D1_ProductLabel
Women,3.47,D1_ProductLabel
Women,3.87,D1_ProductLabel
Women,3.47,D1_ProductLabel
Women,17.93,D1_ProductLabel
Women,4.33,D1_ProductLabel
Women,4.33,D1_ProductLabel
Women,3.87,D1_ProductLabel
Women,3.47,D1_ProductLabel
Women,3.47,D1_ProductLabel
Women,17.93,D1_ProductLabel
Women,11.82,D1_ProductLabel
Women,3.47,D1_ProductLabel
Women,11.82,D1_ProductLabel
Women,17.93,D1_ProductLabel
Women,3.87,D1_ProductLabel
Women,22.41,D1_ProductLabel
Women,22.41,D1_ProductLabel
Women,22.41,D1_ProductLabel
Women,17.93,D1_ProductLabel
Women,11.82,D1_ProductLabel
Women,17.93,D1_ProductLabel
Women,3.47,D1_ProductLabel
Women,3.47,D1_ProductLabel
Women,22.41,D1_ProductLabel
Women,4.33,D1_ProductLabel
Women,14.78,D1_ProductLabel
Women,14.78,D1_ProductLabel
Women,4.33,D1_ProductLabel
Women,17.93,D1_ProductLabel
Women,17.93,D1_ProductLabel
Women,17.93,D1_ProductLabel
Women,22.41,D1_ProductLabel
Women,3.47,D1_ProductLabel
Women,17.93,D1_ProductLabel
Women,4.33,D1_ProductLabel
Women,4.84,D1_ProductLabel
Women,11.82,D1_ProductLabel
Women,17.93,D1_ProductLabel
Women,17.93,D1_ProductLabel
Women,3.47,D1_ProductLabel
Women,3.47,D1_ProductLabel
Women,17.93,D1_ProductLabel
Women,17.93,D1_ProductLabel
Women,3.47,D1_ProductLabel
Women,3.47,D1_ProductLabel
Women,3.47,D1_ProductLabel
Women,3.87,D1_ProductLabel
Women,11.82,D1_ProductLabel
Women,17.93,D1_ProductLabel
Women,4.33,D1_ProductLabel
Women,4.84,D1_ProductLabel
Women,14.78,D1_ProductLabel
Women,17.93,D1_ProductLabel
Women,3.47,D1_ProductLabel
Women,3.47,D1_ProductLabel
Women,17.93,D1_ProductLabel
Women,11.82,D1_ProductLabel
Women,3.87,D1_ProductLabel
Women,17.93,D1_ProductLabel
Women,3.47,D1_ProductLabel
Women,11.82,D1_ProductLabel
Women,11.82,D1_ProductLabel
Women,17.93,D1_ProductLabel
Women,17.93,D1_ProductLabel
Women,3.87,D1_ProductLabel
Women,17.93,D1_ProductLabel
Women,17.93,D1_ProductLabel
Women,11.82,D1_ProductLabel
Women,11.82,D1_ProductLabel
Women,11.82,D1_ProductLabel
Women,22.41,D1_ProductLabel
Women,22.41,D1_ProductLabel
Women,11.82,D1_ProductLabel
Women,11.82,D1_ProductLabel
Women,22.41,D1_ProductLabel
Women,3.47,D1_ProductLabel
Women,3.87,D1_ProductLabel
Women,3.87,D1_ProductLabel
Women,17.93,D1_ProductLabel
Women,3.87,D1_ProductLabel
Women,17.93,D1_ProductLabel
Women,17.93,D1_ProductLabel
Women,17.93,D1_ProductLabel
Women,11.82,D1_ProductLabel
Women,4.33,D1_ProductLabel
Women,4.84,D1_ProductLabel
Women,22.41,D1_ProductLabel
Women,4.33,D1_ProductLabel
Women,4.33,D1_ProductLabel
Women,4.84,D1_ProductLabel
Women,17.93,D1_ProductLabel
Women,3.47,D1_ProductLabel
Women,3.87,D1_ProductLabel
Women,3.47,D1_ProductLabel
Women,17.93,D1_ProductLabel
Women,17.93,D1_ProductLabel
Women,17.93,D1_ProductLabel
Women,17.93,D1_ProductLabel
Men,4.33,D1_ProductLabel
Women,3.47,D1_ProductLabel
Women,3.47,D1_ProductLabel
Women,17.93,D1_ProductLabel
Women,17.93,D1_ProductLabel
Women,11.82,D1_ProductLabel
Women,17.93,D1_ProductLabel
Women,4.84,D1_ProductLabel
Women,17.93,D1_ProductLabel
Women,4.33,D1_ProductLabel
Women,22.41,D1_ProductLabel
Women,4.33,D1_ProductLabel
Women,17.93,D1_ProductLabel
Women,17.93,D1_ProductLabel
Women,22.41,D1_ProductLabel
Women,22.41,D1_ProductLabel
Men,28.54,D1_ProductLabel
Women,22.02,D1_ProductLabel
Women,11.82,D1_ProductLabel
Women,3.47,D1_ProductLabel
Men,3.47,D1_ProductLabel
Women,3.87,D1_ProductLabel
Women,9.67,D1_ProductLabel
Men,3.47,D1_ProductLabel
Women,17.93,D1_ProductLabel
Men,6.93,D1_ProductLabel
Women,3.87,D1_ProductLabel
Men,4.33,D1_ProductLabel
Women,4.33,D1_ProductLabel
Women,22.41,D1_ProductLabel
Women,8.65,D1_ProductLabel
Women,22.41,D1_ProductLabel
Women,17.93,D1_ProductLabel
Women,3.47,D1_ProductLabel
Women,17.93,D1_ProductLabel
Women,17.93,D1_ProductLabel
Men,3.47,D1_ProductLabel
Women,17.93,D1_ProductLabel
Men,28.54,D1_ProductLabel
Women,3.47,D1_ProductLabel
Women,3.47,D1_ProductLabel
Women,22.41,D1_ProductLabel
Men,3.47,D1_ProductLabel
Women,3.47,D1_ProductLabel
Men,4.33,D1_ProductLabel
Women,4.84,D1_ProductLabel
Women,14.78,D1_ProductLabel
Women,14.78,D1_ProductLabel
Women,3.47,D1_ProductLabel
Women,3.47,D1_ProductLabel
Women,3.47,D1_ProductLabel
Women,3.47,D1_ProductLabel
Women,4.33,D1_ProductLabel
Women,17.93,D1_ProductLabel
Women,17.93,D1_ProductLabel
Women,17.93,D1_ProductLabel
Women,22.41,D1_ProductLabel
Women,17.93,D1_ProductLabel
Women,11.82,D1_ProductLabel
Women,3.47,D1_ProductLabel
Women,4.33,D1_ProductLabel
Women,4.84,D1_ProductLabel
Women,3.47,D1_ProductLabel
Women,17.93,D1_ProductLabel
Women,11.82,D1_ProductLabel
Women,3.47,D1_ProductLabel
Women,4.84,D1_ProductLabel
Women,22.41,D1_ProductLabel
Women,3.47,D1_ProductLabel
Women,17.93,D1_ProductLabel
Women,17.93,D1_ProductLabel
Women,4.33,D1_ProductLabel
Women,14.78,D1_ProductLabel
Women,4.33,D1_ProductLabel
Women,9.67,D1_ProductLabel
Women,22.41,D1_ProductLabel
Women,17.93,D1_ProductLabel
Men,8.15,D1_ProductLabel
Women,4.33,D1_ProductLabel
Women,9.67,D1_ProductLabel
Men,8.65,D1_ProductLabel
Women,6.93,D1_ProductLabel
Women,3.47,D1_ProductLabel
Women,11.82,D1_ProductLabel
Men,6.93,D1_ProductLabel
Women,3.87,D1_ProductLabel
Women,17.93,D1_ProductLabel
Women,4.33,D1_ProductLabel
Women,4.33,D1_ProductLabel
Women,3.47,D1_ProductLabel
Women,4.89,D1_ProductLabel
Women,17.93,D1_ProductLabel
Men,16.3,D1_ProductLabel
Women,3.87,D1_ProductLabel
Women,17.93,D1_ProductLabel
Women,11.82,D1_ProductLabel
Women,3.87,D1_ProductLabel
Women,3.87,D1_ProductLabel
Women,4.89,D1_ProductLabel
Women,4.89,D1_ProductLabel
Women,22.41,D1_ProductLabel
Women,17.93,D1_ProductLabel
Women,3.47,D1_ProductLabel
Women,3.47,D1_ProductLabel
Women,3.47,D1_ProductLabel
Women,22.41,D1_ProductLabel
Men,8.65,D1_ProductLabel
Men,8.65,D1_ProductLabel
Women,8.65,D1_ProductLabel
Women,17.93,D1_ProductLabel
Women,7.75,D1_ProductLabel
Women,9.67,D1_ProductLabel
Women,22.41,D1_ProductLabel
Women,7.75,D1_ProductLabel
Women,22.41,D1_ProductLabel
Women,3.47,D1_ProductLabel
Women,3.47,D1_ProductLabel
Women,4.33,D1_ProductLabel
Women,4.33,D1_ProductLabel
Women,4.84,D1_ProductLabel
Men,8.65,D1_ProductLabel
Men,8.65,D1_ProductLabel
Men,8.65,D1_ProductLabel
Women,17.93,D1_ProductLabel
Men,8.65,D1_ProductLabel
Women,3.47,D1_ProductLabel
Men,8.65,D1_ProductLabel
Women,4.33,D1_ProductLabel
Men,6.93,D1_ProductLabel
Women,9.67,D1_ProductLabel
Women,17.93,D1_ProductLabel
Women,3.47,D1_ProductLabel
Women,17.93,D1_ProductLabel
Women,11.82,D1_ProductLabel
Women,11.82,D1_ProductLabel
Women,22.41,D1_ProductLabel
Women,3.47,D1_ProductLabel
Women,3.87,D1_ProductLabel
Women,3.87,D1_ProductLabel
Men,44.0,D1_ProductLabel
Women,4.56,D1_ProductLabel
Men,52.49,D1_ProductLabel
Men,13.59,D1_ProductLabel
Men,44.79,D1_ProductLabel
Men,28.0,D1_ProductLabel
Men,44.0,D1_ProductLabel
Women,4.56,D1_ProductLabel
Women,22.0,D1_ProductLabel
Women,42.0,D1_ProductLabel
Men,16.99,D1_ProductLabel
Men,16.99,D1_ProductLabel
Men,16.99,D1_ProductLabel
Men,16.99,D1_ProductLabel
Men,34.99,D1_ProductLabel
Men,37.49,D1_ProductLabel
Men,15.19,D1_ProductLabel
Men,15.19,D1_ProductLabel
Women,15.19,D1_ProductLabel
Women,15.19,D1_ProductLabel
Men,15.99,D1_ProductLabel
Men,7.6,D1_ProductLabel
Men,10.63,D1_ProductLabel
Men,13.59,D1_ProductLabel
Men,13.59,D1_ProductLabel
Men,16.99,D1_ProductLabel
Women,4.08,D1_ProductLabel
Women,13.59,D1_ProductLabel
Women,6.8,D1_ProductLabel
Men,7.6,D1_ProductLabel
Men,13.59,D1_ProductLabel
Men,13.59,D1_ProductLabel
Men,44.0,D1_ProductLabel
Men,44.0,D1_ProductLabel
Women,4.56,D1_ProductLabel
Women,4.56,D1_ProductLabel
Women,23.76,D1_ProductLabel
Men,10.63,D1_ProductLabel
Men,4.8,D1_ProductLabel
Men,41.99,D1_ProductLabel
Women,10.63,D1_ProductLabel
Men,8.4,D1_ProductLabel
Men,8.0,D1_ProductLabel
Men,8.0,D1_ProductLabel
Men,4.8,D1_ProductLabel
Men,8.8,D1_ProductLabel
Women,4.08,D1_ProductLabel
Women,4.08,D1_ProductLabel
Men,31.35,D1_ProductLabel
Men,48.0,D1_ProductLabel
Men,44.0,D1_ProductLabel
Men,13.59,D1_ProductLabel
Men,13.59,D1_ProductLabel
Women,4.56,D1_ProductLabel
Women,4.56,D1_ProductLabel
Men,30.0,D1_ProductLabel
Women,4.8,D1_ProductLabel
Men,41.99,D1_ProductLabel
Men,44.0,D1_ProductLabel
Women,5.7,D1_ProductLabel
Men,8.0,D1_ProductLabel
Men,44.0,D1_ProductLabel
Women,4.56,D1_ProductLabel
Women,26.0,D1_ProductLabel
Men,7.6,D1_ProductLabel
Women,4.8,D1_ProductLabel
Women,4.8,D1_ProductLabel
Men,4.8,D1_ProductLabel
Men,16.99,D1_ProductLabel
Men,9.49,D1_ProductLabel
Men,16.99,D1_ProductLabel
Women,4.08,D1_ProductLabel
Women,44.0,D1_ProductLabel
Men,55.99,D1_ProductLabel
Men,8.0,D1_ProductLabel
Men,44.79,D1_ProductLabel
Women,41.99,D1_ProductLabel
Men,8.0,D1_ProductLabel
Men,13.59,D1_ProductLabel
Women,4.56,D1_ProductLabel
Women,4.8,D1_ProductLabel
Women,9.6,D1_ProductLabel
Men,15.99,D1_ProductLabel
Men,15.99,D1_ProductLabel
Men,13.59,D1_ProductLabel
Women,5.7,D1_ProductLabel
Men,13.59,D1_ProductLabel
Men,4.8,D1_ProductLabel
Men,13.59,D1_ProductLabel
Men,13.59,D1_ProductLabel
Men,18.99,D1_ProductLabel
Women,59.99,D1_ProductLabel
Men,31.35,D1_ProductLabel
Women,42.0,D1_ProductLabel
Men,10.63,D1_ProductLabel
Women,7.6,D1_ProductLabel
Men,8.0,D1_ProductLabel
Men,4.56,D1_ProductLabel
Men,30.0,D1_ProductLabel
Women,13.92,D1_ProductLabel
Men,16.99,D1_ProductLabel
Men,4.56,D1_ProductLabel
Men,4.8,D1_ProductLabel
Women,4.08,D1_ProductLabel
Women,4.8,D1_ProductLabel
Women,15.19,D1_ProductLabel
Men,13.59,D1_ProductLabel
Women,13.59,D1_ProductLabel
Men,10.63,D1_ProductLabel
Men,8.8,D1_ProductLabel
Men,26.4,D1_ProductLabel
Men,4.56,D1_ProductLabel
Men,13.59,D1_ProductLabel
Men,29.11,D1_ProductLabel
Women,4.56,D1_ProductLabel
Women,7.6,D1_ProductLabel
Men,15.99,D1_ProductLabel
Men,31.35,D1_ProductLabel
Women,4.56,D1_ProductLabel
Women,41.99,D1_ProductLabel
Women,26.0,D1_ProductLabel
Men,5.7,D1_ProductLabel
Women,16.99,D1_ProductLabel
Women,4.56,D1_ProductLabel
Men,4.56,D1_ProductLabel
Men,37.2,D1_ProductLabel
Men,44.0,D1_ProductLabel
Men,4.56,D1_ProductLabel
Men,16.99,D1_ProductLabel
Women,7.6,D1_ProductLabel
Men,31.35,D1_ProductLabel
Men,31.35,D1_ProductLabel
Women,31.35,D1_ProductLabel
Men,15.99,D1_ProductLabel
Men,4.56,D1_ProductLabel
Women,4.56,D1_ProductLabel
Women,4.8,D1_ProductLabel
Women,4.8,D1_ProductLabel
Women,4.8,D1_ProductLabel
Men,4.56,D1_ProductLabel
Men,15.99,D1_ProductLabel
Women,4.08,D1_ProductLabel
Men,29.11,D1_ProductLabel
Men,8.8,D1_ProductLabel
Women,4.8,D1_ProductLabel
Women,4.56,D1_ProductLabel
Women,7.6,D1_ProductLabel
Women,4.8,D1_ProductLabel
Women,28.5,D1_ProductLabel
Women,29.7,D1_ProductLabel
Men,13.59,D1_ProductLabel
Men,5.7,D1_ProductLabel
Men,9.49,D1_ProductLabel
Men,46.5,D1_ProductLabel
Men,5.7,D1_ProductLabel
Women,4.8,D1_ProductLabel
Men,5.7,D1_ProductLabel
Men,5.7,D1_ProductLabel
Men,5.7,D1_ProductLabel
Men,9.49,D1_ProductLabel
Men,15.39,D1_ProductLabel
Men,5.7,D1_ProductLabel
Women,5.1,D1_ProductLabel
Women,5.1,D1_ProductLabel
Women,5.1,D1_ProductLabel
Women,6.0,D1_ProductLabel
Women,5.7,D1_ProductLabel
Women,9.49,D1_ProductLabel
Women,6.0,D1_ProductLabel
Men,9.99,D1_ProductLabel
Men,15.99,D1_ProductLabel
Men,10.63,D1_ProductLabel
Men,15.99,D1_ProductLabel
Men,15.19,D1_ProductLabel
Men,4.56,D1_ProductLabel
Men,37.2,D1_ProductLabel
Men,28.0,D1_ProductLabel
Men,8.0,D1_ProductLabel
Men,8.0,D1_ProductLabel
Women,22.0,D1_ProductLabel
Women,13.92,D1_ProductLabel
Men,19.99,D1_ProductLabel
Men,16.99,D1_ProductLabel
Men,4.56,D1_ProductLabel
Women,7.6,D1_ProductLabel
Men,31.35,D1_ProductLabel
Men,7.6,D1_ProductLabel
Men,27.99,D1_ProductLabel
Men,79.19,D1_ProductLabel
Men,15.39,D1_ProductLabel
Women,16.99,D1_ProductLabel
Women,5.7,D1_ProductLabel
Women,5.7,D1_ProductLabel
Women,5.7,D1_ProductLabel
Women,5.1,D1_ProductLabel
Women,6.0,D1_ProductLabel
Women,8.49,D1_ProductLabel
Men,4.8,D1_ProductLabel
Men,15.99,D1_ProductLabel
Men,8.0,D1_ProductLabel
Men,8.8,D1_ProductLabel
Women,4.08,D1_ProductLabel
Women,13.59,D1_ProductLabel
Women,6.0,D1_ProductLabel
Men,31.35,D1_ProductLabel
Women,44.0,D1_ProductLabel
Women,26.0,D1_ProductLabel
Women,23.76,D1_ProductLabel
Men,4.8,D1_ProductLabel
Men,7.6,D1_ProductLabel
Men,7.6,D1_ProductLabel
Women,4.56,D1_ProductLabel
Women,4.8,D1_ProductLabel
Men,9.99,D1_ProductLabel
Men,9.99,D1_ProductLabel
Men,9.99,D1_ProductLabel
Men,6.0,D1_ProductLabel
Men,6.0,D1_ProductLabel
Men,6.0,D1_ProductLabel
Men,6.0,D1_ProductLabel
Men,11.0,D1_ProductLabel
Men,4.8,D1_ProductLabel
Men,6.8,D1_ProductLabel
Women,4.8,D1_ProductLabel
Women,23.76,D1_ProductLabel
Men,9.49,D1_ProductLabel
Men,9.49,D1_ProductLabel
Men,4.8,D1_ProductLabel
Men,4.8,D1_ProductLabel
Men,44.0,D1_ProductLabel
Women,4.56,D1_ProductLabel
Women,59.99,D1_ProductLabel
Men,44.79,D1_ProductLabel
Women,26.0,D1_ProductLabel
Men,44.79,D1_ProductLabel
Women,6.0,D1_ProductLabel
Women,67.19,D1_ProductLabel
Men,5.7,D1_ProductLabel
Men,15.99,D1_ProductLabel
Men,15.99,D1_ProductLabel
Men,15.99,D1_ProductLabel
Men,37.2,D1_ProductLabel
Men,44.79,D1_ProductLabel
Women,42.0,D1_ProductLabel
Women,15.19,D1_ProductLabel
Men,13.59,D1_ProductLabel
Men,5.7,D1_ProductLabel
Men,16.99,D1_ProductLabel
Men,4.56,D1_ProductLabel
Men,7.6,D1_ProductLabel
Men,8.8,D1_ProductLabel
Men,4.56,D1_ProductLabel
Women,22.0,D1_ProductLabel
Women,8.8,D1_ProductLabel
Men,9.99,D1_ProductLabel
Men,5.7,D1_ProductLabel
Women,5.1,D1_ProductLabel
Men,26.4,D1_ProductLabel
Men,26.4,D1_ProductLabel
Men,7.6,D1_ProductLabel
Men,8.0,D1_ProductLabel
Men,13.59,D1_ProductLabel
Men,33.0,D1_ProductLabel
Men,4.56,D1_ProductLabel
Women,4.8,D1_ProductLabel
Men,5.7,D1_ProductLabel
Men,5.7,D1_ProductLabel
Men,5.7,D1_ProductLabel
Men,9.99,D1_ProductLabel
Men,9.49,D1_ProductLabel
Men,5.7,D1_ProductLabel
Men,5.7,D1_ProductLabel
Women,6.0,D1_ProductLabel
Men,13.59,D1_ProductLabel
Men,13.59,D1_ProductLabel
Men,13.59,D1_ProductLabel
Women,15.19,D1_ProductLabel
Men,41.99,D1_ProductLabel
Men,16.5,D1_ProductLabel
Men,5.7,D1_ProductLabel
Women,29.7,D1_ProductLabel
Men,13.59,D1_ProductLabel
Men,44.79,D1_ProductLabel
Women,7.6,D1_ProductLabel
Women,5.7,D1_ProductLabel
Men,4.56,D1_ProductLabel
Men,4.8,D1_ProductLabel
Men,8.8,D1_ProductLabel
Women,4.08,D1_ProductLabel
Men,9.99,D1_ProductLabel
Men,8.0,D1_ProductLabel
Men,44.79,D1_ProductLabel
Men,13.59,D1_ProductLabel
Men,9.51,D1_ProductLabel
Men,8.0,D1_ProductLabel
Women,7.6,D1_ProductLabel
Men,13.29,D1_ProductLabel
Men,5.7,D1_ProductLabel
Men,4.56,D1_ProductLabel
Men,8.8,D1_ProductLabel
Men,13.59,D1_ProductLabel
Men,4.56,D1_ProductLabel
Men,41.99,D1_ProductLabel
Men,13.59,D1_ProductLabel
Men,7.6,D1_ProductLabel
Men,12.31,D1_ProductLabel
Men,4.56,D1_ProductLabel
Men,37.2,D1_ProductLabel
Women,4.8,D1_ProductLabel
Women,8.8,D1_ProductLabel
Women,4.8,D1_ProductLabel
Women,23.76,D1_ProductLabel
Women,4.08,D1_ProductLabel
Women,22.0,D1_ProductLabel
Women,7.6,D1_ProductLabel
Women,44.0,D1_ProductLabel
Men,18.99,D1_ProductLabel
Men,13.29,D1_ProductLabel
Men,13.59,D1_ProductLabel
Men,15.19,D1_ProductLabel
Men,26.4,D1_ProductLabel
Men,13.59,D1_ProductLabel
Women,15.19,D1_ProductLabel
Men,4.56,D1_ProductLabel
Men,4.56,D1_ProductLabel
Men,30.0,D1_ProductLabel
Women,5.1,D1_ProductLabel
Men,4.56,D1_ProductLabel
Men,4.56,D1_ProductLabel
Men,4.8,D1_ProductLabel
Men,4.56,D1_ProductLabel
Men,44.79,D1_ProductLabel
Men,48.0,D1_ProductLabel
Men,44.79,D1_ProductLabel
Men,44.79,D1_ProductLabel
Men,44.79,D1_ProductLabel
Men,5.7,D1_ProductLabel
Men,5.7,D1_ProductLabel
Men,5.7,D1_ProductLabel
Men,5.7,D1_ProductLabel
Men,5.7,D1_ProductLabel
Men,6.0,D1_ProductLabel
Men,5.7,D1_ProductLabel
Men,5.7,D1_ProductLabel
Women,4.08,D1_ProductLabel
Women,7.6,D1_ProductLabel
Women,30.0,D1_ProductLabel
Men,4.8,D1_ProductLabel
Men,7.6,D1_ProductLabel
Men,26.4,D1_ProductLabel
Men,44.79,D1_ProductLabel
Men,16.99,D1_ProductLabel
Men,13.2,D1_ProductLabel
Men,16.99,D1_ProductLabel
Men,16.99,D1_ProductLabel
Men,5.7,D1_ProductLabel
Men,4.56,D1_ProductLabel
Men,8.8,D1_ProductLabel
Women,7.6,D1_ProductLabel
Women,37.2,D1_ProductLabel
Men,6.0,D1_ProductLabel
Men,15.99,D1_ProductLabel
Men,15.99,D1_ProductLabel
Men,8.0,D1_ProductLabel
Men,28.0,D1_ProductLabel
Men,26.4,D1_ProductLabel
Men,44.79,D1_ProductLabel
Men,13.59,D1_ProductLabel
Men,9.49,D1_ProductLabel
Men,5.7,D1_ProductLabel
Men,16.99,D1_ProductLabel
Men,16.99,D1_ProductLabel
Men,16.99,D1_ProductLabel
Men,4.56,D1_ProductLabel
Men,13.59,D1_ProductLabel
Men,4.56,D1_ProductLabel
Women,4.08,D1_ProductLabel
Women,15.19,D1_ProductLabel
Men,13.59,D1_ProductLabel
Men,13.59,D1_ProductLabel
Women,9.6,D1_ProductLabel
Men,4.56,D1_ProductLabel
Men,4.56,D1_ProductLabel
Women,4.8,D1_ProductLabel
Men,13.59,D1_ProductLabel
Men,13.59,D1_ProductLabel
Women,15.19,D1_ProductLabel
Men,4.8,D1_ProductLabel
Women,4.8,D1_ProductLabel
Women,6.8,D1_ProductLabel
Men,13.59,D1_ProductLabel
Women,4.56,D1_ProductLabel
Women,4.56,D1_ProductLabel
Women,6.8,D1_ProductLabel
Men,8.8,D1_ProductLabel
Women,4.8,D1_ProductLabel
Men,16.99,D1_ProductLabel
Men,44.79,D1_ProductLabel
Men,9.99,D1_ProductLabel
Men,44.79,D1_ProductLabel
Men,8.0,D1_ProductLabel
Men,5.7,D1_ProductLabel
Men,16.99,D1_ProductLabel
Men,5.7,D1_ProductLabel
Women,4.08,D1_ProductLabel
Women,4.8,D1_ProductLabel
Women,41.99,D1_ProductLabel
Men,8.0,D1_ProductLabel
Men,11.0,D1_ProductLabel
Women,42.0,D1_ProductLabel
Men,15.99,D1_ProductLabel
Men,13.59,D1_ProductLabel
Men,13.59,D1_ProductLabel
Men,13.59,D1_ProductLabel
Men,8.8,D1_ProductLabel
Men,30.0,D1_ProductLabel
Men,29.11,D1_ProductLabel
Men,8.8,D1_ProductLabel
Women,5.28,D1_ProductLabel
Men,13.59,D1_ProductLabel
Men,7.6,D1_ProductLabel
Men,4.56,D1_ProductLabel
Men,10.63,D1_ProductLabel
Men,13.59,D1_ProductLabel
Men,4.8,D1_ProductLabel
Men,9.51,D1_ProductLabel
Men,9.99,D1_ProductLabel
Men,37.2,D1_ProductLabel
Women,37.2,D1_ProductLabel
Women,22.8,D1_ProductLabel
Men,13.2,D1_ProductLabel
Men,13.2,D1_ProductLabel
Men,13.59,D1_ProductLabel
Men,19.99,D1_ProductLabel
Men,15.19,D1_ProductLabel
Men,16.99,D1_ProductLabel
Women,16.99,D1_ProductLabel
Men,4.56,D1_ProductLabel
Women,4.08,D1_ProductLabel
Women,15.19,D1_ProductLabel
Women,9.6,D1_ProductLabel
Men,16.99,D1_ProductLabel
Men,16.99,D1_ProductLabel
Women,9.6,D1_ProductLabel
Men,4.56,D1_ProductLabel
Men,8.0,D1_ProductLabel
Men,4.56,D1_ProductLabel
Women,4.08,D1_ProductLabel
Women,4.56,D1_ProductLabel
Women,4.8,D1_ProductLabel
Women,4.8,D1_ProductLabel
Men,44.0,D1_ProductLabel
Men,13.59,D1_ProductLabel
Women,22.0,D1_ProductLabel
Men,13.59,D1_ProductLabel
Women,15.19,D1_ProductLabel
Men,16.99,D1_ProductLabel
Men,15.39,D1_ProductLabel
Men,16.99,D1_ProductLabel
Men,16.99,D1_ProductLabel
Men,15.99,D1_ProductLabel
Men,13.59,D1_ProductLabel
Men,13.59,D1_ProductLabel
Men,5.7,D1_ProductLabel
Women,9.6,D1_ProductLabel
Women,5.7,D1_ProductLabel
Men,7.6,D1_ProductLabel
Women,16.99,D1_ProductLabel
Women,4.8,D1_ProductLabel
Women,23.76,D1_ProductLabel
Men,4.56,D1_ProductLabel
Women,42.0,D1_ProductLabel
Men,31.35,D1_ProductLabel
Women,23.76,D1_ProductLabel
Men,16.99,D1_ProductLabel
Men,9.49,D1_ProductLabel
Men,16.99,D1_ProductLabel
Men,16.99,D1_ProductLabel
Men,5.7,D1_ProductLabel
Men,34.99,D1_ProductLabel
Men,16.99,D1_ProductLabel
Men,16.99,D1_ProductLabel
Women,16.99,D1_ProductLabel
Women,16.99,D1_ProductLabel
Women,5.1,D1_ProductLabel
Men,55.99,D1_ProductLabel
Women,5.7,D1_ProductLabel
Women,5.7,D1_ProductLabel
Women,6.0,D1_ProductLabel
Women,6.0,D1_ProductLabel
Women,5.7,D1_ProductLabel
Men,19.99,D1_ProductLabel
Men,15.99,D1_ProductLabel
Men,9.49,D1_ProductLabel
Men,5.7,D1_ProductLabel
Men,19.99,D1_ProductLabel
Men,46.5,D1_ProductLabel
Men,16.99,D1_ProductLabel
Men,5.7,D1_ProductLabel
Men,5.7,D1_ProductLabel
Men,6.0,D1_ProductLabel
Men,11.0,D1_ProductLabel
Men,19.99,D1_ProductLabel
Women,5.7,D1_ProductLabel
Women,6.0,D1_ProductLabel
Women,6.0,D1_ProductLabel
Women,9.49,D1_ProductLabel
Men,6.0,D1_ProductLabel
Men,5.7,D1_ProductLabel
Men,10.63,D1_ProductLabel
Men,16.99,D1_ProductLabel
Men,16.99,D1_ProductLabel
Men,13.59,D1_ProductLabel
Men,13.59,D1_ProductLabel
Women,15.19,D1_ProductLabel
Women,4.08,D1_ProductLabel
Men,13.59,D1_ProductLabel
Men,13.59,D1_ProductLabel
Men,7.6,D1_ProductLabel
Men,13.59,D1_ProductLabel
Women,4.08,D1_ProductLabel
Women,4.08,D1_ProductLabel
Women,13.59,D1_ProductLabel
Women,15.19,D1_ProductLabel
Women,37.2,D1_ProductLabel
Women,4.56,D1_ProductLabel
Women,4.8,D1_ProductLabel
Women,4.8,D1_ProductLabel
Men,13.2,D1_ProductLabel
Men,13.59,D1_ProductLabel
Men,4.8,D1_ProductLabel
Men,13.2,D1_ProductLabel
Women,4.56,D1_ProductLabel
Women,4.08,D1_ProductLabel
Women,26.0,D1_ProductLabel
Women,30.0,D1_ProductLabel
Men,44.0,D1_ProductLabel
Men,31.35,D1_ProductLabel
Men,9.99,D1_ProductLabel
Men,13.2,D1_ProductLabel
Men,44.0,D1_ProductLabel
Women,4.08,D1_ProductLabel
Women,4.8,D1_ProductLabel
Women,4.8,D1_ProductLabel
Women,42.0,D1_ProductLabel
Women,26.0,D1_ProductLabel
Men,13.59,D1_ProductLabel
Men,15.99,D1_ProductLabel
Men,8.0,D1_ProductLabel
Women,4.56,D1_ProductLabel
Women,4.8,D1_ProductLabel
Women,42.0,D1_ProductLabel
Men,15.19,D1_ProductLabel
Women,15.19,D1_ProductLabel
Men,7.6,D1_ProductLabel
Men,7.6,D1_ProductLabel
Men,4.8,D1_ProductLabel
Men,4.8,D1_ProductLabel
Men,13.2,D1_ProductLabel
Women,4.56,D1_ProductLabel
Women,4.56,D1_ProductLabel
Women,4.56,D1_ProductLabel
Women,4.8,D1_ProductLabel
Men,13.59,D1_ProductLabel
Men,10.63,D1_ProductLabel
Women,4.56,D1_ProductLabel
Women,4.56,D1_ProductLabel
Women,6.0,D1_ProductLabel
Men,6.0,D1_ProductLabel
Men,6.0,D1_ProductLabel
Women,5.1,D1_ProductLabel
Women,5.1,D1_ProductLabel
Women,5.1,D1_ProductLabel
Women,5.1,D1_ProductLabel
Men,11.0,D1_ProductLabel
Men,55.0,D1_ProductLabel
Women,5.7,D1_ProductLabel
Women,6.0,D1_ProductLabel
Men,16.99,D1_ProductLabel
Men,16.99,D1_ProductLabel
Women,4.08,D1_ProductLabel
Women,46.5,D1_ProductLabel
Women,28.5,D1_ProductLabel
Women,29.7,D1_ProductLabel
Men,7.6,D1_ProductLabel
Men,7.6,D1_ProductLabel
Men,10.63,D1_ProductLabel
Women,39.19,D1_ProductLabel
Men,10.63,D1_ProductLabel
Women,9.6,D1_ProductLabel
Women,23.76,D1_ProductLabel
Men,31.35,D1_ProductLabel
Men,8.8,D1_ProductLabel
Women,4.56,D1_ProductLabel
Men,44.79,D1_ProductLabel
Men,13.59,D1_ProductLabel
Men,44.0,D1_ProductLabel
Men,13.59,D1_ProductLabel
Men,7.6,D1_ProductLabel
Men,4.8,D1_ProductLabel
Men,8.0,D1_ProductLabel
Men,4.56,D1_ProductLabel
Men,4.8,D1_ProductLabel
Men,8.8,D1_ProductLabel
Men,4.56,D1_ProductLabel
Men,8.0,D1_ProductLabel
Men,16.99,D1_ProductLabel
Men,55.99,D1_ProductLabel
Men,44.79,D1_ProductLabel
Women,4.56,D1_ProductLabel
Women,15.19,D1_ProductLabel
Women,4.08,D1_ProductLabel
Women,4.56,D1_ProductLabel
Women,23.76,D1_ProductLabel
Men,13.59,D1_ProductLabel
Men,8.0,D1_ProductLabel
Men,16.99,D1_ProductLabel
Men,16.99,D1_ProductLabel
Men,16.99,D1_ProductLabel
Men,5.7,D1_ProductLabel
Men,9.99,D1_ProductLabel
Men,9.49,D1_ProductLabel
Men,5.7,D1_ProductLabel
Women,23.76,D1_ProductLabel
Women,41.99,D1_ProductLabel
Men,7.6,D1_ProductLabel
Men,4.56,D1_ProductLabel
Men,13.59,D1_ProductLabel
Men,7.6,D1_ProductLabel
Men,4.56,D1_ProductLabel
Men,4.8,D1_ProductLabel
Men,4.56,D1_ProductLabel
Men,15.99,D1_ProductLabel
Men,13.59,D1_ProductLabel
Men,44.79,D1_ProductLabel
Men,15.99,D1_ProductLabel
Women,4.08,D1_ProductLabel
Women,4.8,D1_ProductLabel
Women,9.6,D1_ProductLabel
Women,7.6,D1_ProductLabel
Women,7.6,D1_ProductLabel
Men,6.8,D1_ProductLabel
Men,4.56,D1_ProductLabel
Women,4.08,D1_ProductLabel
Women,4.08,D1_ProductLabel
Men,4.56,D1_ProductLabel
Men,8.0,D1_ProductLabel
Women,4.8,D1_ProductLabel
Men,8.0,D1_ProductLabel
Women,9.6,D1_ProductLabel
Men,13.59,D1_ProductLabel
Men,4.56,D1_ProductLabel
Men,8.8,D1_ProductLabel
Men,4.56,D1_ProductLabel
Men,4.56,D1_ProductLabel
Men,13.59,D1_ProductLabel
Women,4.08,D1_ProductLabel
Women,4.56,D1_ProductLabel
Women,4.8,D1_ProductLabel
Women,4.8,D1_ProductLabel
Women,4.56,D1_ProductLabel
Women,5.28,D1_ProductLabel
Women,7.6,D1_ProductLabel
Women,4.8,D1_ProductLabel
Women,4.8,D1_ProductLabel
Men,39.19,D1_ProductLabel
Men,10.63,D1_ProductLabel
Men,8.0,D1_ProductLabel
Men,6.0,D1_ProductLabel
Men,6.0,D1_ProductLabel
Women,8.49,D1_ProductLabel
Women,6.0,D1_ProductLabel
Women,5.7,D1_ProductLabel
Men,16.99,D1_ProductLabel
Men,15.99,D1_ProductLabel
Men,9.49,D1_ProductLabel
Men,6.0,D1_ProductLabel
Men,60.0,D1_ProductLabel
Men,6.0,D1_ProductLabel
Men,9.99,D1_ProductLabel
Men,6.0,D1_ProductLabel
Women,4.8,D1_ProductLabel
Women,5.7,D1_ProductLabel
Women,5.7,D1_ProductLabel
Women,32.49,D1_ProductLabel
Men,16.99,D1_ProductLabel
Men,7.6,D1_ProductLabel
Men,6.0,D1_ProductLabel
Men,6.0,D1_ProductLabel
Men,48.0,D1_ProductLabel
Men,41.99,D1_ProductLabel
Women,59.99,D1_ProductLabel
Men,15.99,D1_ProductLabel
Women,5.1,D1_ProductLabel
Men,7.6,D1_ProductLabel
Men,13.2,D1_ProductLabel
Men,4.56,D1_ProductLabel
Women,4.56,D1_ProductLabel
Women,7.6,D1_ProductLabel
Women,23.76,D1_ProductLabel
Men,15.19,D1_ProductLabel
Men,15.99,D1_ProductLabel
Women,9.6,D1_ProductLabel
Men,15.19,D1_ProductLabel
Women,4.08,D1_ProductLabel
Men,29.11,D1_ProductLabel
Men,44.79,D1_ProductLabel
Men,28.0,D1_ProductLabel
Women,42.0,D1_ProductLabel
Men,30.0,D1_ProductLabel
Men,5.7,D1_ProductLabel
Men,11.0,D1_ProductLabel
Men,13.59,D1_ProductLabel
Men,26.4,D1_ProductLabel
Women,22.8,D1_ProductLabel
Men,13.59,D1_ProductLabel
Men,29.11,D1_ProductLabel
Men,13.59,D1_ProductLabel
Men,13.59,D1_ProductLabel
Men,13.59,D1_ProductLabel
Women,41.99,D1_ProductLabel
Women,5.1,D1_ProductLabel
Women,5.1,D1_ProductLabel
Women,6.0,D1_ProductLabel
Women,8.49,D1_ProductLabel
Women,9.49,D1_ProductLabel
Women,12.0,D1_ProductLabel
Men,4.8,D1_ProductLabel
Men,13.2,D1_ProductLabel
Women,15.19,D1_ProductLabel
Women,13.59,D1_ProductLabel
Men,44.79,D1_ProductLabel
Men,13.59,D1_ProductLabel
Men,5.7,D1_ProductLabel
Men,5.7,D1_ProductLabel
Men,5.7,D1_ProductLabel
Men,55.99,D1_ProductLabel
Men,15.19,D1_ProductLabel
Men,10.63,D1_ProductLabel
Men,4.8,D1_ProductLabel
Men,8.8,D1_ProductLabel
Men,15.19,D1_ProductLabel
Women,15.19,D1_ProductLabel
Men,13.59,D1_ProductLabel
Men,4.56,D1_ProductLabel
Men,4.56,D1_ProductLabel
Women,9.6,D1_ProductLabel
Men,8.8,D1_ProductLabel
Men,26.4,D1_ProductLabel
Women,42.0,D1_ProductLabel
Women,4.08,D1_ProductLabel
Women,23.76,D1_ProductLabel
Men,4.56,D1_ProductLabel
Men,4.56,D1_ProductLabel
Men,4.56,D1_ProductLabel
Women,4.08,D1_ProductLabel
Women,4.08,D1_ProductLabel
Men,29.11,D1_ProductLabel
Women,4.56,D1_ProductLabel
Women,4.8,D1_ProductLabel
Women,5.1,D1_ProductLabel
Women,5.1,D1_ProductLabel
Women,6.0,D1_ProductLabel
Women,12.0,D1_ProductLabel
Women,6.0,D1_ProductLabel
Men,13.59,D1_ProductLabel
Men,28.0,D1_ProductLabel
Women,13.59,D1_ProductLabel
Men,29.11,D1_ProductLabel
Men,13.59,D1_ProductLabel
Men,13.59,D1_ProductLabel
Men,44.79,D1_ProductLabel
Men,29.11,D1_ProductLabel
Men,13.59,D1_ProductLabel
Men,10.63,D1_ProductLabel
Men,13.59,D1_ProductLabel
Men,13.59,D1_ProductLabel
Men,16.5,D1_ProductLabel
Men,16.99,D1_ProductLabel
Men,39.19,D1_ProductLabel
Men,5.7,D1_ProductLabel
Men,5.7,D1_ProductLabel
Women,5.1,D1_ProductLabel
Women,8.49,D1_ProductLabel
Men,9.99,D1_ProductLabel
Men,5.7,D1_ProductLabel
Men,13.2,D1_ProductLabel
Men,4.56,D1_ProductLabel
Men,13.59,D1_ProductLabel
Men,41.99,D1_ProductLabel
Women,13.59,D1_ProductLabel
Women,13.59,D1_ProductLabel
Women,4.8,D1_ProductLabel
Women,4.8,D1_ProductLabel
Men,13.59,D1_ProductLabel
Women,4.08,D1_ProductLabel
Men,37.2,D1_ProductLabel
Men,28.0,D1_ProductLabel
Men,5.7,D1_ProductLabel
Men,6.0,D1_ProductLabel
Men,5.7,D1_ProductLabel
Men,4.56,D1_ProductLabel
Men,4.8,D1_ProductLabel
Men,4.56,D1_ProductLabel
Men,4.56,D1_ProductLabel
Women,4.8,D1_ProductLabel
Women,5.28,D1_ProductLabel
Women,4.8,D1_ProductLabel
Women,13.92,D1_ProductLabel
Men,7.6,D1_ProductLabel
Women,4.56,D1_ProductLabel
Men,15.99,D1_ProductLabel
Men,7.6,D1_ProductLabel
Men,13.59,D1_ProductLabel
Men,44.79,D1_ProductLabel
Women,42.0,D1_ProductLabel
Women,30.0,D1_ProductLabel
Men,7.6,D1_ProductLabel
Men,15.99,D1_ProductLabel
Men,15.99,D1_ProductLabel
Men,13.59,D1_ProductLabel
Men,13.59,D1_ProductLabel
Men,13.59,D1_ProductLabel
Men,29.11,D1_ProductLabel
Men,15.19,D1_ProductLabel
Men,15.99,D1_ProductLabel
Men,44.79,D1_ProductLabel
Men,10.63,D1_ProductLabel
Women,44.0,D1_ProductLabel
Men,18.99,D1_ProductLabel
Men,5.7,D1_ProductLabel
Men,5.7,D1_ProductLabel
Women,52.49,D1_ProductLabel
Women,9.6,D1_ProductLabel
Women,9.6,D1_ProductLabel
Men,15.99,D1_ProductLabel
Men,15.99,D1_ProductLabel
Women,13.59,D1_ProductLabel
Women,7.6,D1_ProductLabel
Men,4.56,D1_ProductLabel
Men,8.0,D1_ProductLabel
Men,4.56,D1_ProductLabel
Women,7.6,D1_ProductLabel
Men,15.99,D1_ProductLabel
Men,10.63,D1_ProductLabel
Men,15.99,D1_ProductLabel
Men,28.0,D1_ProductLabel
Women,22.8,D1_ProductLabel
Men,6.0,D1_ProductLabel
Men,11.0,D1_ProductLabel
Men,5.7,D1_ProductLabel
Women,6.0,D1_ProductLabel
Women,6.0,D1_ProductLabel
Women,6.0,D1_ProductLabel
Men,7.6,D1_ProductLabel
Men,15.19,D1_ProductLabel
Men,13.59,D1_ProductLabel
Men,4.56,D1_ProductLabel
Men,5.7,D1_ProductLabel
Men,15.99,D1_ProductLabel
Women,4.08,D1_ProductLabel
Women,4.56,D1_ProductLabel
Men,9.49,D1_ProductLabel
Men,9.49,D1_ProductLabel
Men,13.29,D1_ProductLabel
Men,13.29,D1_ProductLabel
Men,16.99,D1_ProductLabel
Men,16.99,D1_ProductLabel
Women,5.7,D1_ProductLabel
Women,4.08,D1_ProductLabel
Women,7.6,D1_ProductLabel
Men,7.6,D1_ProductLabel
Men,28.0,D1_ProductLabel
Women,13.59,D1_ProductLabel
Women,13.59,D1_ProductLabel
Women,26.0,D1_ProductLabel
Men,8.0,D1_ProductLabel
Women,4.08,D1_ProductLabel
Men,15.99,D1_ProductLabel
Men,26.4,D1_ProductLabel
Women,52.49,D1_ProductLabel
Women,52.49,D1_ProductLabel
Women,16.99,D1_ProductLabel
Men,9.99,D1_ProductLabel
Men,39.19,D1_ProductLabel
Men,15.99,D1_ProductLabel
Men,10.63,D1_ProductLabel
Men,28.0,D1_ProductLabel
Men,7.6,D1_ProductLabel
Men,15.99,D1_ProductLabel
Men,8.0,D1_ProductLabel
Men,7.6,D1_ProductLabel
Men,7.6,D1_ProductLabel
Men,4.56,D1_ProductLabel
Men,4.56,D1_ProductLabel
Men,4.56,D1_ProductLabel
Men,4.56,D1_ProductLabel
Women,4.08,D1_ProductLabel
Women,4.8,D1_ProductLabel
Women,4.8,D1_ProductLabel
Women,4.8,D1_ProductLabel
Women,4.8,D1_ProductLabel
Women,6.8,D1_ProductLabel
Women,4.8,D1_ProductLabel
Women,4.8,D1_ProductLabel
Women,4.8,D1_ProductLabel
Women,4.8,D1_ProductLabel
Women,7.6,D1_ProductLabel
Women,22.8,D1_ProductLabel
Men,9.99,D1_ProductLabel
Women,5.1,D1_ProductLabel
Men,8.0,D1_ProductLabel
Women,7.6,D1_ProductLabel
Men,8.0,D1_ProductLabel
Men,15.99,D1_ProductLabel
Men,13.59,D1_ProductLabel
Men,13.59,D1_ProductLabel
Men,4.56,D1_ProductLabel
Women,4.56,D1_ProductLabel
Women,4.08,D1_ProductLabel
Women,5.7,D1_ProductLabel
Women,5.7,D1_ProductLabel
Women,15.19,D1_ProductLabel
Women,7.6,D1_ProductLabel
Men,15.99,D1_ProductLabel
Men,4.56,D1_ProductLabel
Men,37.2,D1_ProductLabel
Men,13.59,D1_ProductLabel
Men,39.19,D1_ProductLabel
Men,37.2,D1_ProductLabel
Men,15.99,D1_ProductLabel
Women,4.56,D1_ProductLabel
Men,13.59,D1_ProductLabel
Women,4.08,D1_ProductLabel
Women,4.56,D1_ProductLabel
Men,13.59,D1_ProductLabel
Men,15.99,D1_ProductLabel
Men,15.19,D1_ProductLabel
Men,4.56,D1_ProductLabel
Women,7.6,D1_ProductLabel
Women,4.8,D1_ProductLabel
Men,13.59,D1_ProductLabel
Women,4.08,D1_ProductLabel
Men,8.0,D1_ProductLabel
Men,4.56,D1_ProductLabel
Men,15.99,D1_ProductLabel
Men,15.99,D1_ProductLabel
Men,31.35,D1_ProductLabel
Men,7.6,D1_ProductLabel
Men,13.59,D1_ProductLabel
Women,4.08,D1_ProductLabel
Women,4.08,D1_ProductLabel
Women,4.56,D1_ProductLabel
Women,5.1,D1_ProductLabel
Women,6.6,D1_ProductLabel
Women,6.0,D1_ProductLabel
Women,5.7,D1_ProductLabel
Women,12.0,D1_ProductLabel
Men,9.99,D1_ProductLabel
Men,19.99,D1_ProductLabel
Women,4.56,D1_ProductLabel
Women,4.56,D1_ProductLabel
Men,29.11,D1_ProductLabel
Men,5.7,D1_ProductLabel
Men,9.99,D1_ProductLabel
Women,4.08,D1_ProductLabel
Women,4.08,D1_ProductLabel
Women,4.56,D1_ProductLabel
Women,7.6,D1_ProductLabel
Women,4.8,D1_ProductLabel
Men,44.79,D1_ProductLabel
Men,15.99,D1_ProductLabel
Women,15.19,D1_ProductLabel
Men,13.59,D1_ProductLabel
Men,15.19,D1_ProductLabel
Women,15.19,D1_ProductLabel
Men,10.63,D1_ProductLabel
Men,15.19,D1_ProductLabel
Men,19.99,D1_ProductLabel
Women,12.0,D1_ProductLabel
Women,6.0,D1_ProductLabel
Men,30.0,D1_ProductLabel
Women,4.08,D1_ProductLabel
Women,4.56,D1_ProductLabel
Women,4.8,D1_ProductLabel
Women,44.0,D1_ProductLabel
Women,13.92,D1_ProductLabel
Men,9.49,D1_ProductLabel
Men,16.99,D1_ProductLabel
Men,16.99,D1_ProductLabel
Men,13.29,D1_ProductLabel
Men,4.56,D1_ProductLabel
Men,8.0,D1_ProductLabel
Men,4.8,D1_ProductLabel
Men,4.8,D1_ProductLabel
Women,4.56,D1_ProductLabel
Women,4.56,D1_ProductLabel
Men,4.56,D1_ProductLabel
Men,4.56,D1_ProductLabel
Men,10.63,D1_ProductLabel
Men,8.0,D1_ProductLabel
Men,4.8,D1_ProductLabel
Men,4.56,D1_ProductLabel
Men,5.7,D1_ProductLabel
Women,4.56,D1_ProductLabel
Men,15.99,D1_ProductLabel
Men,5.7,D1_ProductLabel
Women,5.7,D1_ProductLabel
Women,6.0,D1_ProductLabel
Men,16.99,D1_ProductLabel
Men,15.99,D1_ProductLabel
Men,15.99,D1_ProductLabel
Men,13.59,D1_ProductLabel
Men,4.56,D1_ProductLabel
Men,13.59,D1_ProductLabel
Men,8.8,D1_ProductLabel
Men,4.8,D1_ProductLabel
Women,4.08,D1_ProductLabel
Women,4.08,D1_ProductLabel
Women,9.6,D1_ProductLabel
Women,7.6,D1_ProductLabel
Women,5.7,D1_ProductLabel
Men,13.59,D1_ProductLabel
Women,7.6,D1_ProductLabel
Men,8.0,D1_ProductLabel
Men,8.8,D1_ProductLabel
Women,4.8,D1_ProductLabel
Women,4.8,D1_ProductLabel
Men,13.59,D1_ProductLabel
Women,15.19,D1_ProductLabel
Women,5.7,D1_ProductLabel
Women,22.8,D1_ProductLabel
Men,4.56,D1_ProductLabel
Women,9.6,D1_ProductLabel
Women,4.8,D1_ProductLabel
Men,19.99,D1_ProductLabel
Men,16.99,D1_ProductLabel
Men,5.7,D1_ProductLabel
Men,16.99,D1_ProductLabel
Women,16.99,D1_ProductLabel
Men,18.99,D1_ProductLabel
Men,5.7,D1_ProductLabel
Men,5.7,D1_ProductLabel
Men,5.7,D1_ProductLabel
Men,27.99,D1_ProductLabel
Women,26.0,D1_ProductLabel
Men,13.59,D1_ProductLabel
Men,13.59,D1_ProductLabel
Women,42.0,D1_ProductLabel
Men,15.99,D1_ProductLabel
Men,13.59,D1_ProductLabel
Men,13.59,D1_ProductLabel
Men,8.8,D1_ProductLabel
Men,27.99,D1_ProductLabel
Men,13.59,D1_ProductLabel
Women,4.08,D1_ProductLabel
Women,4.08,D1_ProductLabel
Women,13.59,D1_ProductLabel
Women,4.56,D1_ProductLabel
Women,4.8,D1_ProductLabel
Women,4.8,D1_ProductLabel
Women,7.6,D1_ProductLabel
Men,55.99,D1_ProductLabel
Men,55.0,D1_ProductLabel
Men,13.59,D1_ProductLabel
Men,13.59,D1_ProductLabel
Men,52.49,D1_ProductLabel
Women,4.56,D1_ProductLabel
Men,13.29,D1_ProductLabel
Men,8.4,D1_ProductLabel
Men,7.6,D1_ProductLabel
Men,6.0,D1_ProductLabel
Men,15.99,D1_ProductLabel
Men,6.8,D1_ProductLabel
Women,67.19,D1_ProductLabel
Men,8.0,D1_ProductLabel
Men,13.59,D1_ProductLabel
Men,13.59,D1_ProductLabel
Men,13.59,D1_ProductLabel
Men,44.79,D1_ProductLabel
Men,15.99,D1_ProductLabel
Women,5.1,D1_ProductLabel
Women,18.99,D1_ProductLabel
Men,44.79,D1_ProductLabel
Men,13.59,D1_ProductLabel
Women,67.19,D1_ProductLabel
Women,13.29,D1_ProductLabel
Women,32.49,D1_ProductLabel
Men,55.99,D1_ProductLabel
Men,15.99,D1_ProductLabel
Men,48.0,D1_ProductLabel
Women,26.0,D1_ProductLabel
Men,55.0,D1_ProductLabel
Women,5.1,D1_ProductLabel
Women,5.7,D1_ProductLabel
Men,15.19,D1_ProductLabel
Men,31.35,D1_ProductLabel
Men,6.0,D1_ProductLabel
Men,16.99,D1_ProductLabel
Men,55.0,D1_ProductLabel
Women,6.0,D1_ProductLabel
Men,8.4,D1_ProductLabel
Men,6.0,D1_ProductLabel
Women,5.7,D1_ProductLabel
Men,10.63,D1_ProductLabel
Women,5.7,D1_ProductLabel
Women,6.0,D1_ProductLabel
Women,22.0,D1_ProductLabel
Women,26.0,D1_ProductLabel
Women,15.19,D1_ProductLabel
Women,10.63,D1_ProductLabel
Men,8.4,D1_ProductLabel
Women,4.8,D1_ProductLabel
Men,8.4,D1_ProductLabel
Women,4.8,D1_ProductLabel
Men,16.99,D1_ProductLabel
Women,5.1,D1_ProductLabel
Men,44.0,D1_ProductLabel
Women,26.0,D1_ProductLabel
Women,5.7,D1_ProductLabel
Women,10.63,D1_ProductLabel
Men,7.6,D1_ProductLabel
Women,4.08,D1_ProductLabel
Women,4.56,D1_ProductLabel
Women,4.56,D1_ProductLabel
Women,6.8,D1_ProductLabel
Men,6.8,D1_ProductLabel
Women,4.56,D1_ProductLabel
Women,6.0,D1_ProductLabel
Women,6.0,D1_ProductLabel
Women,37.49,D1_ProductLabel
Men,31.35,D1_ProductLabel
Men,31.35,D1_ProductLabel
Men,10.63,D1_ProductLabel
Men,8.0,D1_ProductLabel
Men,4.8,D1_ProductLabel
Men,13.59,D1_ProductLabel
Men,15.99,D1_ProductLabel
Men,13.29,D1_ProductLabel
Men,13.59,D1_ProductLabel
Men,13.59,D1_ProductLabel
Men,13.59,D1_ProductLabel
Men,13.59,D1_ProductLabel
Men,13.59,D1_ProductLabel
Women,13.59,D1_ProductLabel
Women,13.59,D1_ProductLabel
Women,4.8,D1_ProductLabel
Men,9.49,D1_ProductLabel
Men,55.0,D1_ProductLabel
Men,55.99,D1_ProductLabel
Women,4.56,D1_ProductLabel
Women,42.0,D1_ProductLabel
Men,16.99,D1_ProductLabel
Men,16.99,D1_ProductLabel
Men,8.0,D1_ProductLabel
Men,13.59,D1_ProductLabel
Men,7.6,D1_ProductLabel
Men,48.0,D1_ProductLabel
Men,44.0,D1_ProductLabel
Men,5.7,D1_ProductLabel
Men,16.5,D1_ProductLabel
Men,5.7,D1_ProductLabel
Men,7.6,D1_ProductLabel
Men,15.19,D1_ProductLabel
Men,13.59,D1_ProductLabel
Men,4.56,D1_ProductLabel
Men,4.56,D1_ProductLabel
Women,5.1,D1_ProductLabel
Women,16.99,D1_ProductLabel
Men,5.7,D1_ProductLabel
Men,5.7,D1_ProductLabel
Men,5.7,D1_ProductLabel
Women,13.59,D1_ProductLabel
Men,44.79,D1_ProductLabel
Men,44.79,D1_ProductLabel
Men,10.63,D1_ProductLabel
Men,13.59,D1_ProductLabel
Men,15.99,D1_ProductLabel
Men,7.6,D1_ProductLabel
Women,13.59,D1_ProductLabel
Women,13.59,D1_ProductLabel
Women,4.56,D1_ProductLabel
Men,44.79,D1_ProductLabel
Men,16.99,D1_ProductLabel
Men,16.99,D1_ProductLabel
Men,16.99,D1_ProductLabel
Men,10.63,D1_ProductLabel
Men,8.8,D1_ProductLabel
Men,15.99,D1_ProductLabel
Men,4.56,D1_ProductLabel
Men,4.8,D1_ProductLabel
Women,4.08,D1_ProductLabel
Men,16.99,D1_ProductLabel
Men,37.2,D1_ProductLabel
Men,48.0,D1_ProductLabel
Men,13.59,D1_ProductLabel
Men,7.6,D1_ProductLabel
Men,15.19,D1_ProductLabel
Men,15.19,D1_ProductLabel
Men,13.59,D1_ProductLabel
Men,30.0,D1_ProductLabel
Men,5.7,D1_ProductLabel
Men,44.79,D1_ProductLabel
Women,26.0,D1_ProductLabel
Women,5.7,D1_ProductLabel
Women,13.59,D1_ProductLabel
Men,5.7,D1_ProductLabel
Men,6.0,D1_ProductLabel
Men,15.19,D1_ProductLabel
Women,9.6,D1_ProductLabel
Women,4.8,D1_ProductLabel
Men,5.7,D1_ProductLabel
Men,4.56,D1_ProductLabel
Women,31.35,D1_ProductLabel
Men,15.19,D1_ProductLabel
Men,4.56,D1_ProductLabel
Men,4.56,D1_ProductLabel
Women,4.56,D1_ProductLabel
Women,4.8,D1_ProductLabel
Women,8.8,D1_ProductLabel
Women,6.8,D1_ProductLabel
Women,9.6,D1_ProductLabel
Men,13.59,D1_ProductLabel
Men,13.59,D1_ProductLabel
Men,44.0,D1_ProductLabel
Men,9.99,D1_ProductLabel
Men,16.99,D1_ProductLabel
Men,33.0,D1_ProductLabel
Men,4.56,D1_ProductLabel
Women,5.1,D1_ProductLabel
Women,6.0,D1_ProductLabel
Women,4.56,D1_ProductLabel
Men,13.59,D1_ProductLabel
Men,9.49,D1_ProductLabel
Men,19.99,D1_ProductLabel
Men,9.99,D1_ProductLabel
Men,19.99,D1_ProductLabel
Men,5.7,D1_ProductLabel
Men,29.11,D1_ProductLabel
Men,4.56,D1_ProductLabel
Men,8.0,D1_ProductLabel
Men,8.8,D1_ProductLabel
Women,4.08,D1_ProductLabel
Women,4.08,D1_ProductLabel
Women,9.6,D1_ProductLabel
Women,4.8,D1_ProductLabel
Women,9.49,D1_ProductLabel
Men,13.59,D1_ProductLabel
Men,13.59,D1_ProductLabel
Women,13.59,D1_ProductLabel
Women,41.99,D1_ProductLabel
Men,13.59,D1_ProductLabel
Women,44.0,D1_ProductLabel
Men,16.99,D1_ProductLabel
Women,8.49,D1_ProductLabel
Men,11.0,D1_ProductLabel
Men,10.63,D1_ProductLabel
Women,59.99,D1_ProductLabel
Men,44.79,D1_ProductLabel
Men,5.7,D1_ProductLabel
Men,5.7,D1_ProductLabel
Women,9.49,D1_ProductLabel
Men,7.6,D1_ProductLabel
Men,8.8,D1_ProductLabel
Men,15.19,D1_ProductLabel
Men,13.59,D1_ProductLabel
Women,15.19,D1_ProductLabel
Women,16.99,D1_ProductLabel
Men,15.99,D1_ProductLabel
Men,4.56,D1_ProductLabel
Men,10.63,D1_ProductLabel
Men,10.63,D1_ProductLabel
Men,4.56,D1_ProductLabel
Men,29.11,D1_ProductLabel
Men,13.29,D1_ProductLabel
Women,67.19,D1_ProductLabel
Women,9.49,D1_ProductLabel
Men,13.59,D1_ProductLabel
Men,15.19,D1_ProductLabel
Men,13.59,D1_ProductLabel
Men,4.56,D1_ProductLabel
Men,44.79,D1_ProductLabel
Men,4.56,D1_ProductLabel
Men,4.56,D1_ProductLabel
Women,4.56,D1_ProductLabel
Women,23.76,D1_ProductLabel
Men,29.11,D1_ProductLabel
Women,67.19,D1_ProductLabel
Women,41.99,D1_ProductLabel
Men,7.6,D1_ProductLabel
Men,4.56,D1_ProductLabel
Men,13.29,D1_ProductLabel
Men,16.99,D1_ProductLabel
Men,7.6,D1_ProductLabel
Men,8.8,D1_ProductLabel
Men,4.56,D1_ProductLabel
Men,28.0,D1_ProductLabel
Women,23.76,D1_ProductLabel
Women,23.76,D1_ProductLabel
Men,16.99,D1_ProductLabel
Men,4.8,D1_ProductLabel
Men,7.6,D1_ProductLabel
Men,15.99,D1_ProductLabel
Men,4.56,D1_ProductLabel
Men,4.56,D1_ProductLabel
Men,4.56,D1_ProductLabel
Men,4.56,D1_ProductLabel
Men,15.39,D1_ProductLabel
Women,18.99,D1_ProductLabel
Men,18.99,D1_ProductLabel
Women,9.6,D1_ProductLabel
Men,7.6,D1_ProductLabel
Men,13.2,D1_ProductLabel
Men,16.99,D1_ProductLabel
Women,7.6,D1_ProductLabel
Men,44.79,D1_ProductLabel
Men,37.49,D1_ProductLabel
Men,18.99,D1_ProductLabel
Men,16.99,D1_ProductLabel
Men,18.99,D1_ProductLabel
Men,7.6,D1_ProductLabel
Men,13.2,D1_ProductLabel
Women,15.19,D1_ProductLabel
Men,13.59,D1_ProductLabel
Women,4.08,D1_ProductLabel
Women,4.56,D1_ProductLabel
Women,4.8,D1_ProductLabel
Men,15.39,D1_ProductLabel
Men,16.99,D1_ProductLabel
Men,16.99,D1_ProductLabel
Men,7.6,D1_ProductLabel
Men,10.63,D1_ProductLabel
Women,4.08,D1_ProductLabel
Women,4.8,D1_ProductLabel
Men,8.0,D1_ProductLabel
Men,37.2,D1_ProductLabel
Men,28.0,D1_ProductLabel
Men,16.99,D1_ProductLabel
Men,18.99,D1_ProductLabel
Men,15.99,D1_ProductLabel
Men,15.99,D1_ProductLabel
Women,9.6,D1_ProductLabel
Women,7.6,D1_ProductLabel
Men,44.79,D1_ProductLabel
Men,13.59,D1_ProductLabel
Men,7.6,D1_ProductLabel
Men,13.59,D1_ProductLabel
Men,4.56,D1_ProductLabel
Men,4.56,D1_ProductLabel
Women,26.0,D1_ProductLabel
Men,30.0,D1_ProductLabel
Men,16.99,D1_ProductLabel
Women,5.1,D1_ProductLabel
Women,5.1,D1_ProductLabel
Women,5.7,D1_ProductLabel
Women,6.0,D1_ProductLabel
Women,6.0,D1_ProductLabel
Women,5.7,D1_ProductLabel
Women,12.0,D1_ProductLabel
Women,11.0,D1_ProductLabel
Women,9.49,D1_ProductLabel
Women,6.0,D1_ProductLabel
Men,31.35,D1_ProductLabel
Men,4.8,D1_ProductLabel
Men,8.0,D1_ProductLabel
Men,31.35,D1_ProductLabel
Men,7.6,D1_ProductLabel
Men,4.56,D1_ProductLabel
Men,9.99,D1_ProductLabel
Men,7.6,D1_ProductLabel
Men,4.8,D1_ProductLabel
Women,4.08,D1_ProductLabel
Men,44.79,D1_ProductLabel
Men,15.99,D1_ProductLabel
Men,39.19,D1_ProductLabel
Men,8.0,D1_ProductLabel
Men,7.6,D1_ProductLabel
Men,28.0,D1_ProductLabel
Women,7.6,D1_ProductLabel
Women,42.0,D1_ProductLabel
Men,16.99,D1_ProductLabel
Men,16.99,D1_ProductLabel
Women,18.99,D1_ProductLabel
Women,4.56,D1_ProductLabel
Women,4.8,D1_ProductLabel
Women,7.6,D1_ProductLabel
Men,4.56,D1_ProductLabel
Men,10.63,D1_ProductLabel
Men,15.99,D1_ProductLabel
Women,4.8,D1_ProductLabel
Women,5.7,D1_ProductLabel
Women,9.49,D1_ProductLabel
Men,4.56,D1_ProductLabel
Men,4.56,D1_ProductLabel
Men,8.0,D1_ProductLabel
Men,4.56,D1_ProductLabel
Men,7.6,D1_ProductLabel
Men,4.56,D1_ProductLabel
Men,37.2,D1_ProductLabel
Men,46.5,D1_ProductLabel
Men,19.99,D1_ProductLabel
Men,9.49,D1_ProductLabel
Men,9.99,D1_ProductLabel
Men,4.8,D1_ProductLabel
Men,4.56,D1_ProductLabel
Men,16.99,D1_ProductLabel
Women,5.1,D1_ProductLabel
Women,9.49,D1_ProductLabel
Men,16.99,D1_ProductLabel
Men,16.99,D1_ProductLabel
Women,44.0,D1_ProductLabel
Men,44.79,D1_ProductLabel
Men,16.99,D1_ProductLabel
Men,13.59,D1_ProductLabel
Women,4.08,D1_ProductLabel
Women,13.59,D1_ProductLabel
Women,6.8,D1_ProductLabel
Men,4.56,D1_ProductLabel
Men,8.0,D1_ProductLabel
Men,10.63,D1_ProductLabel
Men,8.8,D1_ProductLabel
Men,13.59,D1_ProductLabel
Men,4.56,D1_ProductLabel
Women,13.92,D1_ProductLabel
Men,13.59,D1_ProductLabel
Men,13.59,D1_ProductLabel
Men,13.59,D1_ProductLabel
Men,15.19,D1_ProductLabel
Men,15.19,D1_ProductLabel
Men,15.19,D1_ProductLabel
Men,16.99,D1_ProductLabel
Men,12.31,D1_ProductLabel
Men,44.79,D1_ProductLabel
Women,7.6,D1_ProductLabel
Men,16.99,D1_ProductLabel
Women,37.49,D1_ProductLabel
Women,18.99,D1_ProductLabel
Women,13.59,D1_ProductLabel
Men,48.0,D1_ProductLabel
Women,16.99,D1_ProductLabel
Men,7.6,D1_ProductLabel
Men,13.59,D1_ProductLabel
Men,5.7,D1_ProductLabel
Women,16.99,D1_ProductLabel
Men,4.56,D1_ProductLabel
Women,4.08,D1_ProductLabel
Women,4.08,D1_ProductLabel
Women,4.8,D1_ProductLabel
Men,4.56,D1_ProductLabel
Men,28.0,D1_ProductLabel
Men,31.35,D1_ProductLabel
Women,4.56,D1_ProductLabel
Women,4.56,D1_ProductLabel
Men,4.56,D1_ProductLabel
Men,13.59,D1_ProductLabel
Men,44.0,D1_ProductLabel
Men,8.0,D1_ProductLabel
Women,15.19,D1_ProductLabel
Women,67.19,D1_ProductLabel
Women,4.56,D1_ProductLabel
Women,9.6,D1_ProductLabel
Men,19.99,D1_ProductLabel
Men,6.8,D1_ProductLabel
Men,4.56,D1_ProductLabel
Men,4.56,D1_ProductLabel
Men,4.56,D1_ProductLabel
Women,4.08,D1_ProductLabel
Women,4.08,D1_ProductLabel
Men,8.0,D1_ProductLabel
Men,16.5,D1_ProductLabel
Men,16.99,D1_ProductLabel
Men,7.6,D1_ProductLabel
Women,4.8,D1_ProductLabel
Women,31.35,D1_ProductLabel
Men,10.63,D1_ProductLabel
Men,4.8,D1_ProductLabel
Men,7.6,D1_ProductLabel
Men,10.63,D1_ProductLabel
Men,10.63,D1_ProductLabel
Men,34.99,D1_ProductLabel
Men,13.59,D1_ProductLabel
Men,13.59,D1_ProductLabel
Men,19.99,D1_ProductLabel
Men,8.0,D1_ProductLabel
Men,10.63,D1_ProductLabel
Men,44.79,D1_ProductLabel
Men,41.99,D1_ProductLabel
Women,59.99,D1_ProductLabel
Men,16.99,D1_ProductLabel
Men,13.59,D1_ProductLabel
Men,13.59,D1_ProductLabel
Men,13.59,D1_ProductLabel
Men,13.59,D1_ProductLabel
Women,13.59,D1_ProductLabel
Women,13.59,D1_ProductLabel
Women,13.59,D1_ProductLabel
Women,37.2,D1_ProductLabel
Women,37.2,D1_ProductLabel
Women,37.2,D1_ProductLabel
Women,26.0,D1_ProductLabel
Women,26.0,D1_ProductLabel
Men,13.29,D1_ProductLabel
Women,5.7,D1_ProductLabel
Women,8.49,D1_ProductLabel
Men,13.59,D1_ProductLabel
Men,13.59,D1_ProductLabel
Men,13.59,D1_ProductLabel
Men,13.59,D1_ProductLabel
Men,10.63,D1_ProductLabel
Men,13.59,D1_ProductLabel
Men,13.59,D1_ProductLabel
Men,28.0,D1_ProductLabel
Men,13.59,D1_ProductLabel
Men,30.0,D1_ProductLabel
Men,44.0,D1_ProductLabel
Men,8.8,D1_ProductLabel
Women,4.56,D1_ProductLabel
Women,4.8,D1_ProductLabel
Women,18.99,D1_ProductLabel
Women,5.7,D1_ProductLabel
Men,48.0,D1_ProductLabel
Men,15.99,D1_ProductLabel
Men,9.99,D1_ProductLabel
Men,8.0,D1_ProductLabel
Men,4.8,D1_ProductLabel
Men,13.59,D1_ProductLabel
Men,13.59,D1_ProductLabel
Women,4.56,D1_ProductLabel
Men,16.5,D1_ProductLabel
Men,4.8,D1_ProductLabel
Women,4.08,D1_ProductLabel
Women,4.56,D1_ProductLabel
Women,4.8,D1_ProductLabel
Men,44.79,D1_ProductLabel
Men,6.0,D1_ProductLabel
Men,41.99,D1_ProductLabel
Men,9.99,D1_ProductLabel
Women,37.49,D1_ProductLabel
Men,8.0,D1_ProductLabel
Women,4.08,D1_ProductLabel
Women,4.8,D1_ProductLabel
Women,4.8,D1_ProductLabel
Men,16.99,D1_ProductLabel
Women,23.76,D1_ProductLabel
Men,13.59,D1_ProductLabel
Women,4.56,D1_ProductLabel
Men,44.79,D1_ProductLabel
Men,9.49,D1_ProductLabel
Men,55.99,D1_ProductLabel
Men,16.99,D1_ProductLabel
Women,5.1,D1_ProductLabel
Women,5.1,D1_ProductLabel
Men,13.59,D1_ProductLabel
Men,13.29,D1_ProductLabel
Women,6.0,D1_ProductLabel
Men,15.99,D1_ProductLabel
Men,8.0,D1_ProductLabel
Men,4.8,D1_ProductLabel
Men,4.8,D1_ProductLabel
Men,13.29,D1_ProductLabel
Men,6.0,D1_ProductLabel
Men,4.56,D1_ProductLabel
Men,4.56,D1_ProductLabel
Men,4.56,D1_ProductLabel
Women,4.8,D1_ProductLabel
Women,4.8,D1_ProductLabel
Men,8.8,D1_ProductLabel
Men,4.56,D1_ProductLabel
Men,28.0,D1_ProductLabel
Women,42.0,D1_ProductLabel
Men,37.2,D1_ProductLabel
Men,44.0,D1_ProductLabel
Women,37.2,D1_ProductLabel
Women,41.99,D1_ProductLabel
Men,15.19,D1_ProductLabel
Women,26.0,D1_ProductLabel
Men,4.56,D1_ProductLabel
Women,4.08,D1_ProductLabel
Women,4.08,D1_ProductLabel
Women,59.99,D1_ProductLabel
Men,13.59,D1_ProductLabel
Men,29.11,D1_ProductLabel
Women,44.79,D1_ProductLabel
Men,7.6,D1_ProductLabel
Men,13.59,D1_ProductLabel
Men,30.0,D1_ProductLabel
Women,13.59,D1_ProductLabel
Women,41.99,D1_ProductLabel
Men,15.99,D1_ProductLabel
Men,39.19,D1_ProductLabel
Men,16.99,D1_ProductLabel
Men,18.99,D1_ProductLabel
Men,60.0,D1_ProductLabel
Men,13.59,D1_ProductLabel
Women,4.08,D1_ProductLabel
Men,44.79,D1_ProductLabel
Men,29.11,D1_ProductLabel
Women,9.6,D1_ProductLabel
Women,13.92,D1_ProductLabel
Men,4.56,D1_ProductLabel
Men,8.0,D1_ProductLabel
Men,5.7,D1_ProductLabel
Men,5.7,D1_ProductLabel
Women,8.49,D1_ProductLabel
Men,16.99,D1_ProductLabel
Women,26.0,D1_ProductLabel
Women,44.0,D1_ProductLabel
Women,7.6,D1_ProductLabel
Men,8.0,D1_ProductLabel
Men,13.59,D1_ProductLabel
Men,4.56,D1_ProductLabel
Men,30.0,D1_ProductLabel
Women,44.79,D1_ProductLabel
Men,4.56,D1_ProductLabel
Women,4.08,D1_ProductLabel
Women,4.56,D1_ProductLabel
Men,4.8,D1_ProductLabel
Men,4.56,D1_ProductLabel
Women,4.08,D1_ProductLabel
Women,4.56,D1_ProductLabel
Men,8.0,D1_ProductLabel
Men,44.79,D1_ProductLabel
Men,8.4,D1_ProductLabel
Men,9.99,D1_ProductLabel
Men,36.39,D1_ProductLabel
Men,7.6,D1_ProductLabel
Men,4.8,D1_ProductLabel
Women,4.08,D1_ProductLabel
Women,4.56,D1_ProductLabel
Women,4.8,D1_ProductLabel
Women,4.56,D1_ProductLabel
Women,7.6,D1_ProductLabel
Women,23.76,D1_ProductLabel
Women,4.08,D1_ProductLabel
Men,44.79,D1_ProductLabel
Women,5.1,D1_ProductLabel
Women,9.49,D1_ProductLabel
Women,12.0,D1_ProductLabel
Women,18.99,D1_ProductLabel
Men,8.0,D1_ProductLabel
Men,8.0,D1_ProductLabel
Men,13.2,D1_ProductLabel
Men,55.99,D1_ProductLabel
Women,37.2,D1_ProductLabel
Women,67.19,D1_ProductLabel
Men,4.8,D1_ProductLabel
Men,9.99,D1_ProductLabel
Women,16.99,D1_ProductLabel
Men,7.6,D1_ProductLabel
Men,4.56,D1_ProductLabel
Women,4.08,D1_ProductLabel
Women,4.56,D1_ProductLabel
Men,9.49,D1_ProductLabel
Men,8.8,D1_ProductLabel
Women,42.0,D1_ProductLabel
Men,13.59,D1_ProductLabel
Men,15.19,D1_ProductLabel
Men,44.79,D1_ProductLabel
Men,8.0,D1_ProductLabel
Women,4.08,D1_ProductLabel
Women,6.8,D1_ProductLabel
Men,4.56,D1_ProductLabel
Men,4.56,D1_ProductLabel
Men,4.56,D1_ProductLabel
Men,39.19,D1_ProductLabel
Women,16.99,D1_ProductLabel
Women,5.1,D1_ProductLabel
Women,5.7,D1_ProductLabel
Women,12.0,D1_ProductLabel
Women,9.49,D1_ProductLabel
Women,5.7,D1_ProductLabel
Men,16.5,D1_ProductLabel
Men,16.99,D1_ProductLabel
Men,4.8,D1_ProductLabel
Men,8.8,D1_ProductLabel
Men,4.56,D1_ProductLabel
Women,4.08,D1_ProductLabel
Women,4.8,D1_ProductLabel
Men,16.99,D1_ProductLabel
Men,7.6,D1_ProductLabel
Men,4.56,D1_ProductLabel
Men,30.0,D1_ProductLabel
Men,5.7,D1_ProductLabel
Men,44.79,D1_ProductLabel
Men,13.59,D1_ProductLabel
Men,13.59,D1_ProductLabel
Men,4.56,D1_ProductLabel
Men,5.7,D1_ProductLabel
Men,15.19,D1_ProductLabel
Men,16.99,D1_ProductLabel
Men,18.99,D1_ProductLabel
Men,16.99,D1_ProductLabel
Men,5.7,D1_ProductLabel
Men,55.99,D1_ProductLabel
Men,7.6,D1_ProductLabel
Men,8.8,D1_ProductLabel
Men,13.59,D1_ProductLabel
Men,4.56,D1_ProductLabel
Men,13.59,D1_ProductLabel
Men,13.59,D1_ProductLabel
Men,13.59,D1_ProductLabel
Men,15.19,D1_ProductLabel
Women,15.19,D1_ProductLabel
Women,7.6,D1_ProductLabel
Men,5.7,D1_ProductLabel
Men,5.7,D1_ProductLabel
Women,17.4,D1_ProductLabel
Women,17.4,D1_ProductLabel
Women,17.4,D1_ProductLabel
Women,17.4,D1_ProductLabel
Men,37.2,D1_ProductLabel
Women,4.56,D1_ProductLabel
Women,4.8,D1_ProductLabel
Women,22.8,D1_ProductLabel
Men,8.0,D1_ProductLabel
Men,4.8,D1_ProductLabel
Men,4.56,D1_ProductLabel
Women,4.56,D1_ProductLabel
Women,30.0,D1_ProductLabel
Men,15.99,D1_ProductLabel
Men,8.0,D1_ProductLabel
Men,44.79,D1_ProductLabel
Men,29.11,D1_ProductLabel
Men,29.11,D1_ProductLabel
Men,10.63,D1_ProductLabel
Men,15.99,D1_ProductLabel
Women,15.19,D1_ProductLabel
Women,41.99,D1_ProductLabel
Men,8.8,D1_ProductLabel
Women,4.08,D1_ProductLabel
Women,4.08,D1_ProductLabel
Men,13.59,D1_ProductLabel
Men,13.59,D1_ProductLabel
Men,13.59,D1_ProductLabel
Men,13.59,D1_ProductLabel
Men,7.6,D1_ProductLabel
Men,4.56,D1_ProductLabel
Men,13.59,D1_ProductLabel
Men,4.56,D1_ProductLabel
Men,9.99,D1_ProductLabel
Men,13.59,D1_ProductLabel
Women,16.99,D1_ProductLabel
Men,16.99,D1_ProductLabel
Men,15.99,D1_ProductLabel
Men,10.63,D1_ProductLabel
Women,7.6,D1_ProductLabel
Men,34.99,D1_ProductLabel
Men,33.0,D1_ProductLabel
Men,55.99,D1_ProductLabel
Men,55.99,D1_ProductLabel
Men,15.99,D1_ProductLabel
Men,13.59,D1_ProductLabel
Men,5.7,D1_ProductLabel
Men,5.7,D1_ProductLabel
Men,6.0,D1_ProductLabel
Men,15.19,D1_ProductLabel
Women,15.19,D1_ProductLabel
Men,5.7,D1_ProductLabel
Men,5.7,D1_ProductLabel
Women,5.7,D1_ProductLabel
Women,9.49,D1_ProductLabel
Women,4.8,D1_ProductLabel
Men,13.59,D1_ProductLabel
Women,4.08,D1_ProductLabel
Women,4.56,D1_ProductLabel
Women,4.8,D1_ProductLabel
Women,42.0,D1_ProductLabel
Women,23.76,D1_ProductLabel
Men,4.56,D1_ProductLabel
Women,4.08,D1_ProductLabel
Women,7.6,D1_ProductLabel
Men,18.99,D1_ProductLabel
Men,15.19,D1_ProductLabel
Men,15.19,D1_ProductLabel
Men,8.0,D1_ProductLabel
Men,8.0,D1_ProductLabel
Men,8.0,D1_ProductLabel
Women,13.59,D1_ProductLabel
Men,16.99,D1_ProductLabel
Men,8.8,D1_ProductLabel
Women,4.8,D1_ProductLabel
Men,7.6,D1_ProductLabel
Men,15.99,D1_ProductLabel
Men,4.56,D1_ProductLabel
Men,4.56,D1_ProductLabel
Men,4.56,D1_ProductLabel
Men,4.56,D1_ProductLabel
Women,4.8,D1_ProductLabel
Women,4.8,D1_ProductLabel
Men,46.5,D1_ProductLabel
Men,33.0,D1_ProductLabel
Women,41.99,D1_ProductLabel
Men,15.99,D1_ProductLabel
Men,16.99,D1_ProductLabel
Men,39.19,D1_ProductLabel
Men,10.63,D1_ProductLabel
Men,44.79,D1_ProductLabel
Men,13.59,D1_ProductLabel
Men,8.0,D1_ProductLabel
Men,26.4,D1_ProductLabel
Men,4.56,D1_ProductLabel
Men,29.11,D1_ProductLabel
Women,7.6,D1_ProductLabel
Men,16.99,D1_ProductLabel
Men,16.99,D1_ProductLabel
Men,9.49,D1_ProductLabel
Men,13.29,D1_ProductLabel
Men,16.99,D1_ProductLabel
Men,16.99,D1_ProductLabel
Men,16.99,D1_ProductLabel
Women,16.99,D1_ProductLabel
Women,16.99,D1_ProductLabel
Women,6.0,D1_ProductLabel
Men,30.0,D1_ProductLabel
Women,13.59,D1_ProductLabel
Women,41.99,D1_ProductLabel
Men,16.99,D1_ProductLabel
Men,11.89,D1_ProductLabel
Men,44.79,D1_ProductLabel
Men,31.35,D1_ProductLabel
Women,52.5,D1_ProductLabel
Men,39.19,D1_ProductLabel
Women,4.8,D1_ProductLabel
Women,4.8,D1_ProductLabel
Women,59.99,D1_ProductLabel
Men,39.19,D1_ProductLabel
Women,18.99,D1_ProductLabel
Men,9.49,D1_ProductLabel
Men,5.7,D1_ProductLabel
Men,19.99,D1_ProductLabel
Men,4.56,D1_ProductLabel
Men,4.8,D1_ProductLabel
Men,8.0,D1_ProductLabel
Women,13.92,D1_ProductLabel
Men,9.99,D1_ProductLabel
Men,37.49,D1_ProductLabel
Women,4.56,D1_ProductLabel
Men,4.56,D1_ProductLabel
Men,7.6,D1_ProductLabel
Women,26.0,D1_ProductLabel
Men,7.6,D1_ProductLabel
Men,15.99,D1_ProductLabel
Women,15.19,D1_ProductLabel
Men,15.99,D1_ProductLabel
Men,15.99,D1_ProductLabel
Men,13.59,D1_ProductLabel
Men,4.56,D1_ProductLabel
Men,4.56,D1_ProductLabel
Men,15.99,D1_ProductLabel
Men,44.79,D1_ProductLabel
Men,30.0,D1_ProductLabel
Women,4.8,D1_ProductLabel
Women,9.6,D1_ProductLabel
Men,13.59,D1_ProductLabel
Men,44.0,D1_ProductLabel
Men,79.19,D1_ProductLabel
Women,41.99,D1_ProductLabel
Women,42.0,D1_ProductLabel
Men,7.6,D1_ProductLabel
Men,26.4,D1_ProductLabel
Women,7.6,D1_ProductLabel
Women,67.19,D1_ProductLabel
Men,13.59,D1_ProductLabel
Women,4.08,D1_ProductLabel
Men,4.56,D1_ProductLabel
Men,7.6,D1_ProductLabel
Women,6.8,D1_ProductLabel
Women,23.76,D1_ProductLabel
Men,19.99,D1_ProductLabel
Men,5.7,D1_ProductLabel
Men,5.7,D1_ProductLabel
Men,8.0,D1_ProductLabel
Men,4.8,D1_ProductLabel
Men,13.2,D1_ProductLabel
Women,4.56,D1_ProductLabel
Men,9.99,D1_ProductLabel
Men,5.7,D1_ProductLabel
Men,7.6,D1_ProductLabel
Men,16.99,D1_ProductLabel
Men,30.0,D1_ProductLabel
Men,15.99,D1_ProductLabel
Women,15.19,D1_ProductLabel
Men,13.29,D1_ProductLabel
Women,9.49,D1_ProductLabel
Men,4.56,D1_ProductLabel
Men,4.56,D1_ProductLabel
Men,4.56,D1_ProductLabel
Men,15.99,D1_ProductLabel
Men,15.99,D1_ProductLabel
Men,30.0,D1_ProductLabel
Women,7.6,D1_ProductLabel
Women,7.6,D1_ProductLabel
Women,26.0,D1_ProductLabel
Women,41.99,D1_ProductLabel
Men,31.35,D1_ProductLabel
Women,5.1,D1_ProductLabel
Men,7.6,D1_ProductLabel
Men,13.59,D1_ProductLabel
Women,13.59,D1_ProductLabel
Women,4.8,D1_ProductLabel
Women,9.6,D1_ProductLabel
Women,15.19,D1_ProductLabel
Women,6.8,D1_ProductLabel
Women,41.99,D1_ProductLabel
Women,44.0,D1_ProductLabel
Women,18.99,D1_ProductLabel
Men,44.0,D1_ProductLabel
Men,44.79,D1_ProductLabel
Women,42.0,D1_ProductLabel
Men,16.99,D1_ProductLabel
Women,16.99,D1_ProductLabel
Men,4.8,D1_ProductLabel
Women,42.0,D1_ProductLabel
Men,31.35,D1_ProductLabel
Men,31.35,D1_ProductLabel
Men,4.8,D1_ProductLabel
Men,4.8,D1_ProductLabel
Men,4.8,D1_ProductLabel
Women,4.8,D1_ProductLabel
Women,4.8,D1_ProductLabel
Women,46.5,D1_ProductLabel
Men,12.31,D1_ProductLabel
Men,10.63,D1_ProductLabel
Men,4.8,D1_ProductLabel
Men,13.2,D1_ProductLabel
Men,13.59,D1_ProductLabel
Women,13.59,D1_ProductLabel
Women,13.59,D1_ProductLabel
Women,13.59,D1_ProductLabel
Women,6.8,D1_ProductLabel
Men,13.29,D1_ProductLabel
Women,6.0,D1_ProductLabel
Men,13.2,D1_ProductLabel
Women,26.0,D1_ProductLabel
Men,6.0,D1_ProductLabel
Men,19.99,D1_ProductLabel
Women,6.0,D1_ProductLabel
Men,4.8,D1_ProductLabel
Men,34.99,D1_ProductLabel
Men,55.0,D1_ProductLabel
Men,18.99,D1_ProductLabel
Men,10.63,D1_ProductLabel
Men,13.59,D1_ProductLabel
Men,7.6,D1_ProductLabel
Men,7.6,D1_ProductLabel
Men,13.59,D1_ProductLabel
Women,4.08,D1_ProductLabel
Women,4.08,D1_ProductLabel
Women,4.08,D1_ProductLabel
Women,6.8,D1_ProductLabel
Men,13.59,D1_ProductLabel
Women,4.08,D1_ProductLabel
Women,22.0,D1_ProductLabel
Men,13.59,D1_ProductLabel
Men,13.59,D1_ProductLabel
Women,13.59,D1_ProductLabel
Men,8.8,D1_ProductLabel
Women,4.56,D1_ProductLabel
Men,44.0,D1_ProductLabel
Men,31.35,D1_ProductLabel
Men,12.31,D1_ProductLabel
Men,13.2,D1_ProductLabel
Men,8.8,D1_ProductLabel
Men,16.99,D1_ProductLabel
Men,19.99,D1_ProductLabel
Men,9.99,D1_ProductLabel
Men,16.99,D1_ProductLabel
Men,6.0,D1_ProductLabel
Men,6.0,D1_ProductLabel
Women,5.7,D1_ProductLabel
Women,5.7,D1_ProductLabel
Women,6.0,D1_ProductLabel
Women,6.0,D1_ProductLabel
Women,6.0,D1_ProductLabel
Men,8.0,D1_ProductLabel
Men,31.35,D1_ProductLabel
Women,26.0,D1_ProductLabel
Men,44.79,D1_ProductLabel
Women,22.0,D1_ProductLabel
Women,13.59,D1_ProductLabel
Women,13.59,D1_ProductLabel
Women,22.8,D1_ProductLabel
Men,31.35,D1_ProductLabel
Men,13.59,D1_ProductLabel
Men,13.59,D1_ProductLabel
Men,13.59,D1_ProductLabel
Men,13.59,D1_ProductLabel
Men,4.8,D1_ProductLabel
Men,4.8,D1_ProductLabel
Men,15.99,D1_ProductLabel
Women,6.8,D1_ProductLabel
Men,16.99,D1_ProductLabel
Men,55.99,D1_ProductLabel
Men,16.99,D1_ProductLabel
Men,9.99,D1_ProductLabel
Men,9.49,D1_ProductLabel
Men,16.5,D1_ProductLabel
Women,5.7,D1_ProductLabel
Women,4.56,D1_ProductLabel
Men,6.0,D1_ProductLabel
Women,6.0,D1_ProductLabel
Men,11.0,D1_ProductLabel
Women,6.0,D1_ProductLabel
Men,9.49,D1_ProductLabel
Men,16.99,D1_ProductLabel
Men,9.49,D1_ProductLabel
Men,16.99,D1_ProductLabel
Men,7.6,D1_ProductLabel
Men,13.59,D1_ProductLabel
Men,13.59,D1_ProductLabel
Men,31.35,D1_ProductLabel
Men,13.2,D1_ProductLabel
Men,8.8,D1_ProductLabel
Men,15.39,D1_ProductLabel
Men,15.39,D1_ProductLabel
Men,6.0,D1_ProductLabel
Men,16.99,D1_ProductLabel
Men,8.0,D1_ProductLabel
Men,4.8,D1_ProductLabel
Women,4.08,D1_ProductLabel
Women,4.08,D1_ProductLabel
Women,4.56,D1_ProductLabel
Men,8.0,D1_ProductLabel
Men,8.0,D1_ProductLabel
Men,9.49,D1_ProductLabel
Men,55.0,D1_ProductLabel
Men,15.19,D1_ProductLabel
Men,15.19,D1_ProductLabel
Men,15.19,D1_ProductLabel
Men,4.8,D1_ProductLabel
Men,8.0,D1_ProductLabel
Men,4.8,D1_ProductLabel
Women,4.08,D1_ProductLabel
Women,4.8,D1_ProductLabel
Women,15.19,D1_ProductLabel
Men,13.2,D1_ProductLabel
Men,9.49,D1_ProductLabel
Women,4.08,D1_ProductLabel
Women,4.8,D1_ProductLabel
Women,15.19,D1_ProductLabel
Men,13.59,D1_ProductLabel
Women,4.8,D1_ProductLabel
Women,4.8,D1_ProductLabel
Men,31.35,D1_ProductLabel
Women,41.99,D1_ProductLabel
Women,44.0,D1_ProductLabel
Men,8.0,D1_ProductLabel
Men,8.8,D1_ProductLabel
Women,13.59,D1_ProductLabel
Men,9.99,D1_ProductLabel
Men,15.99,D1_ProductLabel
Men,15.99,D1_ProductLabel
Men,9.99,D1_ProductLabel
Men,9.99,D1_ProductLabel
Women,7.6,D1_ProductLabel
Men,13.59,D1_ProductLabel
Men,13.59,D1_ProductLabel
Men,13.59,D1_ProductLabel
Women,4.8,D1_ProductLabel
Women,4.56,D1_ProductLabel
Women,5.7,D1_ProductLabel
Women,12.0,D1_ProductLabel
Women,4.56,D1_ProductLabel
Women,4.8,D1_ProductLabel
Women,9.6,D1_ProductLabel
Men,5.7,D1_ProductLabel
Men,4.56,D1_ProductLabel
Men,8.0,D1_ProductLabel
Men,15.99,D1_ProductLabel
Men,6.0,D1_ProductLabel
Men,5.7,D1_ProductLabel
Women,6.0,D1_ProductLabel
Women,6.0,D1_ProductLabel
Men,16.99,D1_ProductLabel
Men,15.19,D1_ProductLabel
Men,5.7,D1_ProductLabel
Men,5.7,D1_ProductLabel
Men,6.0,D1_ProductLabel
Men,5.7,D1_ProductLabel
Men,5.7,D1_ProductLabel
Women,5.1,D1_ProductLabel
Women,5.1,D1_ProductLabel
Women,5.1,D1_ProductLabel
Women,5.1,D1_ProductLabel
Women,5.1,D1_ProductLabel
Women,5.1,D1_ProductLabel
Women,5.7,D1_ProductLabel
Women,6.0,D1_ProductLabel
Women,5.7,D1_ProductLabel
Women,5.7,D1_ProductLabel
Women,5.7,D1_ProductLabel
Men,16.99,D1_ProductLabel
Men,16.99,D1_ProductLabel
Men,16.99,D1_ProductLabel
Men,9.99,D1_ProductLabel
Women,5.7,D1_ProductLabel
Women,8.49,D1_ProductLabel
Women,9.49,D1_ProductLabel
Men,59.99,D1_ProductLabel
Women,15.19,D1_ProductLabel
Women,15.19,D1_ProductLabel
Men,15.99,D1_ProductLabel
Women,28.5,D1_ProductLabel
Women,4.56,D1_ProductLabel
Men,44.0,D1_ProductLabel
Men,9.49,D1_ProductLabel
Men,9.49,D1_ProductLabel
Men,6.0,D1_ProductLabel
Men,6.0,D1_ProductLabel
Men,6.0,D1_ProductLabel
Men,11.0,D1_ProductLabel
Men,11.0,D1_ProductLabel
Men,11.0,D1_ProductLabel
Women,5.1,D1_ProductLabel
Women,5.1,D1_ProductLabel
Women,5.1,D1_ProductLabel
Women,4.08,D1_ProductLabel
Women,4.56,D1_ProductLabel
Women,4.56,D1_ProductLabel
Women,4.56,D1_ProductLabel
Men,9.49,D1_ProductLabel
Men,13.29,D1_ProductLabel
Men,11.0,D1_ProductLabel
Men,4.8,D1_ProductLabel
Women,4.8,D1_ProductLabel
Men,15.99,D1_ProductLabel
Men,9.99,D1_ProductLabel
Men,52.49,D1_ProductLabel
Men,4.8,D1_ProductLabel
Women,4.8,D1_ProductLabel
Women,9.6,D1_ProductLabel
Men,13.2,D1_ProductLabel
Women,15.19,D1_ProductLabel
Women,4.56,D1_ProductLabel
Women,9.6,D1_ProductLabel
Men,13.2,D1_ProductLabel
Men,44.79,D1_ProductLabel
Men,13.2,D1_ProductLabel
Men,7.6,D1_ProductLabel
Men,8.8,D1_ProductLabel
Men,41.99,D1_ProductLabel
Women,4.56,D1_ProductLabel
Women,4.8,D1_ProductLabel
Men,13.59,D1_ProductLabel
Men,13.59,D1_ProductLabel
Women,13.59,D1_ProductLabel
Women,18.99,D1_ProductLabel
Women,41.99,D1_ProductLabel
Men,16.99,D1_ProductLabel
Men,16.5,D1_ProductLabel
Men,60.0,D1_ProductLabel
Women,8.49,D1_ProductLabel
Women,5.7,D1_ProductLabel
Men,13.59,D1_ProductLabel
Women,4.56,D1_ProductLabel
Women,42.0,D1_ProductLabel
Men,4.8,D1_ProductLabel
Men,44.79,D1_ProductLabel
Women,4.56,D1_ProductLabel
Men,16.99,D1_ProductLabel
Men,16.99,D1_ProductLabel
Men,13.59,D1_ProductLabel
Men,8.0,D1_ProductLabel
Women,41.99,D1_ProductLabel
Women,4.08,D1_ProductLabel
Women,6.8,D1_ProductLabel
Men,44.0,D1_ProductLabel
Women,4.08,D1_ProductLabel
Women,52.5,D1_ProductLabel
Women,15.19,D1_ProductLabel
Men,7.6,D1_ProductLabel
Men,13.59,D1_ProductLabel
Men,30.0,D1_ProductLabel
Women,13.59,D1_ProductLabel
Women,41.99,D1_ProductLabel
Men,30.0,D1_ProductLabel
Women,4.56,D1_ProductLabel
Women,13.59,D1_ProductLabel
Women,15.19,D1_ProductLabel
Women,5.7,D1_ProductLabel
Women,5.7,D1_ProductLabel
Women,5.7,D1_ProductLabel
Men,16.99,D1_ProductLabel
Women,5.7,D1_ProductLabel
Men,5.7,D1_ProductLabel
Men,13.29,D1_ProductLabel
Men,16.99,D1_ProductLabel
Men,5.7,D1_ProductLabel
Women,6.0,D1_ProductLabel
Women,6.0,D1_ProductLabel
Men,16.99,D1_ProductLabel
Men,46.5,D1_ProductLabel
Men,19.99,D1_ProductLabel
Men,4.56,D1_ProductLabel
Men,18.99,D1_ProductLabel
Men,55.99,D1_ProductLabel
Men,19.99,D1_ProductLabel
Men,16.99,D1_ProductLabel
Men,16.99,D1_ProductLabel
Women,42.0,D1_ProductLabel
Women,30.0,D1_ProductLabel
Men,5.7,D1_ProductLabel
Men,6.0,D1_ProductLabel
Men,9.99,D1_ProductLabel
Men,8.0,D1_ProductLabel
Men,4.56,D1_ProductLabel
Men,37.2,D1_ProductLabel
Men,15.99,D1_ProductLabel
Women,4.8,D1_ProductLabel
Men,7.6,D1_ProductLabel
Men,4.56,D1_ProductLabel
Men,4.8,D1_ProductLabel
Men,4.56,D1_ProductLabel
Men,4.56,D1_ProductLabel
Men,4.56,D1_ProductLabel
Women,7.6,D1_ProductLabel
Men,5.7,D1_ProductLabel
Men,5.7,D1_ProductLabel
Men,5.7,D1_ProductLabel
Men,5.7,D1_ProductLabel
Women,5.1,D1_ProductLabel
Women,5.1,D1_ProductLabel
Men,4.56,D1_ProductLabel
Men,5.7,D1_ProductLabel
Men,9.99,D1_ProductLabel
Men,6.0,D1_ProductLabel
Men,9.99,D1_ProductLabel
Men,15.39,D1_ProductLabel
Men,4.56,D1_ProductLabel
Women,4.8,D1_ProductLabel
Men,5.7,D1_ProductLabel
Men,9.99,D1_ProductLabel
Men,5.7,D1_ProductLabel
Men,5.7,D1_ProductLabel
Men,29.11,D1_ProductLabel
Women,4.56,D1_ProductLabel
Women,7.6,D1_ProductLabel
Men,9.49,D1_ProductLabel
Men,15.99,D1_ProductLabel
Women,23.76,D1_ProductLabel
Men,9.99,D1_ProductLabel
Men,13.29,D1_ProductLabel
Men,13.59,D1_ProductLabel
Women,5.7,D1_ProductLabel
Women,9.49,D1_ProductLabel
Women,6.0,D1_ProductLabel
Women,32.49,D1_ProductLabel
Men,5.7,D1_ProductLabel
Men,5.7,D1_ProductLabel
Men,8.0,D1_ProductLabel
Women,15.19,D1_ProductLabel
Men,13.59,D1_ProductLabel
Men,19.99,D1_ProductLabel
Men,18.99,D1_ProductLabel
Men,19.99,D1_ProductLabel
Men,13.29,D1_ProductLabel
Men,13.29,D1_ProductLabel
Women,30.0,D1_ProductLabel
Men,4.56,D1_ProductLabel
Men,8.8,D1_ProductLabel
Men,4.56,D1_ProductLabel
Men,13.59,D1_ProductLabel
Women,4.56,D1_ProductLabel
Women,4.8,D1_ProductLabel
Women,6.8,D1_ProductLabel
Women,42.0,D1_ProductLabel
Women,7.6,D1_ProductLabel
Men,8.8,D1_ProductLabel
Men,28.0,D1_ProductLabel
Men,26.4,D1_ProductLabel
Women,26.0,D1_ProductLabel
Men,16.99,D1_ProductLabel
Men,5.7,D1_ProductLabel
Men,26.4,D1_ProductLabel
Men,8.8,D1_ProductLabel
Women,9.6,D1_ProductLabel
Women,8.8,D1_ProductLabel
Men,5.7,D1_ProductLabel
Men,5.7,D1_ProductLabel
Men,5.7,D1_ProductLabel
Men,5.7,D1_ProductLabel
Women,6.6,D1_ProductLabel
Women,6.6,D1_ProductLabel
Men,44.79,D1_ProductLabel
Men,4.56,D1_ProductLabel
Women,4.8,D1_ProductLabel
Women,4.56,D1_ProductLabel
Women,7.6,D1_ProductLabel
Women,4.8,D1_ProductLabel
Men,4.56,D1_ProductLabel
Men,76.99,D1_ProductLabel
Men,16.99,D1_ProductLabel
Men,16.99,D1_ProductLabel
Men,16.99,D1_ProductLabel
Men,16.99,D1_ProductLabel
Men,16.99,D1_ProductLabel
Men,16.99,D1_ProductLabel
Men,16.99,D1_ProductLabel
Men,16.99,D1_ProductLabel
Men,67.19,D1_ProductLabel
Men,41.99,D1_ProductLabel
Women,59.99,D1_ProductLabel
Men,21.99,D1_ProductLabel
Men,44.79,D1_ProductLabel
Men,19.99,D1_ProductLabel
Men,76.99,D1_ProductLabel
Men,18.99,D1_ProductLabel
Men,18.99,D1_ProductLabel
Men,18.99,D1_ProductLabel
Men,16.99,D1_ProductLabel
Men,52.07,D1_ProductLabel
Women,19.99,D1_ProductLabel
Women,65.09,D1_ProductLabel
Men,15.99,D1_ProductLabel
Men,15.99,D1_ProductLabel
Women,74.99,D1_ProductLabel
Women,67.19,D1_ProductLabel
Men,15.99,D1_ProductLabel
Men,44.79,D1_ProductLabel
Women,55.99,D1_ProductLabel
Men,44.79,D1_ProductLabel
Men,69.29,D1_ProductLabel
Men,34.99,D1_ProductLabel
Men,59.99,D1_ProductLabel
Men,65.09,D1_ProductLabel
Men,76.99,D1_ProductLabel
Men,34.99,D1_ProductLabel
Men,18.99,D1_ProductLabel
Men,18.99,D1_ProductLabel
Men,18.99,D1_ProductLabel
Men,49.99,D1_ProductLabel
Men,34.99,D1_ProductLabel
Women,16.99,D1_ProductLabel
Men,19.99,D1_ProductLabel
Men,19.99,D1_ProductLabel
Men,16.99,D1_ProductLabel
Men,18.99,D1_ProductLabel
Men,13.59,D1_ProductLabel
Women,13.59,D1_ProductLabel
Women,18.99,D1_ProductLabel
Men,13.59,D1_ProductLabel
Men,15.99,D1_ProductLabel
Men,13.59,D1_ProductLabel
Men,13.59,D1_ProductLabel
Men,13.59,D1_ProductLabel
Women,44.79,D1_ProductLabel
Men,55.99,D1_ProductLabel
Men,21.99,D1_ProductLabel
Men,52.07,D1_ProductLabel
Men,15.99,D1_ProductLabel
Men,19.99,D1_ProductLabel
Men,19.99,D1_ProductLabel
Men,19.99,D1_ProductLabel
Men,49.99,D1_ProductLabel
Women,16.99,D1_ProductLabel
Women,18.99,D1_ProductLabel
Women,23.99,D1_ProductLabel
Women,18.99,D1_ProductLabel
Women,65.09,D1_ProductLabel
Women,57.99,D1_ProductLabel
Men,18.99,D1_ProductLabel
Men,18.99,D1_ProductLabel
Men,55.99,D1_ProductLabel
Women,79.19,D1_ProductLabel
Women,44.79,D1_ProductLabel
Men,15.19,D1_ProductLabel
Women,15.19,D1_ProductLabel
Men,19.99,D1_ProductLabel
Men,18.99,D1_ProductLabel
Men,21.99,D1_ProductLabel
Men,17.59,D1_ProductLabel
Men,17.59,D1_ProductLabel
Men,41.99,D1_ProductLabel
Men,16.99,D1_ProductLabel
Men,34.99,D1_ProductLabel
Men,76.99,D1_ProductLabel
Men,55.99,D1_ProductLabel
Men,18.99,D1_ProductLabel
Men,18.99,D1_ProductLabel
Men,16.99,D1_ProductLabel
Men,16.99,D1_ProductLabel
Men,55.99,D1_ProductLabel
Men,76.99,D1_ProductLabel
Men,13.59,D1_ProductLabel
Men,44.79,D1_ProductLabel
Women,55.99,D1_ProductLabel
Men,15.19,D1_ProductLabel
Men,13.59,D1_ProductLabel
Women,13.59,D1_ProductLabel
Men,16.99,D1_ProductLabel
Women,13.59,D1_ProductLabel
Men,19.99,D1_ProductLabel
Men,16.99,D1_ProductLabel
Women,18.99,D1_ProductLabel
Women,44.79,D1_ProductLabel
Men,16.99,D1_ProductLabel
Women,16.99,D1_ProductLabel
Women,16.99,D1_ProductLabel
Women,18.99,D1_ProductLabel
Men,18.99,D1_ProductLabel
Men,16.99,D1_ProductLabel
Men,15.19,D1_ProductLabel
Men,15.99,D1_ProductLabel
Men,17.59,D1_ProductLabel
Women,59.99,D1_ProductLabel
Men,59.99,D1_ProductLabel
Men,44.79,D1_ProductLabel
Men,92.99,D1_ProductLabel
Men,55.99,D1_ProductLabel
Men,55.99,D1_ProductLabel
Women,18.99,D1_ProductLabel
Women,23.99,D1_ProductLabel
Women,55.99,D1_ProductLabel
Men,59.99,D1_ProductLabel
Women,44.79,D1_ProductLabel
Men,13.59,D1_ProductLabel
Men,18.99,D1_ProductLabel
Men,95.99,D1_ProductLabel
Women,15.19,D1_ProductLabel
Women,19.19,D1_ProductLabel
Men,13.59,D1_ProductLabel
Men,16.99,D1_ProductLabel
Men,15.99,D1_ProductLabel
Men,16.99,D1_ProductLabel
Men,76.99,D1_ProductLabel
Men,13.59,D1_ProductLabel
Men,15.19,D1_ProductLabel
Men,13.59,D1_ProductLabel
Men,17.59,D1_ProductLabel
Men,44.79,D1_ProductLabel
Men,41.59,D1_ProductLabel
Men,16.99,D1_ProductLabel
Men,18.99,D1_ProductLabel
Men,18.99,D1_ProductLabel
Men,18.99,D1_ProductLabel
Men,55.99,D1_ProductLabel
Men,55.99,D1_ProductLabel
Men,16.99,D1_ProductLabel
Men,16.99,D1_ProductLabel
Men,51.99,D1_ProductLabel
Men,18.99,D1_ProductLabel
Men,18.99,D1_ProductLabel
Women,19.19,D1_ProductLabel
Men,19.99,D1_ProductLabel
Men,19.99,D1_ProductLabel
Men,19.99,D1_ProductLabel
Men,19.99,D1_ProductLabel
Men,51.99,D1_ProductLabel
Men,16.99,D1_ProductLabel
Men,16.99,D1_ProductLabel
Men,16.99,D1_ProductLabel
Men,16.99,D1_ProductLabel
Men,16.99,D1_ProductLabel
Men,16.99,D1_ProductLabel
Men,16.99,D1_ProductLabel
Men,16.99,D1_ProductLabel
Men,16.99,D1_ProductLabel
Men,16.99,D1_ProductLabel
Men,18.99,D1_ProductLabel
Men,18.99,D1_ProductLabel
Men,18.99,D1_ProductLabel
Men,18.99,D1_ProductLabel
Men,34.99,D1_ProductLabel
Men,34.99,D1_ProductLabel
Men,34.99,D1_ProductLabel
Men,49.99,D1_ProductLabel
Men,49.99,D1_ProductLabel
Men,18.99,D1_ProductLabel
Men,18.99,D1_ProductLabel
Men,18.99,D1_ProductLabel
Men,18.99,D1_ProductLabel
Men,16.99,D1_ProductLabel
Men,18.99,D1_ProductLabel
Men,18.99,D1_ProductLabel
Men,18.99,D1_ProductLabel
Men,18.99,D1_ProductLabel
Men,18.99,D1_ProductLabel
Men,18.99,D1_ProductLabel
Men,18.99,D1_ProductLabel
Men,34.99,D1_ProductLabel
Men,34.99,D1_ProductLabel
Men,18.99,D1_ProductLabel
Men,18.99,D1_ProductLabel
Men,18.99,D1_ProductLabel
Men,18.99,D1_ProductLabel
Men,19.99,D1_ProductLabel
Men,19.99,D1_ProductLabel
Men,19.99,D1_ProductLabel
Men,19.99,D1_ProductLabel
Men,18.99,D1_ProductLabel
Men,18.99,D1_ProductLabel
Men,18.99,D1_ProductLabel
Men,18.99,D1_ProductLabel
Men,21.99,D1_ProductLabel
Men,21.99,D1_ProductLabel
Men,21.99,D1_ProductLabel
Men,21.99,D1_ProductLabel
Men,21.99,D1_ProductLabel
Men,21.99,D1_ProductLabel
Men,21.99,D1_ProductLabel
Men,16.99,D1_ProductLabel
Men,17.59,D1_ProductLabel
Men,15.19,D1_ProductLabel
Men,18.99,D1_ProductLabel
Men,19.99,D1_ProductLabel
Men,39.19,D1_ProductLabel
Men,44.79,D1_ProductLabel
Men,18.99,D1_ProductLabel
Men,61.59,D1_ProductLabel
Men,79.19,D1_ProductLabel
Men,16.99,D1_ProductLabel
Men,13.59,D1_ProductLabel
Men,13.59,D1_ProductLabel
Women,13.59,D1_ProductLabel
Men,15.99,D1_ProductLabel
Men,15.99,D1_ProductLabel
Men,15.99,D1_ProductLabel
Women,67.19,D1_ProductLabel
Men,15.19,D1_ProductLabel
Men,21.99,D1_ProductLabel
Men,13.59,D1_ProductLabel
Men,13.59,D1_ProductLabel
Men,13.59,D1_ProductLabel
Men,67.19,D1_ProductLabel
Men,39.19,D1_ProductLabel
Men,61.59,D1_ProductLabel
Men,41.99,D1_ProductLabel
Men,61.59,D1_ProductLabel
Men,13.59,D1_ProductLabel
Men,17.59,D1_ProductLabel
Women,17.59,D1_ProductLabel
Men,19.99,D1_ProductLabel
Women,18.99,D1_ProductLabel
Men,13.59,D1_ProductLabel
Men,16.99,D1_ProductLabel
Men,55.99,D1_ProductLabel
Women,15.19,D1_ProductLabel
Men,44.79,D1_ProductLabel
Men,18.99,D1_ProductLabel
Women,52.07,D1_ProductLabel
Women,67.19,D1_ProductLabel
Women,67.19,D1_ProductLabel
Women,18.99,D1_ProductLabel
Men,13.59,D1_ProductLabel
Men,13.59,D1_ProductLabel
Men,65.09,D1_ProductLabel
Men,34.99,D1_ProductLabel
Men,61.59,D1_ProductLabel
Men,13.59,D1_ProductLabel
Men,13.59,D1_ProductLabel
Men,13.59,D1_ProductLabel
Men,13.59,D1_ProductLabel
Women,15.19,D1_ProductLabel
Men,16.99,D1_ProductLabel
Men,15.99,D1_ProductLabel
Men,67.19,D1_ProductLabel
Women,67.19,D1_ProductLabel
Men,15.19,D1_ProductLabel
Men,13.59,D1_ProductLabel
Men,15.19,D1_ProductLabel
Women,15.19,D1_ProductLabel
Men,44.79,D1_ProductLabel
Women,15.19,D1_ProductLabel
Men,16.99,D1_ProductLabel
Men,65.09,D1_ProductLabel
Women,16.99,D1_ProductLabel
Men,13.59,D1_ProductLabel
Men,44.79,D1_ProductLabel
Men,13.59,D1_ProductLabel
Women,13.59,D1_ProductLabel
Men,44.79,D1_ProductLabel
Men,15.99,D1_ProductLabel
Men,15.99,D1_ProductLabel
Men,15.99,D1_ProductLabel
Women,44.79,D1_ProductLabel
Women,44.79,D1_ProductLabel
Men,16.99,D1_ProductLabel
Men,16.99,D1_ProductLabel
Men,16.99,D1_ProductLabel
Women,16.99,D1_ProductLabel
Men,15.99,D1_ProductLabel
Men,15.99,D1_ProductLabel
Men,16.99,D1_ProductLabel
Men,16.99,D1_ProductLabel
Men,79.19,D1_ProductLabel
Men,16.99,D1_ProductLabel
Women,15.19,D1_ProductLabel
Women,15.99,D1_ProductLabel
Women,19.19,D1_ProductLabel
Men,18.99,D1_ProductLabel
Men,39.99,D1_ProductLabel
Men,39.99,D1_ProductLabel
Men,39.99,D1_ProductLabel
Men,39.99,D1_ProductLabel
Men,39.99,D1_ProductLabel
Women,15.19,D1_ProductLabel
Men,59.99,D1_ProductLabel
Men,13.59,D1_ProductLabel
Women,15.99,D1_ProductLabel
Women,16.99,D1_ProductLabel
Women,18.99,D1_ProductLabel
Women,74.99,D1_ProductLabel
Men,59.99,D1_ProductLabel
Men,61.59,D1_ProductLabel
Women,87.99,D1_ProductLabel
Women,19.99,D1_ProductLabel
Women,83.99,D1_ProductLabel
Men,41.99,D1_ProductLabel
Men,15.99,D1_ProductLabel
Men,17.59,D1_ProductLabel
Men,44.79,D1_ProductLabel
Men,61.59,D1_ProductLabel
Men,18.99,D1_ProductLabel
Women,13.59,D1_ProductLabel
Women,17.59,D1_ProductLabel
Women,15.19,D1_ProductLabel
Men,15.99,D1_ProductLabel
Men,15.19,D1_ProductLabel
Men,39.19,D1_ProductLabel
Men,44.79,D1_ProductLabel
Men,17.59,D1_ProductLabel
Men,17.59,D1_ProductLabel
Men,17.59,D1_ProductLabel
Men,17.59,D1_ProductLabel
Men,17.59,D1_ProductLabel
Men,17.59,D1_ProductLabel
Men,19.99,D1_ProductLabel
Men,19.99,D1_ProductLabel
Men,67.19,D1_ProductLabel
Women,59.99,D1_ProductLabel
Men,52.07,D1_ProductLabel
Men,71.99,D1_ProductLabel
Men,15.99,D1_ProductLabel
Men,16.99,D1_ProductLabel
Men,16.99,D1_ProductLabel
Men,18.99,D1_ProductLabel
Women,18.99,D1_ProductLabel
Women,15.19,D1_ProductLabel
Men,13.59,D1_ProductLabel
Men,17.59,D1_ProductLabel
Men,13.59,D1_ProductLabel
Men,18.99,D1_ProductLabel
Men,16.99,D1_ProductLabel
Men,67.19,D1_ProductLabel
Women,44.79,D1_ProductLabel
Men,16.99,D1_ProductLabel
Men,76.99,D1_ProductLabel
Men,59.99,D1_ProductLabel
Men,19.99,D1_ProductLabel
Men,15.19,D1_ProductLabel
Men,13.59,D1_ProductLabel
Men,15.19,D1_ProductLabel
Men,15.19,D1_ProductLabel
Men,13.59,D1_ProductLabel
Men,15.99,D1_ProductLabel
Men,52.07,D1_ProductLabel
Women,44.79,D1_ProductLabel
Women,52.49,D1_ProductLabel
Men,67.19,D1_ProductLabel
Men,59.99,D1_ProductLabel
Men,41.99,D1_ProductLabel
Women,15.19,D1_ProductLabel
Men,13.59,D1_ProductLabel
Men,13.59,D1_ProductLabel
Men,15.19,D1_ProductLabel
Men,15.19,D1_ProductLabel
Women,13.59,D1_ProductLabel
Men,15.19,D1_ProductLabel
Men,44.79,D1_ProductLabel
Men,44.79,D1_ProductLabel
Women,15.19,D1_ProductLabel
Women,15.19,D1_ProductLabel
Women,87.99,D1_ProductLabel
Women,44.79,D1_ProductLabel
Women,16.99,D1_ProductLabel
Men,16.99,D1_ProductLabel
Men,67.19,D1_ProductLabel
Men,41.99,D1_ProductLabel
Women,41.99,D1_ProductLabel
Men,15.99,D1_ProductLabel
Women,36.39,D1_ProductLabel
Men,67.19,D1_ProductLabel
Men,15.19,D1_ProductLabel
Men,59.99,D1_ProductLabel
Men,16.99,D1_ProductLabel
Men,67.19,D1_ProductLabel
Men,55.99,D1_ProductLabel
Men,59.99,D1_ProductLabel
Women,59.99,D1_ProductLabel
Men,59.99,D1_ProductLabel
Women,19.19,D1_ProductLabel
Men,18.99,D1_ProductLabel
Men,19.99,D1_ProductLabel
Women,18.99,D1_ProductLabel
Men,16.99,D1_ProductLabel
Men,65.09,D1_ProductLabel
Women,16.99,D1_ProductLabel
Men,16.99,D1_ProductLabel
Men,65.09,D1_ProductLabel
Men,13.59,D1_ProductLabel
Men,15.19,D1_ProductLabel
Men,44.79,D1_ProductLabel
Men,18.99,D1_ProductLabel
Men,48.99,D1_ProductLabel
Women,16.99,D1_ProductLabel
Men,16.99,D1_ProductLabel
Men,55.99,D1_ProductLabel
Men,13.59,D1_ProductLabel
Women,44.79,D1_ProductLabel
Women,67.19,D1_ProductLabel
Men,67.19,D1_ProductLabel
Men,13.59,D1_ProductLabel
Men,13.59,D1_ProductLabel
Women,18.99,D1_ProductLabel
Men,79.19,D1_ProductLabel
Men,44.79,D1_ProductLabel
Women,44.79,D1_ProductLabel
Men,74.99,D1_ProductLabel
Men,79.19,D1_ProductLabel
Men,55.99,D1_ProductLabel
Men,59.99,D1_ProductLabel
Women,44.79,D1_ProductLabel
Men,41.99,D1_ProductLabel
Men,61.59,D1_ProductLabel
Men,13.59,D1_ProductLabel
Men,87.99,D1_ProductLabel
Men,41.99,D1_ProductLabel
Men,17.59,D1_ProductLabel
Men,17.59,D1_ProductLabel
Women,19.19,D1_ProductLabel
Men,18.99,D1_ProductLabel
Men,15.19,D1_ProductLabel
Men,13.59,D1_ProductLabel
Men,13.59,D1_ProductLabel
Men,15.19,D1_ProductLabel
Men,13.59,D1_ProductLabel
Women,55.99,D1_ProductLabel
Men,48.99,D1_ProductLabel
Men,48.99,D1_ProductLabel
Women,44.79,D1_ProductLabel
Women,13.59,D1_ProductLabel
Women,15.19,D1_ProductLabel
Women,59.99,D1_ProductLabel
Men,13.59,D1_ProductLabel
Men,44.79,D1_ProductLabel
Women,44.79,D1_ProductLabel
Men,52.07,D1_ProductLabel
Men,52.49,D1_ProductLabel
Men,55.99,D1_ProductLabel
Men,13.59,D1_ProductLabel
Women,55.99,D1_ProductLabel
Men,18.99,D1_ProductLabel
Men,15.99,D1_ProductLabel
Women,15.19,D1_ProductLabel
Women,44.79,D1_ProductLabel
Men,61.59,D1_ProductLabel
Men,16.99,D1_ProductLabel
Women,36.39,D1_ProductLabel
Men,16.99,D1_ProductLabel
Men,51.99,D1_ProductLabel
Men,76.99,D1_ProductLabel
Men,51.99,D1_ProductLabel
Men,13.59,D1_ProductLabel
Men,41.99,D1_ProductLabel
Men,15.19,D1_ProductLabel
Men,61.59,D1_ProductLabel
Men,16.99,D1_ProductLabel
Men,41.59,D1_ProductLabel
Women,16.99,D1_ProductLabel
Men,17.59,D1_ProductLabel
Men,15.99,D1_ProductLabel
Men,17.59,D1_ProductLabel
Men,13.59,D1_ProductLabel
Men,15.19,D1_ProductLabel
Women,13.59,D1_ProductLabel
Men,55.99,D1_ProductLabel
Men,16.99,D1_ProductLabel
Men,16.99,D1_ProductLabel
Men,16.99,D1_ProductLabel
Women,67.19,D1_ProductLabel
Men,15.99,D1_ProductLabel
Women,21.99,D1_ProductLabel
Women,45.49,D1_ProductLabel
Men,61.59,D1_ProductLabel
Men,16.99,D1_ProductLabel
Men,16.99,D1_ProductLabel
Women,98.99,D1_ProductLabel
Women,19.19,D1_ProductLabel
Men,13.59,D1_ProductLabel
Women,13.59,D1_ProductLabel
Men,44.79,D1_ProductLabel
Men,21.99,D1_ProductLabel
Men,21.99,D1_ProductLabel
Men,21.99,D1_ProductLabel
Men,21.99,D1_ProductLabel
Men,21.99,D1_ProductLabel
Men,21.99,D1_ProductLabel
Men,55.99,D1_ProductLabel
Men,19.99,D1_ProductLabel
Men,19.99,D1_ProductLabel
Men,19.99,D1_ProductLabel
Men,18.99,D1_ProductLabel
Men,18.99,D1_ProductLabel
Men,21.99,D1_ProductLabel
Men,21.99,D1_ProductLabel
Men,21.99,D1_ProductLabel
Men,21.99,D1_ProductLabel
Men,21.99,D1_ProductLabel
Men,21.99,D1_ProductLabel
Men,21.99,D1_ProductLabel
Men,16.99,D1_ProductLabel
Men,16.99,D1_ProductLabel
Men,16.99,D1_ProductLabel
Men,16.99,D1_ProductLabel
Men,18.99,D1_ProductLabel
Men,18.99,D1_ProductLabel
Men,18.99,D1_ProductLabel
Men,55.99,D1_ProductLabel
Men,55.99,D1_ProductLabel
Men,55.99,D1_ProductLabel
Men,55.99,D1_ProductLabel
Men,51.99,D1_ProductLabel
Men,51.99,D1_ProductLabel
Men,13.59,D1_ProductLabel
Men,16.99,D1_ProductLabel
Men,16.99,D1_ProductLabel
Men,16.99,D1_ProductLabel
Women,16.99,D1_ProductLabel
Women,16.99,D1_ProductLabel
Women,16.99,D1_ProductLabel
Men,16.99,D1_ProductLabel
Men,16.99,D1_ProductLabel
Men,16.99,D1_ProductLabel
Men,16.99,D1_ProductLabel
Men,16.99,D1_ProductLabel
Women,55.99,D1_ProductLabel
Women,19.19,D1_ProductLabel
Women,16.99,D1_ProductLabel
Men,19.99,D1_ProductLabel
Men,16.99,D1_ProductLabel
Men,48.99,D1_ProductLabel
Men,52.49,D1_ProductLabel
Men,76.99,D1_ProductLabel
Men,48.99,D1_ProductLabel
Men,19.99,D1_ProductLabel
Men,13.59,D1_ProductLabel
Men,15.19,D1_ProductLabel
Men,13.59,D1_ProductLabel
Women,18.99,D1_ProductLabel
Men,16.99,D1_ProductLabel
Men,16.99,D1_ProductLabel
Men,13.59,D1_ProductLabel
Men,19.99,D1_ProductLabel
Men,19.99,D1_ProductLabel
Men,19.99,D1_ProductLabel
Women,18.99,D1_ProductLabel
Men,34.99,D1_ProductLabel
Women,65.09,D1_ProductLabel
Men,55.99,D1_ProductLabel
Men,19.99,D1_ProductLabel
Men,16.99,D1_ProductLabel
Men,17.59,D1_ProductLabel
Men,13.59,D1_ProductLabel
Men,15.19,D1_ProductLabel
Men,13.59,D1_ProductLabel
Women,52.07,D1_ProductLabel
Men,15.99,D1_ProductLabel
Men,13.59,D1_ProductLabel
Men,13.59,D1_ProductLabel
Men,59.99,D1_ProductLabel
Women,13.59,D1_ProductLabel
Men,16.99,D1_ProductLabel
Men,61.59,D1_ProductLabel
Men,16.99,D1_ProductLabel
Men,59.99,D1_ProductLabel
Men,61.59,D1_ProductLabel
Men,71.99,D1_ProductLabel
Men,13.59,D1_ProductLabel
Men,13.59,D1_ProductLabel
Women,17.59,D1_ProductLabel
Women,17.59,D1_ProductLabel
Men,18.99,D1_ProductLabel
Men,16.99,D1_ProductLabel
Men,16.99,D1_ProductLabel
Men,19.99,D1_ProductLabel
Men,16.99,D1_ProductLabel
Men,13.59,D1_ProductLabel
Women,13.59,D1_ProductLabel
Men,15.99,D1_ProductLabel
Men,13.59,D1_ProductLabel
Men,13.59,D1_ProductLabel
Men,13.59,D1_ProductLabel
Men,15.19,D1_ProductLabel
Men,16.99,D1_ProductLabel
Men,19.99,D1_ProductLabel
Women,19.99,D1_ProductLabel
Men,39.19,D1_ProductLabel
Women,52.07,D1_ProductLabel
Men,67.19,D1_ProductLabel
Men,61.59,D1_ProductLabel
Men,15.99,D1_ProductLabel
Men,67.19,D1_ProductLabel
Men,13.59,D1_ProductLabel
Men,16.99,D1_ProductLabel
Men,19.99,D1_ProductLabel
Men,19.99,D1_ProductLabel
Men,55.99,D1_ProductLabel
Men,98.99,D1_ProductLabel
Men,16.99,D1_ProductLabel
Men,15.99,D1_ProductLabel
Women,15.19,D1_ProductLabel
Men,13.59,D1_ProductLabel
Women,13.59,D1_ProductLabel
Men,15.19,D1_ProductLabel
Men,15.99,D1_ProductLabel
Men,15.99,D1_ProductLabel
Men,59.99,D1_ProductLabel
Men,16.99,D1_ProductLabel
Men,61.59,D1_ProductLabel
Men,61.59,D1_ProductLabel
Women,44.79,D1_ProductLabel
Men,15.19,D1_ProductLabel
Women,15.19,D1_ProductLabel
Women,15.19,D1_ProductLabel
Men,44.79,D1_ProductLabel
Women,44.79,D1_ProductLabel
Men,18.99,D1_ProductLabel
Men,48.99,D1_ProductLabel
Men,76.99,D1_ProductLabel
Men,41.99,D1_ProductLabel
Men,55.99,D1_ProductLabel
Men,19.99,D1_ProductLabel
Men,19.99,D1_ProductLabel
Men,55.99,D1_ProductLabel
Men,51.99,D1_ProductLabel
Men,55.99,D1_ProductLabel
Men,18.99,D1_ProductLabel
Men,16.99,D1_ProductLabel
Men,61.59,D1_ProductLabel
Men,15.99,D1_ProductLabel
Men,15.99,D1_ProductLabel
Men,15.99,D1_ProductLabel
Men,15.99,D1_ProductLabel
Men,15.99,D1_ProductLabel
Men,18.99,D1_ProductLabel
Men,21.99,D1_ProductLabel
Women,18.99,D1_ProductLabel
Men,16.99,D1_ProductLabel
Men,13.59,D1_ProductLabel
Men,48.99,D1_ProductLabel
Women,21.99,D1_ProductLabel
Women,67.19,D1_ProductLabel
Men,65.09,D1_ProductLabel
Men,74.99,D1_ProductLabel
Men,74.99,D1_ProductLabel
Men,79.19,D1_ProductLabel
Men,44.79,D1_ProductLabel
Men,74.99,D1_ProductLabel
Men,16.99,D1_ProductLabel
Men,16.99,D1_ProductLabel
Men,16.99,D1_ProductLabel
Men,52.49,D1_ProductLabel
Men,15.99,D1_ProductLabel
Men,15.19,D1_ProductLabel
Men,55.99,D1_ProductLabel
Men,34.99,D1_ProductLabel
Men,34.99,D1_ProductLabel
Men,18.99,D1_ProductLabel
Men,55.99,D1_ProductLabel
Men,16.99,D1_ProductLabel
Men,16.99,D1_ProductLabel
Men,16.99,D1_ProductLabel
Men,67.19,D1_ProductLabel
Men,13.59,D1_ProductLabel
Women,13.59,D1_ProductLabel
Men,18.99,D1_ProductLabel
Men,48.99,D1_ProductLabel
Men,16.99,D1_ProductLabel
Men,15.99,D1_ProductLabel
Men,15.19,D1_ProductLabel
Men,15.99,D1_ProductLabel
Men,15.99,D1_ProductLabel
Men,15.99,D1_ProductLabel
Men,41.59,D1_ProductLabel
Men,15.19,D1_ProductLabel
Men,15.19,D1_ProductLabel
Men,13.59,D1_ProductLabel
Men,79.19,D1_ProductLabel
Men,59.99,D1_ProductLabel
Men,59.99,D1_ProductLabel
Men,41.99,D1_ProductLabel
Women,59.99,D1_ProductLabel
Men,15.99,D1_ProductLabel
Men,41.99,D1_ProductLabel
Men,15.19,D1_ProductLabel
Men,15.19,D1_ProductLabel
Men,15.19,D1_ProductLabel
Men,41.59,D1_ProductLabel
Men,76.99,D1_ProductLabel
Women,44.79,D1_ProductLabel
Women,16.99,D1_ProductLabel
Men,15.19,D1_ProductLabel
Women,17.59,D1_ProductLabel
Men,16.99,D1_ProductLabel
Women,18.99,D1_ProductLabel
Women,83.99,D1_ProductLabel
Men,18.99,D1_ProductLabel
Men,16.99,D1_ProductLabel
Men,16.99,D1_ProductLabel
Men,76.99,D1_ProductLabel
Men,13.59,D1_ProductLabel
Men,13.59,D1_ProductLabel
Men,15.19,D1_ProductLabel
Men,18.99,D1_ProductLabel
Men,15.99,D1_ProductLabel
Men,13.59,D1_ProductLabel
Men,13.59,D1_ProductLabel
Men,44.79,D1_ProductLabel
Men,15.99,D1_ProductLabel
Men,61.59,D1_ProductLabel
Women,15.19,D1_ProductLabel
Women,15.19,D1_ProductLabel
Men,39.19,D1_ProductLabel
Women,23.99,D1_ProductLabel
Men,16.99,D1_ProductLabel
Men,52.49,D1_ProductLabel
Men,15.99,D1_ProductLabel
Men,15.19,D1_ProductLabel
Women,36.39,D1_ProductLabel
Men,15.19,D1_ProductLabel
Men,15.19,D1_ProductLabel
Men,13.59,D1_ProductLabel
Women,15.19,D1_ProductLabel
Women,41.99,D1_ProductLabel
Men,16.99,D1_ProductLabel
Men,65.09,D1_ProductLabel
Men,13.59,D1_ProductLabel
Women,15.19,D1_ProductLabel
Women,36.39,D1_ProductLabel
Men,15.99,D1_ProductLabel
Men,13.59,D1_ProductLabel
Men,13.59,D1_ProductLabel
Men,13.59,D1_ProductLabel
Men,98.99,D1_ProductLabel
Men,67.19,D1_ProductLabel
Men,55.43,D1_ProductLabel
Men,18.99,D1_ProductLabel
Men,52.49,D1_ProductLabel
Women,44.79,D1_ProductLabel
Men,19.99,D1_ProductLabel
Men,18.99,D1_ProductLabel
Men,16.99,D1_ProductLabel
Men,74.99,D1_ProductLabel
Men,109.99,D1_ProductLabel
Men,13.59,D1_ProductLabel
Men,16.99,D1_ProductLabel
Men,16.99,D1_ProductLabel
Men,17.59,D1_ProductLabel
Women,17.59,D1_ProductLabel
Women,15.99,D1_ProductLabel
Women,17.59,D1_ProductLabel
Women,17.59,D1_ProductLabel
Men,13.59,D1_ProductLabel
Men,15.19,D1_ProductLabel
Men,13.59,D1_ProductLabel
Men,49.99,D1_ProductLabel
Men,15.19,D1_ProductLabel
Men,15.19,D1_ProductLabel
Men,15.99,D1_ProductLabel
Men,98.99,D1_ProductLabel
Women,18.99,D1_ProductLabel
Men,18.99,D1_ProductLabel
Women,23.99,D1_ProductLabel
Men,55.99,D1_ProductLabel
Men,19.99,D1_ProductLabel
Men,18.99,D1_ProductLabel
Men,16.99,D1_ProductLabel
Men,21.99,D1_ProductLabel
Men,55.99,D1_ProductLabel
Women,16.99,D1_ProductLabel
Women,18.99,D1_ProductLabel
Men,16.99,D1_ProductLabel
Men,16.99,D1_ProductLabel
Men,19.99,D1_ProductLabel
Men,21.99,D1_ProductLabel
Men,21.99,D1_ProductLabel
Men,21.99,D1_ProductLabel
Men,21.99,D1_ProductLabel
Men,19.99,D1_ProductLabel
Men,19.99,D1_ProductLabel
Men,19.99,D1_ProductLabel
Men,21.99,D1_ProductLabel
Men,18.99,D1_ProductLabel
Men,19.99,D1_ProductLabel
Men,55.99,D1_ProductLabel
Men,54.99,D1_ProductLabel
Women,55.99,D1_ProductLabel
Women,95.99,D1_ProductLabel
Men,15.19,D1_ProductLabel
Women,15.19,D1_ProductLabel
Women,15.19,D1_ProductLabel
Men,13.59,D1_ProductLabel
Men,13.59,D1_ProductLabel
Women,15.19,D1_ProductLabel
Men,44.79,D1_ProductLabel
Men,16.99,D1_ProductLabel
Men,41.99,D1_ProductLabel
Men,18.99,D1_ProductLabel
Men,19.99,D1_ProductLabel
Men,18.99,D1_ProductLabel
Men,16.99,D1_ProductLabel
Men,52.07,D1_ProductLabel
Men,13.59,D1_ProductLabel
Men,13.59,D1_ProductLabel
Men,15.19,D1_ProductLabel
Men,44.79,D1_ProductLabel
Men,15.19,D1_ProductLabel
Men,16.99,D1_ProductLabel
Women,15.19,D1_ProductLabel
Women,19.19,D1_ProductLabel
Women,19.19,D1_ProductLabel
Men,16.99,D1_ProductLabel
Men,15.99,D1_ProductLabel
Men,44.79,D1_ProductLabel
Women,15.19,D1_ProductLabel
Men,15.19,D1_ProductLabel
Men,44.79,D1_ProductLabel
Men,13.59,D1_ProductLabel
Women,13.59,D1_ProductLabel
Men,27.99,D1_ProductLabel
Men,18.99,D1_ProductLabel
Men,18.99,D1_ProductLabel
Men,16.99,D1_ProductLabel
Men,34.99,D1_ProductLabel
Men,18.99,D1_ProductLabel
Men,19.99,D1_ProductLabel
Men,16.99,D1_ProductLabel
Men,15.99,D1_ProductLabel
Men,13.59,D1_ProductLabel
Men,59.99,D1_ProductLabel
Men,41.99,D1_ProductLabel
Men,15.19,D1_ProductLabel
Men,15.19,D1_ProductLabel
Women,15.19,D1_ProductLabel
Women,55.99,D1_ProductLabel
Men,41.99,D1_ProductLabel
Women,59.99,D1_ProductLabel
Women,17.59,D1_ProductLabel
Men,41.99,D1_ProductLabel
Men,52.07,D1_ProductLabel
Men,55.99,D1_ProductLabel
Men,16.99,D1_ProductLabel
Men,16.99,D1_ProductLabel
Women,15.19,D1_ProductLabel
Women,67.19,D1_ProductLabel
Women,16.99,D1_ProductLabel
Women,16.99,D1_ProductLabel
Women,98.99,D1_ProductLabel
Men,15.99,D1_ProductLabel
Women,67.19,D1_ProductLabel
Men,16.99,D1_ProductLabel
Women,23.99,D1_ProductLabel
Men,16.99,D1_ProductLabel
Men,16.99,D1_ProductLabel
Men,16.99,D1_ProductLabel
Women,18.99,D1_ProductLabel
Men,15.99,D1_ProductLabel
Women,18.99,D1_ProductLabel
Women,65.09,D1_ProductLabel
Women,55.99,D1_ProductLabel
Women,74.99,D1_ProductLabel
Men,16.99,D1_ProductLabel
Men,15.19,D1_ProductLabel
Men,15.99,D1_ProductLabel
Men,27.99,D1_ProductLabel
Women,44.79,D1_ProductLabel
Women,44.79,D1_ProductLabel
Men,17.59,D1_ProductLabel
Men,15.99,D1_ProductLabel
Men,41.99,D1_ProductLabel
Women,15.19,D1_ProductLabel
Women,15.19,D1_ProductLabel
Men,13.59,D1_ProductLabel
Women,13.59,D1_ProductLabel
Women,16.99,D1_ProductLabel
Women,19.19,D1_ProductLabel
Men,16.99,D1_ProductLabel
Women,74.99,D1_ProductLabel
Men,16.99,D1_ProductLabel
Men,52.07,D1_ProductLabel
Men,67.19,D1_ProductLabel
Men,44.79,D1_ProductLabel
Men,16.99,D1_ProductLabel
Men,19.99,D1_ProductLabel
Men,16.99,D1_ProductLabel
Men,16.99,D1_ProductLabel
Men,41.99,D1_ProductLabel
Women,15.19,D1_ProductLabel
Men,13.59,D1_ProductLabel
Men,17.59,D1_ProductLabel
Men,67.19,D1_ProductLabel
Women,16.99,D1_ProductLabel
Women,16.99,D1_ProductLabel
Men,15.19,D1_ProductLabel
Women,15.19,D1_ProductLabel
Women,44.79,D1_ProductLabel
Men,13.59,D1_ProductLabel
Men,13.59,D1_ProductLabel
Men,18.99,D1_ProductLabel
Men,16.99,D1_ProductLabel
Men,19.99,D1_ProductLabel
Men,13.59,D1_ProductLabel
Women,13.59,D1_ProductLabel
Men,16.99,D1_ProductLabel
Men,83.99,D1_ProductLabel
Men,16.99,D1_ProductLabel
Men,44.79,D1_ProductLabel
Men,13.59,D1_ProductLabel
Men,15.99,D1_ProductLabel
Men,15.19,D1_ProductLabel
Men,15.19,D1_ProductLabel
Men,15.99,D1_ProductLabel
Men,15.99,D1_ProductLabel
Men,15.99,D1_ProductLabel
Men,41.59,D1_ProductLabel
Men,41.59,D1_ProductLabel
Men,41.59,D1_ProductLabel
Men,13.59,D1_ProductLabel
Men,15.99,D1_ProductLabel
Men,13.59,D1_ProductLabel
Men,79.19,D1_ProductLabel
Women,67.19,D1_ProductLabel
Women,44.79,D1_ProductLabel
Men,13.59,D1_ProductLabel
Men,44.79,D1_ProductLabel
Men,44.79,D1_ProductLabel
Women,17.59,D1_ProductLabel
Women,44.79,D1_ProductLabel
Men,61.59,D1_ProductLabel
Men,13.59,D1_ProductLabel
Women,36.39,D1_ProductLabel
Men,67.19,D1_ProductLabel
Men,39.19,D1_ProductLabel
Men,16.99,D1_ProductLabel
Men,16.99,D1_ProductLabel
Men,74.99,D1_ProductLabel
Men,59.99,D1_ProductLabel
Men,16.99,D1_ProductLabel
Men,55.99,D1_ProductLabel
Men,55.99,D1_ProductLabel
Men,59.99,D1_ProductLabel
Men,44.79,D1_ProductLabel
Men,15.99,D1_ProductLabel
Men,71.99,D1_ProductLabel
Men,15.99,D1_ProductLabel
Men,15.99,D1_ProductLabel
Men,15.99,D1_ProductLabel
Men,15.99,D1_ProductLabel
Women,18.99,D1_ProductLabel
Women,55.99,D1_ProductLabel
Men,13.59,D1_ProductLabel
Men,13.59,D1_ProductLabel
Men,18.99,D1_ProductLabel
Men,18.99,D1_ProductLabel
Men,17.59,D1_ProductLabel
Men,67.19,D1_ProductLabel
Men,39.19,D1_ProductLabel
Men,61.59,D1_ProductLabel
Men,13.59,D1_ProductLabel
Men,12.31,D1_ProductLabel
Men,15.19,D1_ProductLabel
Men,13.59,D1_ProductLabel
Men,13.59,D1_ProductLabel
Women,36.39,D1_ProductLabel
Men,13.59,D1_ProductLabel
Men,10.63,D1_ProductLabel
Men,10.63,D1_ProductLabel
Men,16.99,D1_ProductLabel
Women,44.79,D1_ProductLabel
Men,15.19,D1_ProductLabel
Men,13.59,D1_ProductLabel
Men,16.99,D1_ProductLabel
Women,10.63,D1_ProductLabel
Men,13.29,D1_ProductLabel
Men,16.99,D1_ProductLabel
Men,15.19,D1_ProductLabel
Men,12.31,D1_ProductLabel
Men,11.19,D1_ProductLabel
Women,13.43,D1_ProductLabel
Men,10.63,D1_ProductLabel
Men,11.19,D1_ProductLabel
Men,12.31,D1_ProductLabel
Men,19.99,D1_ProductLabel
Men,16.99,D1_ProductLabel
Men,44.79,D1_ProductLabel
Men,15.19,D1_ProductLabel
Men,15.19,D1_ProductLabel
Men,44.79,D1_ProductLabel
Men,18.99,D1_ProductLabel
Men,13.59,D1_ProductLabel
Men,13.59,D1_ProductLabel
Men,44.79,D1_ProductLabel
Women,44.79,D1_ProductLabel
Men,10.63,D1_ProductLabel
Men,13.29,D1_ProductLabel
Men,41.59,D1_ProductLabel
Women,10.63,D1_ProductLabel
Men,16.99,D1_ProductLabel
Men,16.99,D1_ProductLabel
Men,16.99,D1_ProductLabel
Men,34.99,D1_ProductLabel
Men,69.29,D1_ProductLabel
Men,18.99,D1_ProductLabel
Men,11.19,D1_ProductLabel
Men,19.99,D1_ProductLabel
Men,19.99,D1_ProductLabel
Women,18.99,D1_ProductLabel
Men,10.63,D1_ProductLabel
Men,11.19,D1_ProductLabel
Women,10.63,D1_ProductLabel
Men,51.99,D1_ProductLabel
Women,10.63,D1_ProductLabel
Women,38.49,D1_ProductLabel
Women,11.89,D1_ProductLabel
Men,44.79,D1_ProductLabel
Men,44.79,D1_ProductLabel
Men,41.59,D1_ProductLabel
Men,13.59,D1_ProductLabel
Women,15.19,D1_ProductLabel
Men,12.31,D1_ProductLabel
Men,16.99,D1_ProductLabel
Men,13.59,D1_ProductLabel
Women,15.19,D1_ProductLabel
Men,16.99,D1_ProductLabel
Men,16.99,D1_ProductLabel
Women,15.19,D1_ProductLabel
Men,61.59,D1_ProductLabel
Men,15.99,D1_ProductLabel
Men,59.99,D1_ProductLabel
Women,15.19,D1_ProductLabel
Women,67.19,D1_ProductLabel
Men,13.29,D1_ProductLabel
Women,9.51,D1_ProductLabel
Women,9.51,D1_ProductLabel
Women,10.63,D1_ProductLabel
Men,15.19,D1_ProductLabel
Men,12.31,D1_ProductLabel
Men,13.59,D1_ProductLabel
Men,13.59,D1_ProductLabel
Men,44.79,D1_ProductLabel
Women,10.63,D1_ProductLabel
Women,44.79,D1_ProductLabel
Men,16.99,D1_ProductLabel
Men,13.29,D1_ProductLabel
Men,13.29,D1_ProductLabel
Men,16.99,D1_ProductLabel
Women,13.29,D1_ProductLabel
Men,15.99,D1_ProductLabel
Men,74.99,D1_ProductLabel
Men,15.99,D1_ProductLabel
Women,10.63,D1_ProductLabel
Men,11.19,D1_ProductLabel
Men,13.59,D1_ProductLabel
Men,10.63,D1_ProductLabel
Men,61.59,D1_ProductLabel
Men,10.63,D1_ProductLabel
Men,13.59,D1_ProductLabel
Men,10.63,D1_ProductLabel
Men,16.99,D1_ProductLabel
Men,13.29,D1_ProductLabel
Men,15.39,D1_ProductLabel
Men,74.99,D1_ProductLabel
Men,10.63,D1_ProductLabel
Men,67.19,D1_ProductLabel
Men,55.99,D1_ProductLabel
Men,13.59,D1_ProductLabel
Men,13.59,D1_ProductLabel
Men,13.59,D1_ProductLabel
Women,13.29,D1_ProductLabel
Men,10.63,D1_ProductLabel
Men,13.59,D1_ProductLabel
Men,13.59,D1_ProductLabel
Men,41.99,D1_ProductLabel
Men,15.99,D1_ProductLabel
Men,13.59,D1_ProductLabel
Men,13.59,D1_ProductLabel
Men,15.19,D1_ProductLabel
Men,15.19,D1_ProductLabel
Men,10.63,D1_ProductLabel
Men,10.63,D1_ProductLabel
Women,15.19,D1_ProductLabel
Women,10.63,D1_ProductLabel
Women,13.29,D1_ProductLabel
Men,12.31,D1_ProductLabel
Men,10.63,D1_ProductLabel
Men,12.31,D1_ProductLabel
Men,59.99,D1_ProductLabel
Women,67.19,D1_ProductLabel
Women,36.39,D1_ProductLabel
Men,16.99,D1_ProductLabel
Men,13.59,D1_ProductLabel
Men,27.99,D1_ProductLabel
Men,15.19,D1_ProductLabel
Men,12.31,D1_ProductLabel
Men,13.59,D1_ProductLabel
Men,13.29,D1_ProductLabel
Men,13.99,D1_ProductLabel
Women,13.29,D1_ProductLabel
Women,13.99,D1_ProductLabel
Women,13.29,D1_ProductLabel
Men,15.39,D1_ProductLabel
Men,13.29,D1_ProductLabel
Men,15.99,D1_ProductLabel
Men,15.99,D1_ProductLabel
Men,10.63,D1_ProductLabel
Women,10.63,D1_ProductLabel
Women,13.43,D1_ProductLabel
Men,16.99,D1_ProductLabel
Men,10.63,D1_ProductLabel
Men,19.99,D1_ProductLabel
Men,13.29,D1_ProductLabel
Men,18.99,D1_ProductLabel
Men,13.99,D1_ProductLabel
Men,15.39,D1_ProductLabel
Men,55.99,D1_ProductLabel
Men,15.99,D1_ProductLabel
Men,15.99,D1_ProductLabel
Men,12.31,D1_ProductLabel
Women,15.19,D1_ProductLabel
Women,15.19,D1_ProductLabel
Women,13.59,D1_ProductLabel
Men,12.31,D1_ProductLabel
Men,12.31,D1_ProductLabel
Men,13.59,D1_ProductLabel
Men,13.59,D1_ProductLabel
Men,13.59,D1_ProductLabel
Men,15.19,D1_ProductLabel
Men,15.19,D1_ProductLabel
Men,44.79,D1_ProductLabel
Men,44.79,D1_ProductLabel
Men,13.29,D1_ProductLabel
Men,18.99,D1_ProductLabel
Men,13.99,D1_ProductLabel
Men,15.39,D1_ProductLabel
Men,13.29,D1_ProductLabel
Men,16.99,D1_ProductLabel
Women,13.29,D1_ProductLabel
Men,15.39,D1_ProductLabel
Women,18.99,D1_ProductLabel
Men,13.29,D1_ProductLabel
Women,13.29,D1_ProductLabel
Men,13.59,D1_ProductLabel
Men,13.59,D1_ProductLabel
Men,13.59,D1_ProductLabel
Men,13.29,D1_ProductLabel
Men,15.99,D1_ProductLabel
Women,9.51,D1_ProductLabel
Women,11.19,D1_ProductLabel
Women,36.39,D1_ProductLabel
Men,39.19,D1_ProductLabel
Men,39.19,D1_ProductLabel
Women,10.63,D1_ProductLabel
Women,61.59,D1_ProductLabel
Men,15.19,D1_ProductLabel
Men,15.99,D1_ProductLabel
Men,11.19,D1_ProductLabel
Men,10.63,D1_ProductLabel
Men,15.99,D1_ProductLabel
Men,52.49,D1_ProductLabel
Men,51.99,D1_ProductLabel
Men,12.31,D1_ProductLabel
Men,13.59,D1_ProductLabel
Men,15.19,D1_ProductLabel
Men,13.59,D1_ProductLabel
Women,31.35,D1_ProductLabel
Men,15.99,D1_ProductLabel
Men,15.99,D1_ProductLabel
Men,15.19,D1_ProductLabel
Women,15.19,D1_ProductLabel
Men,61.59,D1_ProductLabel
Men,41.99,D1_ProductLabel
Men,13.59,D1_ProductLabel
Men,19.99,D1_ProductLabel
Men,16.99,D1_ProductLabel
Men,55.99,D1_ProductLabel
Men,11.19,D1_ProductLabel
Men,11.19,D1_ProductLabel
Men,12.31,D1_ProductLabel
Men,12.31,D1_ProductLabel
Women,30.79,D1_ProductLabel
Men,15.99,D1_ProductLabel
Women,15.19,D1_ProductLabel
Men,41.99,D1_ProductLabel
Men,41.99,D1_ProductLabel
Men,15.19,D1_ProductLabel
Men,11.19,D1_ProductLabel
Men,11.19,D1_ProductLabel
Women,69.29,D1_ProductLabel
Women,13.29,D1_ProductLabel
Men,12.31,D1_ProductLabel
Men,15.99,D1_ProductLabel
Men,13.59,D1_ProductLabel
Men,10.63,D1_ProductLabel
Men,15.19,D1_ProductLabel
Men,10.63,D1_ProductLabel
Men,10.63,D1_ProductLabel
Men,15.19,D1_ProductLabel
Men,13.59,D1_ProductLabel
Women,10.63,D1_ProductLabel
Women,13.43,D1_ProductLabel
Men,15.19,D1_ProductLabel
Men,15.19,D1_ProductLabel
Men,13.59,D1_ProductLabel
Men,16.99,D1_ProductLabel
Men,12.31,D1_ProductLabel
Women,30.79,D1_ProductLabel
Women,12.31,D1_ProductLabel
Men,59.99,D1_ProductLabel
Men,16.99,D1_ProductLabel
Men,15.19,D1_ProductLabel
Men,13.59,D1_ProductLabel
Men,13.59,D1_ProductLabel
Men,13.59,D1_ProductLabel
Men,13.59,D1_ProductLabel
Men,13.59,D1_ProductLabel
Men,13.59,D1_ProductLabel
Men,12.31,D1_ProductLabel
Men,15.99,D1_ProductLabel
Men,10.63,D1_ProductLabel
Men,15.99,D1_ProductLabel
Men,44.79,D1_ProductLabel
Men,13.99,D1_ProductLabel
Women,18.99,D1_ProductLabel
Women,18.99,D1_ProductLabel
Women,15.19,D1_ProductLabel
Men,15.99,D1_ProductLabel
Women,9.51,D1_ProductLabel
Women,9.51,D1_ProductLabel
Men,13.59,D1_ProductLabel
Women,15.19,D1_ProductLabel
Men,15.99,D1_ProductLabel
Men,15.99,D1_ProductLabel
Men,11.19,D1_ProductLabel
Men,11.19,D1_ProductLabel
Men,11.19,D1_ProductLabel
Men,44.79,D1_ProductLabel
Men,16.99,D1_ProductLabel
Men,15.39,D1_ProductLabel
Men,15.39,D1_ProductLabel
Men,10.63,D1_ProductLabel
Women,10.63,D1_ProductLabel
Women,58.79,D1_ProductLabel
Men,12.31,D1_ProductLabel
Men,12.31,D1_ProductLabel
Men,15.39,D1_ProductLabel
Men,15.39,D1_ProductLabel
Men,15.99,D1_ProductLabel
Men,13.29,D1_ProductLabel
Men,15.39,D1_ProductLabel
Men,16.99,D1_ProductLabel
Men,16.99,D1_ProductLabel
Women,18.99,D1_ProductLabel
Men,13.59,D1_ProductLabel
Men,44.79,D1_ProductLabel
Women,16.79,D1_ProductLabel
Women,13.99,D1_ProductLabel
Men,13.59,D1_ProductLabel
Women,15.19,D1_ProductLabel
Men,10.63,D1_ProductLabel
Men,10.63,D1_ProductLabel
Women,15.19,D1_ProductLabel
Women,58.79,D1_ProductLabel
Women,13.29,D1_ProductLabel
Women,13.99,D1_ProductLabel
Women,15.39,D1_ProductLabel
Men,15.19,D1_ProductLabel
Men,15.19,D1_ProductLabel
Women,30.79,D1_ProductLabel
Men,13.59,D1_ProductLabel
Women,18.99,D1_ProductLabel
Men,16.99,D1_ProductLabel
Men,15.99,D1_ProductLabel
Men,15.39,D1_ProductLabel
Women,18.99,D1_ProductLabel
Women,18.99,D1_ProductLabel
Men,13.99,D1_ProductLabel
Men,13.59,D1_ProductLabel
Women,15.19,D1_ProductLabel
Women,9.51,D1_ProductLabel
Men,19.99,D1_ProductLabel
Women,18.99,D1_ProductLabel
Men,16.99,D1_ProductLabel
Men,13.29,D1_ProductLabel
Men,10.63,D1_ProductLabel
Men,10.63,D1_ProductLabel
Women,15.19,D1_ProductLabel
Women,13.43,D1_ProductLabel
Men,44.79,D1_ProductLabel
Men,13.29,D1_ProductLabel
Men,16.99,D1_ProductLabel
Men,16.99,D1_ProductLabel
Women,10.63,D1_ProductLabel
Women,13.43,D1_ProductLabel
Men,38.49,D1_ProductLabel
Men,15.39,D1_ProductLabel
Men,12.31,D1_ProductLabel
Men,39.19,D1_ProductLabel
Men,15.99,D1_ProductLabel
Men,13.59,D1_ProductLabel
Women,15.19,D1_ProductLabel
Men,15.99,D1_ProductLabel
Men,15.99,D1_ProductLabel
Men,11.19,D1_ProductLabel
Men,11.19,D1_ProductLabel
Men,15.39,D1_ProductLabel
Men,13.29,D1_ProductLabel
Men,52.49,D1_ProductLabel
Men,51.99,D1_ProductLabel
Men,79.19,D1_ProductLabel
Women,58.79,D1_ProductLabel
Men,13.59,D1_ProductLabel
Women,12.31,D1_ProductLabel
Men,41.99,D1_ProductLabel
Women,31.35,D1_ProductLabel
Men,10.63,D1_ProductLabel
Men,11.19,D1_ProductLabel
Men,13.29,D1_ProductLabel
Men,41.59,D1_ProductLabel
Men,13.59,D1_ProductLabel
Women,13.43,D1_ProductLabel
Men,13.59,D1_ProductLabel
Men,13.29,D1_ProductLabel
Women,13.43,D1_ProductLabel
Men,13.29,D1_ProductLabel
Men,13.29,D1_ProductLabel
Men,16.99,D1_ProductLabel
Men,12.31,D1_ProductLabel
Men,13.59,D1_ProductLabel
Women,9.51,D1_ProductLabel
Men,12.31,D1_ProductLabel
Men,13.59,D1_ProductLabel
Men,15.19,D1_ProductLabel
Men,13.59,D1_ProductLabel
Women,44.79,D1_ProductLabel
Women,31.35,D1_ProductLabel
Women,31.35,D1_ProductLabel
Women,10.63,D1_ProductLabel
Men,13.99,D1_ProductLabel
Men,18.99,D1_ProductLabel
Men,15.19,D1_ProductLabel
Women,58.79,D1_ProductLabel
Men,13.59,D1_ProductLabel
Men,27.99,D1_ProductLabel
Men,61.59,D1_ProductLabel
Men,41.59,D1_ProductLabel
Women,10.63,D1_ProductLabel
Men,19.99,D1_ProductLabel
Men,16.99,D1_ProductLabel
Men,16.99,D1_ProductLabel
Men,15.99,D1_ProductLabel
Men,55.99,D1_ProductLabel
Men,15.19,D1_ProductLabel
Men,13.29,D1_ProductLabel
Men,16.99,D1_ProductLabel
Men,13.59,D1_ProductLabel
Men,13.59,D1_ProductLabel
Men,15.99,D1_ProductLabel
Men,15.99,D1_ProductLabel
Men,52.07,D1_ProductLabel
Men,55.43,D1_ProductLabel
Women,15.19,D1_ProductLabel
Women,15.19,D1_ProductLabel
Men,15.19,D1_ProductLabel
Men,13.29,D1_ProductLabel
Men,16.99,D1_ProductLabel
Men,16.99,D1_ProductLabel
Men,13.59,D1_ProductLabel
Men,13.59,D1_ProductLabel
Men,15.19,D1_ProductLabel
Men,15.19,D1_ProductLabel
Men,15.19,D1_ProductLabel
Men,13.59,D1_ProductLabel
Men,13.59,D1_ProductLabel
Men,13.59,D1_ProductLabel
Men,13.59,D1_ProductLabel
Men,16.99,D1_ProductLabel
Men,16.99,D1_ProductLabel
Men,76.99,D1_ProductLabel
Women,10.63,D1_ProductLabel
Women,16.79,D1_ProductLabel
Men,18.99,D1_ProductLabel
Women,44.79,D1_ProductLabel
Men,13.59,D1_ProductLabel
Men,19.99,D1_ProductLabel
Men,15.39,D1_ProductLabel
Women,13.29,D1_ProductLabel
Women,16.79,D1_ProductLabel
Men,10.63,D1_ProductLabel
Men,10.63,D1_ProductLabel
Men,10.63,D1_ProductLabel
Men,13.59,D1_ProductLabel
Men,13.29,D1_ProductLabel
Men,18.99,D1_ProductLabel
Women,18.99,D1_ProductLabel
Men,13.59,D1_ProductLabel
Women,15.19,D1_ProductLabel
Men,52.07,D1_ProductLabel
Men,11.19,D1_ProductLabel
Men,13.59,D1_ProductLabel
Women,15.19,D1_ProductLabel
Men,16.99,D1_ProductLabel
Men,16.99,D1_ProductLabel
Women,13.29,D1_ProductLabel
Men,13.59,D1_ProductLabel
Men,13.59,D1_ProductLabel
Women,55.43,D1_ProductLabel
Women,61.59,D1_ProductLabel
Men,15.99,D1_ProductLabel
Men,11.19,D1_ProductLabel
Men,12.31,D1_ProductLabel
Men,55.43,D1_ProductLabel
Men,15.99,D1_ProductLabel
Men,61.59,D1_ProductLabel
Men,13.59,D1_ProductLabel
Women,15.19,D1_ProductLabel
Men,59.99,D1_ProductLabel
Men,16.99,D1_ProductLabel
Men,18.99,D1_ProductLabel
Men,16.99,D1_ProductLabel
Men,16.99,D1_ProductLabel
Men,10.63,D1_ProductLabel
Men,41.59,D1_ProductLabel
Men,39.19,D1_ProductLabel
Men,13.29,D1_ProductLabel
Men,13.59,D1_ProductLabel
Men,44.79,D1_ProductLabel
Women,10.63,D1_ProductLabel
Women,13.29,D1_ProductLabel
Men,16.99,D1_ProductLabel
Men,12.31,D1_ProductLabel
Men,12.31,D1_ProductLabel
Men,10.63,D1_ProductLabel
Men,10.63,D1_ProductLabel
Men,13.59,D1_ProductLabel
Men,16.99,D1_ProductLabel
Men,16.99,D1_ProductLabel
Men,16.99,D1_ProductLabel
Men,10.63,D1_ProductLabel
Men,10.63,D1_ProductLabel
Women,13.43,D1_ProductLabel
Men,19.99,D1_ProductLabel
Men,16.99,D1_ProductLabel
Men,67.19,D1_ProductLabel
Men,12.31,D1_ProductLabel
Men,18.99,D1_ProductLabel
Men,16.99,D1_ProductLabel
Men,11.19,D1_ProductLabel
Men,12.31,D1_ProductLabel
Men,12.31,D1_ProductLabel
Men,15.19,D1_ProductLabel
Men,44.79,D1_ProductLabel
Men,12.31,D1_ProductLabel
Men,10.63,D1_ProductLabel
Men,11.19,D1_ProductLabel
Men,61.59,D1_ProductLabel
Men,12.31,D1_ProductLabel
Men,15.19,D1_ProductLabel
Men,15.19,D1_ProductLabel
Men,15.19,D1_ProductLabel
Men,13.59,D1_ProductLabel
Men,15.19,D1_ProductLabel
Women,44.79,D1_ProductLabel
Women,59.99,D1_ProductLabel
Women,41.99,D1_ProductLabel
Men,13.59,D1_ProductLabel
Women,13.43,D1_ProductLabel
Women,13.43,D1_ProductLabel
Men,16.99,D1_ProductLabel
Men,98.99,D1_ProductLabel
Women,13.29,D1_ProductLabel
Men,55.99,D1_ProductLabel
Men,10.63,D1_ProductLabel
Men,13.59,D1_ProductLabel
Men,79.19,D1_ProductLabel
Men,13.99,D1_ProductLabel
Men,19.99,D1_ProductLabel
Men,15.99,D1_ProductLabel
Men,15.99,D1_ProductLabel
Men,41.99,D1_ProductLabel
Men,12.31,D1_ProductLabel
Men,13.59,D1_ProductLabel
Men,44.79,D1_ProductLabel
Men,16.99,D1_ProductLabel
Men,16.99,D1_ProductLabel
Men,13.59,D1_ProductLabel
Men,67.19,D1_ProductLabel
Men,59.99,D1_ProductLabel
Women,58.79,D1_ProductLabel
Men,13.59,D1_ProductLabel
Men,13.59,D1_ProductLabel
Men,10.63,D1_ProductLabel
Men,41.99,D1_ProductLabel
Men,10.63,D1_ProductLabel
Men,44.79,D1_ProductLabel
Men,10.63,D1_ProductLabel
Men,13.59,D1_ProductLabel
Men,13.59,D1_ProductLabel
Men,15.19,D1_ProductLabel
Men,55.43,D1_ProductLabel
Men,13.99,D1_ProductLabel
Men,13.29,D1_ProductLabel
Men,16.99,D1_ProductLabel
Men,16.99,D1_ProductLabel
Men,16.99,D1_ProductLabel
Women,9.51,D1_ProductLabel
Women,9.51,D1_ProductLabel
Men,13.29,D1_ProductLabel
Men,13.29,D1_ProductLabel
Men,55.99,D1_ProductLabel
Men,18.99,D1_ProductLabel
Men,16.99,D1_ProductLabel
Men,13.59,D1_ProductLabel
Women,15.19,D1_ProductLabel
Women,15.19,D1_ProductLabel
Men,11.19,D1_ProductLabel
Women,10.63,D1_ProductLabel
Men,52.07,D1_ProductLabel
Men,15.99,D1_ProductLabel
Men,12.31,D1_ProductLabel
Men,59.99,D1_ProductLabel
Men,13.29,D1_ProductLabel
Men,16.99,D1_ProductLabel
Women,16.99,D1_ProductLabel
Women,18.99,D1_ProductLabel
Men,15.99,D1_ProductLabel
Men,98.99,D1_ProductLabel
Men,19.99,D1_ProductLabel
Men,19.99,D1_ProductLabel
Men,16.99,D1_ProductLabel
Men,12.31,D1_ProductLabel
Men,61.59,D1_ProductLabel
Men,15.99,D1_ProductLabel
Men,11.19,D1_ProductLabel
Men,13.29,D1_ProductLabel
Men,12.31,D1_ProductLabel
Men,13.59,D1_ProductLabel
Men,61.59,D1_ProductLabel
Men,11.19,D1_ProductLabel
Men,15.99,D1_ProductLabel
Men,16.99,D1_ProductLabel
Men,16.99,D1_ProductLabel
Men,11.19,D1_ProductLabel
Women,30.79,D1_ProductLabel
Men,13.59,D1_ProductLabel
Men,59.99,D1_ProductLabel
Men,61.59,D1_ProductLabel
Women,59.99,D1_ProductLabel
Women,59.99,D1_ProductLabel
Women,58.79,D1_ProductLabel
Men,19.59,D1_ProductLabel
Men,44.79,D1_ProductLabel
Men,13.59,D1_ProductLabel
Women,15.19,D1_ProductLabel
Men,15.99,D1_ProductLabel
Men,10.63,D1_ProductLabel
Men,13.59,D1_ProductLabel
Men,15.19,D1_ProductLabel
Men,15.19,D1_ProductLabel
Men,15.19,D1_ProductLabel
Women,11.19,D1_ProductLabel
Women,11.19,D1_ProductLabel
Women,10.63,D1_ProductLabel
Men,16.99,D1_ProductLabel
Men,13.59,D1_ProductLabel
Men,15.19,D1_ProductLabel
Men,67.19,D1_ProductLabel
Men,41.59,D1_ProductLabel
Men,15.19,D1_ProductLabel
Men,12.31,D1_ProductLabel
Men,11.19,D1_ProductLabel
Men,13.59,D1_ProductLabel
Men,13.59,D1_ProductLabel
Women,11.19,D1_ProductLabel
Men,16.99,D1_ProductLabel
Women,15.19,D1_ProductLabel
Men,10.63,D1_ProductLabel
Men,10.63,D1_ProductLabel
Men,10.63,D1_ProductLabel
Women,13.59,D1_ProductLabel
Women,13.59,D1_ProductLabel
Women,15.19,D1_ProductLabel
Women,15.19,D1_ProductLabel
Men,16.99,D1_ProductLabel
Men,10.63,D1_ProductLabel
Men,10.63,D1_ProductLabel
Men,11.19,D1_ProductLabel
Men,61.59,D1_ProductLabel
Women,58.79,D1_ProductLabel
Men,41.59,D1_ProductLabel
Men,59.99,D1_ProductLabel
Men,39.19,D1_ProductLabel
Men,41.99,D1_ProductLabel
Women,36.39,D1_ProductLabel
Women,36.39,D1_ProductLabel
Men,10.63,D1_ProductLabel
Men,41.59,D1_ProductLabel
Men,18.99,D1_ProductLabel
Men,15.99,D1_ProductLabel
Men,15.99,D1_ProductLabel
Men,15.99,D1_ProductLabel
Men,10.63,D1_ProductLabel
Women,59.99,D1_ProductLabel
Men,11.19,D1_ProductLabel
Men,61.59,D1_ProductLabel
Men,10.63,D1_ProductLabel
Men,10.63,D1_ProductLabel
Women,12.31,D1_ProductLabel
Women,59.99,D1_ProductLabel
Men,52.07,D1_ProductLabel
Men,15.39,D1_ProductLabel
Men,13.99,D1_ProductLabel
Men,19.99,D1_ProductLabel
Women,76.99,D1_ProductLabel
Women,74.99,D1_ProductLabel
Women,45.49,D1_ProductLabel
Men,15.99,D1_ProductLabel
Men,15.99,D1_ProductLabel
Men,13.29,D1_ProductLabel
Men,15.99,D1_ProductLabel
Men,16.99,D1_ProductLabel
Men,16.99,D1_ProductLabel
Men,16.99,D1_ProductLabel
Men,18.99,D1_ProductLabel
Women,18.99,D1_ProductLabel
Men,12.31,D1_ProductLabel
Women,55.43,D1_ProductLabel
Men,34.99,D1_ProductLabel
Men,15.39,D1_ProductLabel
Men,74.99,D1_ProductLabel
Men,12.31,D1_ProductLabel
Men,12.31,D1_ProductLabel
Men,16.99,D1_ProductLabel
Women,10.63,D1_ProductLabel
Men,11.19,D1_ProductLabel
Men,11.19,D1_ProductLabel
Women,10.63,D1_ProductLabel
Men,13.29,D1_ProductLabel
Men,13.29,D1_ProductLabel
Women,16.79,D1_ProductLabel
Women,18.99,D1_ProductLabel
Men,13.29,D1_ProductLabel
Men,16.99,D1_ProductLabel
Men,15.99,D1_ProductLabel
Men,10.63,D1_ProductLabel
Men,52.07,D1_ProductLabel
Men,59.99,D1_ProductLabel
Men,41.99,D1_ProductLabel
Men,30.79,D1_ProductLabel
Women,10.63,D1_ProductLabel
Women,58.79,D1_ProductLabel
Men,13.29,D1_ProductLabel
Women,13.29,D1_ProductLabel
Men,15.19,D1_ProductLabel
Men,13.59,D1_ProductLabel
Men,16.99,D1_ProductLabel
Men,55.99,D1_ProductLabel
Women,15.19,D1_ProductLabel
Men,61.59,D1_ProductLabel
Men,15.19,D1_ProductLabel
Men,13.59,D1_ProductLabel
Men,16.99,D1_ProductLabel
Women,18.99,D1_ProductLabel
Men,13.59,D1_ProductLabel
Men,15.19,D1_ProductLabel
Men,12.31,D1_ProductLabel
Men,15.19,D1_ProductLabel
Women,13.43,D1_ProductLabel
Men,38.49,D1_ProductLabel
Men,19.99,D1_ProductLabel
Men,16.99,D1_ProductLabel
Men,11.19,D1_ProductLabel
Men,13.29,D1_ProductLabel
Men,15.39,D1_ProductLabel
Men,13.29,D1_ProductLabel
Men,15.39,D1_ProductLabel
Women,9.51,D1_ProductLabel
Men,15.19,D1_ProductLabel
Men,15.19,D1_ProductLabel
Men,15.19,D1_ProductLabel
Men,18.99,D1_ProductLabel
Men,15.99,D1_ProductLabel
Men,15.39,D1_ProductLabel
Men,15.99,D1_ProductLabel
Men,52.07,D1_ProductLabel
Men,15.99,D1_ProductLabel
Men,15.99,D1_ProductLabel
Men,15.99,D1_ProductLabel
Men,15.99,D1_ProductLabel
Men,13.59,D1_ProductLabel
Men,13.59,D1_ProductLabel
Women,13.59,D1_ProductLabel
Men,19.99,D1_ProductLabel
Men,19.99,D1_ProductLabel
Men,48.99,D1_ProductLabel
Women,58.79,D1_ProductLabel
Men,15.19,D1_ProductLabel
Men,13.59,D1_ProductLabel
Men,39.19,D1_ProductLabel
Men,44.79,D1_ProductLabel
Men,15.19,D1_ProductLabel
Men,16.99,D1_ProductLabel
Men,16.99,D1_ProductLabel
Men,10.63,D1_ProductLabel
Men,12.31,D1_ProductLabel
Men,10.63,D1_ProductLabel
Men,13.99,D1_ProductLabel
Men,13.99,D1_ProductLabel
Men,12.31,D1_ProductLabel
Men,13.59,D1_ProductLabel
Men,13.59,D1_ProductLabel
Men,59.99,D1_ProductLabel
Men,19.99,D1_ProductLabel
Men,19.99,D1_ProductLabel
Men,55.99,D1_ProductLabel
Men,13.29,D1_ProductLabel
Men,13.29,D1_ProductLabel
Women,30.79,D1_ProductLabel
Men,11.19,D1_ProductLabel
Men,61.59,D1_ProductLabel
Men,12.31,D1_ProductLabel
Men,13.59,D1_ProductLabel
Women,13.43,D1_ProductLabel
Women,13.43,D1_ProductLabel
Men,12.31,D1_ProductLabel
Men,13.59,D1_ProductLabel
Men,13.29,D1_ProductLabel
Women,13.43,D1_ProductLabel
Women,55.43,D1_ProductLabel
Men,13.29,D1_ProductLabel
Men,15.99,D1_ProductLabel
Men,15.99,D1_ProductLabel
Women,38.49,D1_ProductLabel
Women,18.99,D1_ProductLabel
Men,10.63,D1_ProductLabel
Men,59.99,D1_ProductLabel
Women,73.49,D1_ProductLabel
Men,11.19,D1_ProductLabel
Men,10.63,D1_ProductLabel
Men,12.31,D1_ProductLabel
Women,11.19,D1_ProductLabel
Men,15.19,D1_ProductLabel
Men,15.19,D1_ProductLabel
Men,15.99,D1_ProductLabel
Women,58.79,D1_ProductLabel
Men,11.19,D1_ProductLabel
Men,11.19,D1_ProductLabel
Men,13.59,D1_ProductLabel
Women,9.51,D1_ProductLabel
Women,13.29,D1_ProductLabel
Women,13.29,D1_ProductLabel
Women,15.19,D1_ProductLabel
Men,16.99,D1_ProductLabel
Men,16.99,D1_ProductLabel
Men,13.99,D1_ProductLabel
Men,11.19,D1_ProductLabel
Men,12.31,D1_ProductLabel
Women,12.31,D1_ProductLabel
Women,13.43,D1_ProductLabel
Women,61.59,D1_ProductLabel
Men,12.31,D1_ProductLabel
Men,12.31,D1_ProductLabel
Men,61.59,D1_ProductLabel
Men,61.59,D1_ProductLabel
Men,41.59,D1_ProductLabel
Women,58.79,D1_ProductLabel
Women,44.79,D1_ProductLabel
Men,18.99,D1_ProductLabel
Men,16.99,D1_ProductLabel
Men,16.99,D1_ProductLabel
Men,16.99,D1_ProductLabel
Women,16.99,D1_ProductLabel
Men,16.99,D1_ProductLabel
Men,18.99,D1_ProductLabel
Men,18.99,D1_ProductLabel
Men,16.99,D1_ProductLabel
Men,16.99,D1_ProductLabel
Men,16.99,D1_ProductLabel
Men,10.63,D1_ProductLabel
Men,11.19,D1_ProductLabel
Men,10.63,D1_ProductLabel
Men,15.19,D1_ProductLabel
Men,15.99,D1_ProductLabel
Men,44.79,D1_ProductLabel
Men,41.59,D1_ProductLabel
Men,13.59,D1_ProductLabel
Men,13.59,D1_ProductLabel
Men,13.59,D1_ProductLabel
Men,13.59,D1_ProductLabel
Men,79.19,D1_ProductLabel
Men,59.99,D1_ProductLabel
Women,15.19,D1_ProductLabel
Men,15.19,D1_ProductLabel
Men,13.29,D1_ProductLabel
Men,11.89,D1_ProductLabel
Men,13.59,D1_ProductLabel
Men,12.31,D1_ProductLabel
Women,10.63,D1_ProductLabel
Women,9.51,D1_ProductLabel
Men,19.99,D1_ProductLabel
Men,10.63,D1_ProductLabel
Men,10.63,D1_ProductLabel
Men,10.63,D1_ProductLabel
Men,10.63,D1_ProductLabel
Men,13.59,D1_ProductLabel
Men,13.59,D1_ProductLabel
Men,13.59,D1_ProductLabel
Men,67.19,D1_ProductLabel
Women,67.19,D1_ProductLabel
Men,30.79,D1_ProductLabel
Men,67.19,D1_ProductLabel
Men,13.99,D1_ProductLabel
Men,13.99,D1_ProductLabel
Men,18.99,D1_ProductLabel
Men,13.29,D1_ProductLabel
Men,13.29,D1_ProductLabel
Men,18.99,D1_ProductLabel
Men,18.99,D1_ProductLabel
Men,18.99,D1_ProductLabel
Men,19.99,D1_ProductLabel
Women,18.99,D1_ProductLabel
Women,18.99,D1_ProductLabel
Women,11.89,D1_ProductLabel
Men,19.99,D1_ProductLabel
Men,10.63,D1_ProductLabel
Men,10.63,D1_ProductLabel
Men,15.19,D1_ProductLabel
Men,15.99,D1_ProductLabel
Women,10.63,D1_ProductLabel
Men,11.19,D1_ProductLabel
Men,13.29,D1_ProductLabel
Men,13.59,D1_ProductLabel
Men,15.19,D1_ProductLabel
Men,15.99,D1_ProductLabel
Men,15.19,D1_ProductLabel
Men,11.19,D1_ProductLabel
Women,11.19,D1_ProductLabel
Women,13.59,D1_ProductLabel
Women,18.99,D1_ProductLabel
Women,16.99,D1_ProductLabel
Men,11.19,D1_ProductLabel
Women,15.19,D1_ProductLabel
Men,16.99,D1_ProductLabel
Men,10.63,D1_ProductLabel
Men,10.63,D1_ProductLabel
Men,12.31,D1_ProductLabel
Men,13.59,D1_ProductLabel
Men,13.59,D1_ProductLabel
Men,13.59,D1_ProductLabel
Men,13.59,D1_ProductLabel
Men,11.19,D1_ProductLabel
Men,10.63,D1_ProductLabel
Men,13.59,D1_ProductLabel
Men,44.79,D1_ProductLabel
Men,13.29,D1_ProductLabel
Men,16.99,D1_ProductLabel
Men,13.29,D1_ProductLabel
Women,13.29,D1_ProductLabel
Women,13.29,D1_ProductLabel
Women,10.63,D1_ProductLabel
Women,10.63,D1_ProductLabel
Men,16.99,D1_ProductLabel
Men,16.99,D1_ProductLabel
Men,16.99,D1_ProductLabel
Men,16.99,D1_ProductLabel
Men,16.99,D1_ProductLabel
Women,16.99,D1_ProductLabel
Women,16.99,D1_ProductLabel
Women,16.99,D1_ProductLabel
Women,16.99,D1_ProductLabel
Women,13.99,D1_ProductLabel
Men,15.99,D1_ProductLabel
Women,13.99,D1_ProductLabel
Women,18.99,D1_ProductLabel
Men,15.19,D1_ProductLabel
Men,10.63,D1_ProductLabel
Men,13.59,D1_ProductLabel
Men,10.63,D1_ProductLabel
Women,10.63,D1_ProductLabel
Men,11.19,D1_ProductLabel
Men,13.29,D1_ProductLabel
Men,13.29,D1_ProductLabel
Men,13.99,D1_ProductLabel
Men,10.63,D1_ProductLabel
Men,11.19,D1_ProductLabel
Men,13.59,D1_ProductLabel
Men,52.49,D1_ProductLabel
Men,16.99,D1_ProductLabel
Men,67.19,D1_ProductLabel
Men,52.07,D1_ProductLabel
Men,15.99,D1_ProductLabel
Men,11.19,D1_ProductLabel
Men,11.19,D1_ProductLabel
Men,18.99,D1_ProductLabel
Men,12.31,D1_ProductLabel
Men,13.59,D1_ProductLabel
Men,10.63,D1_ProductLabel
Men,13.59,D1_ProductLabel
Men,19.59,D1_ProductLabel
Men,61.59,D1_ProductLabel
Men,44.79,D1_ProductLabel
Women,67.19,D1_ProductLabel
Men,79.19,D1_ProductLabel
Men,13.59,D1_ProductLabel
Men,10.63,D1_ProductLabel
Men,11.19,D1_ProductLabel
Men,15.99,D1_ProductLabel
Men,15.99,D1_ProductLabel
Men,15.99,D1_ProductLabel
Men,15.99,D1_ProductLabel
Men,13.59,D1_ProductLabel
Men,13.59,D1_ProductLabel
Men,10.63,D1_ProductLabel
Men,15.19,D1_ProductLabel
Men,13.59,D1_ProductLabel
Men,11.19,D1_ProductLabel
Men,15.99,D1_ProductLabel
Women,10.63,D1_ProductLabel
Men,15.99,D1_ProductLabel
Women,44.79,D1_ProductLabel
Women,10.63,D1_ProductLabel
Women,36.39,D1_ProductLabel
Men,13.59,D1_ProductLabel
Men,41.59,D1_ProductLabel
Men,19.99,D1_ProductLabel
Men,18.99,D1_ProductLabel
Men,10.63,D1_ProductLabel
Men,11.19,D1_ProductLabel
Men,9.51,D1_ProductLabel
Men,19.99,D1_ProductLabel
Men,19.99,D1_ProductLabel
Women,18.99,D1_ProductLabel
Men,16.99,D1_ProductLabel
Men,15.99,D1_ProductLabel
Men,11.19,D1_ProductLabel
Men,11.19,D1_ProductLabel
Men,15.99,D1_ProductLabel
Men,13.59,D1_ProductLabel
Women,10.63,D1_ProductLabel
Men,13.29,D1_ProductLabel
Men,18.99,D1_ProductLabel
Men,16.99,D1_ProductLabel
Women,59.99,D1_ProductLabel
Men,12.31,D1_ProductLabel
Women,13.43,D1_ProductLabel
Men,19.99,D1_ProductLabel
Men,15.39,D1_ProductLabel
Men,19.99,D1_ProductLabel
Men,13.99,D1_ProductLabel
Men,52.07,D1_ProductLabel
Men,39.19,D1_ProductLabel
Men,41.99,D1_ProductLabel
Women,52.07,D1_ProductLabel
Women,53.19,D1_ProductLabel
Women,55.43,D1_ProductLabel
Men,19.99,D1_ProductLabel
Men,19.99,D1_ProductLabel
Men,13.99,D1_ProductLabel
Men,13.59,D1_ProductLabel
Men,13.99,D1_ProductLabel
Men,13.99,D1_ProductLabel
Women,11.89,D1_ProductLabel
Men,41.59,D1_ProductLabel
Men,10.63,D1_ProductLabel
Men,10.63,D1_ProductLabel
Men,10.63,D1_ProductLabel
Women,10.63,D1_ProductLabel
Women,10.63,D1_ProductLabel
Women,11.19,D1_ProductLabel
Women,10.63,D1_ProductLabel
Women,10.63,D1_ProductLabel
Women,10.63,D1_ProductLabel
Women,36.39,D1_ProductLabel
Men,59.99,D1_ProductLabel
Men,10.63,D1_ProductLabel
Men,12.31,D1_ProductLabel
Men,12.31,D1_ProductLabel
Men,13.59,D1_ProductLabel
Men,13.59,D1_ProductLabel
Men,13.99,D1_ProductLabel
Men,18.99,D1_ProductLabel
Men,19.99,D1_ProductLabel
Men,16.99,D1_ProductLabel
Men,13.29,D1_ProductLabel
Men,11.19,D1_ProductLabel
Men,13.59,D1_ProductLabel
Men,13.59,D1_ProductLabel
Women,10.63,D1_ProductLabel
Women,10.63,D1_ProductLabel
Women,10.63,D1_ProductLabel
Women,10.63,D1_ProductLabel
Men,11.19,D1_ProductLabel
Men,16.99,D1_ProductLabel
Men,44.79,D1_ProductLabel
Men,15.19,D1_ProductLabel
Men,13.59,D1_ProductLabel
Men,10.63,D1_ProductLabel
Women,15.19,D1_ProductLabel
Men,10.63,D1_ProductLabel
Men,15.99,D1_ProductLabel
Women,15.19,D1_ProductLabel
Men,12.31,D1_ProductLabel
Men,12.31,D1_ProductLabel
Men,13.99,D1_ProductLabel
Men,16.99,D1_ProductLabel
Men,18.99,D1_ProductLabel
Men,16.99,D1_ProductLabel
Men,30.79,D1_ProductLabel
Men,11.19,D1_ProductLabel
Men,12.31,D1_ProductLabel
Men,13.29,D1_ProductLabel
Women,58.79,D1_ProductLabel
Men,12.31,D1_ProductLabel
Women,15.19,D1_ProductLabel
Men,12.31,D1_ProductLabel
Men,10.63,D1_ProductLabel
Men,16.99,D1_ProductLabel
Men,10.63,D1_ProductLabel
Men,12.31,D1_ProductLabel
Men,13.59,D1_ProductLabel
Men,15.99,D1_ProductLabel
Men,13.29,D1_ProductLabel
Men,11.19,D1_ProductLabel
Women,59.99,D1_ProductLabel
Men,16.99,D1_ProductLabel
Men,15.99,D1_ProductLabel
Women,13.59,D1_ProductLabel
Men,44.79,D1_ProductLabel
Women,10.63,D1_ProductLabel
Men,13.59,D1_ProductLabel
Men,15.19,D1_ProductLabel
Men,15.99,D1_ProductLabel
Men,15.99,D1_ProductLabel
Men,15.19,D1_ProductLabel
Men,15.99,D1_ProductLabel
Men,13.59,D1_ProductLabel
Women,13.43,D1_ProductLabel
Men,15.39,D1_ProductLabel
Men,16.99,D1_ProductLabel
Men,16.99,D1_ProductLabel
Men,16.99,D1_ProductLabel
Men,10.63,D1_ProductLabel
Men,10.63,D1_ProductLabel
Men,15.19,D1_ProductLabel
Men,30.79,D1_ProductLabel
Women,27.99,D1_ProductLabel
Men,15.19,D1_ProductLabel
Men,10.63,D1_ProductLabel
Women,10.63,D1_ProductLabel
Women,13.43,D1_ProductLabel
Men,16.99,D1_ProductLabel
Men,19.99,D1_ProductLabel
Men,10.63,D1_ProductLabel
Men,13.59,D1_ProductLabel
Men,15.19,D1_ProductLabel
Men,12.31,D1_ProductLabel
Men,59.99,D1_ProductLabel
Men,19.99,D1_ProductLabel
Men,16.99,D1_ProductLabel
Men,13.29,D1_ProductLabel
Men,13.29,D1_ProductLabel
Men,55.99,D1_ProductLabel
Men,15.19,D1_ProductLabel
Men,13.59,D1_ProductLabel
Men,15.39,D1_ProductLabel
Men,16.99,D1_ProductLabel
Men,10.63,D1_ProductLabel
Men,16.99,D1_ProductLabel
Men,13.29,D1_ProductLabel
Men,19.99,D1_ProductLabel
Men,13.29,D1_ProductLabel
Women,13.29,D1_ProductLabel
Women,16.79,D1_ProductLabel
Men,15.39,D1_ProductLabel
Men,15.39,D1_ProductLabel
Men,41.59,D1_ProductLabel
Men,15.39,D1_ProductLabel
Men,12.31,D1_ProductLabel
Men,10.63,D1_ProductLabel
Men,11.19,D1_ProductLabel
Men,19.99,D1_ProductLabel
Women,11.89,D1_ProductLabel
Women,11.19,D1_ProductLabel
Women,15.19,D1_ProductLabel
Women,15.19,D1_ProductLabel
Men,10.63,D1_ProductLabel
Men,30.79,D1_ProductLabel
Women,13.43,D1_ProductLabel
Women,11.19,D1_ProductLabel
Women,11.89,D1_ProductLabel
Men,10.63,D1_ProductLabel
Women,11.19,D1_ProductLabel
Women,11.19,D1_ProductLabel
Women,31.35,D1_ProductLabel
Men,13.59,D1_ProductLabel
Men,15.19,D1_ProductLabel
Men,13.29,D1_ProductLabel
Men,4.8,D1_ProductLabel
Men,4.8,D1_ProductLabel
Men,4.56,D1_ProductLabel
Men,13.59,D1_ProductLabel
Men,15.99,D1_ProductLabel
Women,26.0,D1_ProductLabel
Women,26.0,D1_ProductLabel
Men,19.99,D1_ProductLabel
Men,9.99,D1_ProductLabel
Men,9.49,D1_ProductLabel
Men,6.0,D1_ProductLabel
Men,16.5,D1_ProductLabel
Men,11.0,D1_ProductLabel
Men,5.7,D1_ProductLabel
Men,55.0,D1_ProductLabel
Men,33.0,D1_ProductLabel
Women,6.0,D1_ProductLabel
Men,15.99,D1_ProductLabel
Men,44.79,D1_ProductLabel
Men,19.99,D1_ProductLabel
Men,19.99,D1_ProductLabel
Women,5.7,D1_ProductLabel
Women,5.7,D1_ProductLabel
Women,18.99,D1_ProductLabel
Women,27.5,D1_ProductLabel
Men,37.49,D1_ProductLabel
Men,4.56,D1_ProductLabel
Men,13.2,D1_ProductLabel
Women,4.08,D1_ProductLabel
Women,7.6,D1_ProductLabel
Women,41.99,D1_ProductLabel
Men,15.99,D1_ProductLabel
Men,15.19,D1_ProductLabel
Men,5.7,D1_ProductLabel
Women,4.08,D1_ProductLabel
Women,4.08,D1_ProductLabel
Women,4.56,D1_ProductLabel
Women,7.6,D1_ProductLabel
Men,5.7,D1_ProductLabel
Women,11.0,D1_ProductLabel
Men,37.2,D1_ProductLabel
Men,4.56,D1_ProductLabel
Women,13.59,D1_ProductLabel
Women,13.59,D1_ProductLabel
Men,13.59,D1_ProductLabel
Men,5.7,D1_ProductLabel
Men,5.7,D1_ProductLabel
Women,6.0,D1_ProductLabel
Women,6.0,D1_ProductLabel
Men,39.19,D1_ProductLabel
Men,16.99,D1_ProductLabel
Men,4.56,D1_ProductLabel
Women,4.08,D1_ProductLabel
Women,4.08,D1_ProductLabel
Women,4.8,D1_ProductLabel
Women,4.8,D1_ProductLabel
Women,4.8,D1_ProductLabel
Women,4.56,D1_ProductLabel
Men,55.99,D1_ProductLabel
Women,23.76,D1_ProductLabel
Men,8.0,D1_ProductLabel
Men,8.0,D1_ProductLabel
Women,9.6,D1_ProductLabel
Women,44.0,D1_ProductLabel
Women,13.59,D1_ProductLabel
Women,4.56,D1_ProductLabel
Men,55.0,D1_ProductLabel
Men,55.99,D1_ProductLabel
Men,11.89,D1_ProductLabel
Men,28.0,D1_ProductLabel
Women,4.8,D1_ProductLabel
Women,9.6,D1_ProductLabel
Women,5.28,D1_ProductLabel
Women,4.8,D1_ProductLabel
Women,22.8,D1_ProductLabel
Men,9.49,D1_ProductLabel
Men,16.5,D1_ProductLabel
Men,5.7,D1_ProductLabel
Men,55.0,D1_ProductLabel
Men,19.99,D1_ProductLabel
Women,4.56,D1_ProductLabel
Women,7.6,D1_ProductLabel
Women,4.8,D1_ProductLabel
Men,5.7,D1_ProductLabel
Men,28.0,D1_ProductLabel
Men,13.59,D1_ProductLabel
Men,5.7,D1_ProductLabel
Men,41.99,D1_ProductLabel
Women,5.7,D1_ProductLabel
Women,11.0,D1_ProductLabel
Women,18.99,D1_ProductLabel
Men,16.99,D1_ProductLabel
Men,16.99,D1_ProductLabel
Men,52.49,D1_ProductLabel
Men,44.79,D1_ProductLabel
Men,9.49,D1_ProductLabel
Men,5.7,D1_ProductLabel
Women,5.7,D1_ProductLabel
Men,16.99,D1_ProductLabel
Women,52.5,D1_ProductLabel
Women,22.0,D1_ProductLabel
Women,44.79,D1_ProductLabel
Women,7.6,D1_ProductLabel
Women,4.08,D1_ProductLabel
Women,4.56,D1_ProductLabel
Women,4.56,D1_ProductLabel
Women,4.56,D1_ProductLabel
Women,4.56,D1_ProductLabel
Women,7.6,D1_ProductLabel
Men,16.99,D1_ProductLabel
Men,9.49,D1_ProductLabel
Men,16.99,D1_ProductLabel
Men,13.59,D1_ProductLabel
Men,4.56,D1_ProductLabel
Women,13.59,D1_ProductLabel
Men,37.2,D1_ProductLabel
Men,37.2,D1_ProductLabel
Men,9.99,D1_ProductLabel
Men,55.99,D1_ProductLabel
Men,10.63,D1_ProductLabel
Men,13.59,D1_ProductLabel
Men,13.59,D1_ProductLabel
Men,13.59,D1_ProductLabel
Men,16.99,D1_ProductLabel
Men,16.99,D1_ProductLabel
Men,15.99,D1_ProductLabel
Men,4.56,D1_ProductLabel
Men,10.63,D1_ProductLabel
Men,4.56,D1_ProductLabel
Men,12.31,D1_ProductLabel
Men,13.29,D1_ProductLabel
Men,9.99,D1_ProductLabel
Men,6.0,D1_ProductLabel
Men,5.7,D1_ProductLabel
Men,5.7,D1_ProductLabel
Women,5.1,D1_ProductLabel
Women,6.0,D1_ProductLabel
Men,4.56,D1_ProductLabel
Men,13.59,D1_ProductLabel
Men,13.59,D1_ProductLabel
Men,13.59,D1_ProductLabel
Men,13.59,D1_ProductLabel
Men,13.59,D1_ProductLabel
Men,13.59,D1_ProductLabel
Women,16.99,D1_ProductLabel
Men,6.0,D1_ProductLabel
Men,12.31,D1_ProductLabel
Men,13.2,D1_ProductLabel
Women,7.6,D1_ProductLabel
Men,13.59,D1_ProductLabel
Men,7.6,D1_ProductLabel
Men,13.59,D1_ProductLabel
Men,34.99,D1_ProductLabel
Men,15.99,D1_ProductLabel
Men,44.0,D1_ProductLabel
Men,5.7,D1_ProductLabel
Men,16.99,D1_ProductLabel
Women,52.5,D1_ProductLabel
Men,16.99,D1_ProductLabel
Men,16.99,D1_ProductLabel
Women,5.28,D1_ProductLabel
Women,23.76,D1_ProductLabel
Men,9.99,D1_ProductLabel
Men,5.7,D1_ProductLabel
Men,16.99,D1_ProductLabel
Men,55.0,D1_ProductLabel
Men,37.49,D1_ProductLabel
Men,13.59,D1_ProductLabel
Men,55.0,D1_ProductLabel
Women,12.0,D1_ProductLabel
Men,5.7,D1_ProductLabel
Men,26.4,D1_ProductLabel
Men,4.56,D1_ProductLabel
Men,4.56,D1_ProductLabel
Men,15.99,D1_ProductLabel
Men,13.59,D1_ProductLabel
Women,4.08,D1_ProductLabel
Men,8.0,D1_ProductLabel
Men,4.56,D1_ProductLabel
Women,4.08,D1_ProductLabel
Women,23.76,D1_ProductLabel
Women,23.76,D1_ProductLabel
Women,4.8,D1_ProductLabel
Women,9.6,D1_ProductLabel
Women,5.28,D1_ProductLabel
Women,4.8,D1_ProductLabel
Men,8.0,D1_ProductLabel
Men,8.0,D1_ProductLabel
Men,8.0,D1_ProductLabel
Men,44.79,D1_ProductLabel
Women,26.0,D1_ProductLabel
Men,8.0,D1_ProductLabel
Men,19.99,D1_ProductLabel
Men,55.99,D1_ProductLabel
Men,19.99,D1_ProductLabel
Men,4.56,D1_ProductLabel
Women,52.49,D1_ProductLabel
Men,4.56,D1_ProductLabel
Men,15.99,D1_ProductLabel
Men,8.0,D1_ProductLabel
Men,7.6,D1_ProductLabel
Men,10.63,D1_ProductLabel
Men,8.0,D1_ProductLabel
Men,4.56,D1_ProductLabel
Men,44.0,D1_ProductLabel
Men,15.19,D1_ProductLabel
Men,44.79,D1_ProductLabel
Men,6.8,D1_ProductLabel
Women,9.6,D1_ProductLabel
Women,22.8,D1_ProductLabel
Women,23.76,D1_ProductLabel
Men,4.56,D1_ProductLabel
Women,4.08,D1_ProductLabel
Women,4.08,D1_ProductLabel
Men,46.5,D1_ProductLabel
Men,9.49,D1_ProductLabel
Men,5.7,D1_ProductLabel
Women,26.0,D1_ProductLabel
Men,4.56,D1_ProductLabel
Women,4.56,D1_ProductLabel
Women,4.8,D1_ProductLabel
Men,15.99,D1_ProductLabel
Men,44.79,D1_ProductLabel
Men,15.99,D1_ProductLabel
Men,37.2,D1_ProductLabel
Men,4.56,D1_ProductLabel
Women,9.6,D1_ProductLabel
Women,41.99,D1_ProductLabel
Men,9.49,D1_ProductLabel
Men,5.7,D1_ProductLabel
Men,13.59,D1_ProductLabel
Women,5.7,D1_ProductLabel
Women,8.49,D1_ProductLabel
Men,5.7,D1_ProductLabel
Men,9.99,D1_ProductLabel
Men,9.99,D1_ProductLabel
Men,9.99,D1_ProductLabel
Women,7.6,D1_ProductLabel
Men,28.0,D1_ProductLabel
Men,16.99,D1_ProductLabel
Men,4.56,D1_ProductLabel
Men,8.0,D1_ProductLabel
Men,59.99,D1_ProductLabel
Men,28.0,D1_ProductLabel
Men,7.6,D1_ProductLabel
Men,10.63,D1_ProductLabel
Men,10.63,D1_ProductLabel
Men,16.99,D1_ProductLabel
Men,55.99,D1_ProductLabel
Men,4.56,D1_ProductLabel
Men,37.2,D1_ProductLabel
Men,28.0,D1_ProductLabel
Men,30.0,D1_ProductLabel
Women,4.08,D1_ProductLabel
Women,9.6,D1_ProductLabel
Women,5.28,D1_ProductLabel
Women,26.0,D1_ProductLabel
Women,23.76,D1_ProductLabel
Men,9.99,D1_ProductLabel
Men,6.0,D1_ProductLabel
Men,11.0,D1_ProductLabel
Women,5.1,D1_ProductLabel
Women,5.1,D1_ProductLabel
Women,12.0,D1_ProductLabel
Women,6.0,D1_ProductLabel
Women,28.5,D1_ProductLabel
Men,4.56,D1_ProductLabel
Men,8.0,D1_ProductLabel
Women,9.6,D1_ProductLabel
Women,5.28,D1_ProductLabel
Women,4.8,D1_ProductLabel
Men,8.0,D1_ProductLabel
Men,5.7,D1_ProductLabel
Men,5.7,D1_ProductLabel
Men,4.56,D1_ProductLabel
Men,10.63,D1_ProductLabel
Men,59.99,D1_ProductLabel
Men,41.99,D1_ProductLabel
Women,4.56,D1_ProductLabel
Men,4.56,D1_ProductLabel
Men,13.2,D1_ProductLabel
Women,22.8,D1_ProductLabel
Women,23.76,D1_ProductLabel
Women,23.76,D1_ProductLabel
Men,48.0,D1_ProductLabel
Men,19.99,D1_ProductLabel
Men,8.0,D1_ProductLabel
Men,4.56,D1_ProductLabel
Men,12.31,D1_ProductLabel
Women,6.0,D1_ProductLabel
Women,55.99,D1_ProductLabel
Men,16.99,D1_ProductLabel
Men,16.99,D1_ProductLabel
Men,5.7,D1_ProductLabel
Women,5.7,D1_ProductLabel
Women,41.99,D1_ProductLabel
Men,16.99,D1_ProductLabel
Men,19.99,D1_ProductLabel
Men,5.7,D1_ProductLabel
Men,5.7,D1_ProductLabel
Men,9.99,D1_ProductLabel
Men,16.99,D1_ProductLabel
Men,15.99,D1_ProductLabel
Women,4.08,D1_ProductLabel
Men,16.99,D1_ProductLabel
Men,15.39,D1_ProductLabel
Men,6.0,D1_ProductLabel
Women,12.0,D1_ProductLabel
Men,15.99,D1_ProductLabel
Men,15.99,D1_ProductLabel
Men,5.7,D1_ProductLabel
Men,4.56,D1_ProductLabel
Men,55.99,D1_ProductLabel
Men,7.6,D1_ProductLabel
Men,15.99,D1_ProductLabel
Men,9.49,D1_ProductLabel
Men,16.99,D1_ProductLabel
Men,4.8,D1_ProductLabel
Women,4.08,D1_ProductLabel
Women,4.8,D1_ProductLabel
Men,55.99,D1_ProductLabel
Men,36.39,D1_ProductLabel
Men,37.49,D1_ProductLabel
Men,37.49,D1_ProductLabel
Men,13.59,D1_ProductLabel
Women,4.56,D1_ProductLabel
Women,9.6,D1_ProductLabel
Women,4.8,D1_ProductLabel
Men,13.59,D1_ProductLabel
Women,8.8,D1_ProductLabel
Men,9.49,D1_ProductLabel
Women,6.0,D1_ProductLabel
Women,15.19,D1_ProductLabel
Women,15.19,D1_ProductLabel
Women,52.5,D1_ProductLabel
Men,13.59,D1_ProductLabel
Men,13.59,D1_ProductLabel
Women,4.08,D1_ProductLabel
Men,5.7,D1_ProductLabel
Men,5.7,D1_ProductLabel
Men,5.7,D1_ProductLabel
Men,15.99,D1_ProductLabel
Men,30.0,D1_ProductLabel
Men,13.59,D1_ProductLabel
Men,19.99,D1_ProductLabel
Women,4.56,D1_ProductLabel
Women,4.56,D1_ProductLabel
Women,7.6,D1_ProductLabel
Men,16.99,D1_ProductLabel
Men,52.49,D1_ProductLabel
Men,37.49,D1_ProductLabel
Men,26.4,D1_ProductLabel
Men,37.2,D1_ProductLabel
Men,4.56,D1_ProductLabel
Men,4.8,D1_ProductLabel
Women,22.0,D1_ProductLabel
Women,37.2,D1_ProductLabel
Women,41.99,D1_ProductLabel
Men,13.59,D1_ProductLabel
Men,15.99,D1_ProductLabel
Men,15.99,D1_ProductLabel
Women,44.79,D1_ProductLabel
Men,13.59,D1_ProductLabel
Men,13.59,D1_ProductLabel
Men,30.0,D1_ProductLabel
Women,4.8,D1_ProductLabel
Women,4.8,D1_ProductLabel
Men,13.59,D1_ProductLabel
Men,44.0,D1_ProductLabel
Women,7.6,D1_ProductLabel
Women,9.49,D1_ProductLabel
Men,13.59,D1_ProductLabel
Men,15.99,D1_ProductLabel
Men,15.99,D1_ProductLabel
Men,6.8,D1_ProductLabel
Men,13.59,D1_ProductLabel
Men,13.59,D1_ProductLabel
Women,4.08,D1_ProductLabel
Women,41.99,D1_ProductLabel
Men,15.39,D1_ProductLabel
Men,4.56,D1_ProductLabel
Women,7.6,D1_ProductLabel
Men,16.99,D1_ProductLabel
Men,5.7,D1_ProductLabel
Women,6.0,D1_ProductLabel
Men,4.56,D1_ProductLabel
Men,4.56,D1_ProductLabel
Men,31.35,D1_ProductLabel
Women,4.56,D1_ProductLabel
Women,4.8,D1_ProductLabel
Men,5.7,D1_ProductLabel
Men,5.7,D1_ProductLabel
Men,6.0,D1_ProductLabel
Men,6.0,D1_ProductLabel
Men,5.7,D1_ProductLabel
Women,5.1,D1_ProductLabel
Women,5.1,D1_ProductLabel
Women,13.59,D1_ProductLabel
Women,4.56,D1_ProductLabel
Women,67.19,D1_ProductLabel
Men,16.99,D1_ProductLabel
Men,9.99,D1_ProductLabel
Men,5.7,D1_ProductLabel
Men,16.99,D1_ProductLabel
Men,9.99,D1_ProductLabel
Men,9.99,D1_ProductLabel
Men,13.59,D1_ProductLabel
Men,13.59,D1_ProductLabel
Women,32.49,D1_ProductLabel
Women,4.8,D1_ProductLabel
Women,42.0,D1_ProductLabel
Women,23.76,D1_ProductLabel
Women,30.0,D1_ProductLabel
Men,7.6,D1_ProductLabel
Men,13.59,D1_ProductLabel
Men,4.56,D1_ProductLabel
Men,4.56,D1_ProductLabel
Women,4.8,D1_ProductLabel
Men,9.99,D1_ProductLabel
Men,16.99,D1_ProductLabel
Men,34.99,D1_ProductLabel
Women,5.7,D1_ProductLabel
Women,6.0,D1_ProductLabel
Women,6.0,D1_ProductLabel
Women,12.0,D1_ProductLabel
Women,9.49,D1_ProductLabel
Men,9.99,D1_ProductLabel
Men,19.99,D1_ProductLabel
Men,5.7,D1_ProductLabel
Women,12.0,D1_ProductLabel
Women,6.0,D1_ProductLabel
Women,6.0,D1_ProductLabel
Women,32.49,D1_ProductLabel
Women,32.49,D1_ProductLabel
Women,29.7,D1_ProductLabel
Men,15.99,D1_ProductLabel
Women,5.1,D1_ProductLabel
Women,5.1,D1_ProductLabel
Women,5.7,D1_ProductLabel
Women,6.0,D1_ProductLabel
Women,6.0,D1_ProductLabel
Women,6.0,D1_ProductLabel
Women,5.7,D1_ProductLabel
Women,6.0,D1_ProductLabel
Women,6.0,D1_ProductLabel
Men,4.56,D1_ProductLabel
Men,4.56,D1_ProductLabel
Men,4.56,D1_ProductLabel
Men,4.56,D1_ProductLabel
Men,7.6,D1_ProductLabel
Men,4.56,D1_ProductLabel
Women,4.08,D1_ProductLabel
Women,4.8,D1_ProductLabel
Women,4.8,D1_ProductLabel
Men,9.49,D1_ProductLabel
Men,5.7,D1_ProductLabel
Men,5.7,D1_ProductLabel
Women,29.7,D1_ProductLabel
Men,15.99,D1_ProductLabel
Men,15.99,D1_ProductLabel
Men,15.99,D1_ProductLabel
Men,13.59,D1_ProductLabel
Men,44.0,D1_ProductLabel
Men,13.59,D1_ProductLabel
Women,15.19,D1_ProductLabel
Men,13.59,D1_ProductLabel
Men,9.99,D1_ProductLabel
Women,9.49,D1_ProductLabel
Women,52.5,D1_ProductLabel
Men,16.99,D1_ProductLabel
Men,5.7,D1_ProductLabel
Women,5.7,D1_ProductLabel
Men,4.56,D1_ProductLabel
Men,6.8,D1_ProductLabel
Men,4.56,D1_ProductLabel
Women,4.08,D1_ProductLabel
Women,4.08,D1_ProductLabel
Women,4.08,D1_ProductLabel
Women,31.35,D1_ProductLabel
Men,28.0,D1_ProductLabel
Men,8.0,D1_ProductLabel
Women,9.6,D1_ProductLabel
Women,7.6,D1_ProductLabel
Men,28.0,D1_ProductLabel
Men,26.4,D1_ProductLabel
Men,15.99,D1_ProductLabel
Men,30.0,D1_ProductLabel
Women,13.59,D1_ProductLabel
Women,13.59,D1_ProductLabel
Men,5.7,D1_ProductLabel
Men,4.56,D1_ProductLabel
Men,8.0,D1_ProductLabel
Men,4.8,D1_ProductLabel
Men,4.56,D1_ProductLabel
Men,44.0,D1_ProductLabel
Men,8.0,D1_ProductLabel
Women,7.6,D1_ProductLabel
Women,15.19,D1_ProductLabel
Men,4.56,D1_ProductLabel
Men,4.56,D1_ProductLabel
Men,4.8,D1_ProductLabel
Men,4.56,D1_ProductLabel
Women,18.99,D1_ProductLabel
Women,5.1,D1_ProductLabel
Women,18.99,D1_ProductLabel
Men,16.99,D1_ProductLabel
Men,34.99,D1_ProductLabel
Men,13.59,D1_ProductLabel
Men,37.2,D1_ProductLabel
Men,48.0,D1_ProductLabel
Men,44.79,D1_ProductLabel
Men,44.79,D1_ProductLabel
Men,44.79,D1_ProductLabel
Men,29.11,D1_ProductLabel
Men,16.99,D1_ProductLabel
Men,8.0,D1_ProductLabel
Women,4.8,D1_ProductLabel
Women,5.28,D1_ProductLabel
Men,4.56,D1_ProductLabel
Men,8.0,D1_ProductLabel
Men,7.6,D1_ProductLabel
Men,7.6,D1_ProductLabel
Men,4.56,D1_ProductLabel
Men,8.8,D1_ProductLabel
Men,4.56,D1_ProductLabel
Women,4.56,D1_ProductLabel
Women,4.56,D1_ProductLabel
Women,4.56,D1_ProductLabel
Women,9.6,D1_ProductLabel
Women,9.6,D1_ProductLabel
Women,7.6,D1_ProductLabel
Men,4.56,D1_ProductLabel
Women,4.08,D1_ProductLabel
Women,7.6,D1_ProductLabel
Men,60.0,D1_ProductLabel
Men,6.0,D1_ProductLabel
Men,5.7,D1_ProductLabel
Men,9.49,D1_ProductLabel
Men,19.99,D1_ProductLabel
Men,15.99,D1_ProductLabel
Women,13.59,D1_ProductLabel
Women,7.6,D1_ProductLabel
Women,7.6,D1_ProductLabel
Men,55.99,D1_ProductLabel
Women,5.1,D1_ProductLabel
Men,26.4,D1_ProductLabel
Women,26.0,D1_ProductLabel
Women,26.0,D1_ProductLabel
Women,4.56,D1_ProductLabel
Women,9.6,D1_ProductLabel
Women,9.6,D1_ProductLabel
Women,7.6,D1_ProductLabel
Women,59.99,D1_ProductLabel
Men,16.99,D1_ProductLabel
Men,34.99,D1_ProductLabel
Men,55.0,D1_ProductLabel
Men,16.99,D1_ProductLabel
Men,55.0,D1_ProductLabel
Men,4.56,D1_ProductLabel
Men,4.8,D1_ProductLabel
Men,26.4,D1_ProductLabel
Women,4.8,D1_ProductLabel
Women,22.8,D1_ProductLabel
Women,23.76,D1_ProductLabel
Men,4.56,D1_ProductLabel
Men,29.11,D1_ProductLabel
Men,9.99,D1_ProductLabel
Men,11.0,D1_ProductLabel
Men,5.7,D1_ProductLabel
Men,37.49,D1_ProductLabel
Men,16.99,D1_ProductLabel
Men,9.99,D1_ProductLabel
Men,15.39,D1_ProductLabel
Men,34.99,D1_ProductLabel
Men,33.0,D1_ProductLabel
Women,52.49,D1_ProductLabel
Men,4.56,D1_ProductLabel
Men,4.56,D1_ProductLabel
Men,4.56,D1_ProductLabel
Women,7.6,D1_ProductLabel
Women,4.8,D1_ProductLabel
Men,13.59,D1_ProductLabel
Women,4.08,D1_ProductLabel
Women,30.0,D1_ProductLabel
Women,9.6,D1_ProductLabel
Women,4.8,D1_ProductLabel
Women,23.76,D1_ProductLabel
Women,13.59,D1_ProductLabel
Women,7.6,D1_ProductLabel
Women,15.19,D1_ProductLabel
Women,4.8,D1_ProductLabel
Men,19.99,D1_ProductLabel
Women,23.76,D1_ProductLabel
Women,37.2,D1_ProductLabel
Women,44.0,D1_ProductLabel
Men,16.99,D1_ProductLabel
Men,9.49,D1_ProductLabel
Men,9.99,D1_ProductLabel
Women,86.39,D1_ProductLabel
Women,15.19,D1_ProductLabel
Men,5.7,D1_ProductLabel
Women,5.1,D1_ProductLabel
Men,4.56,D1_ProductLabel
Men,10.63,D1_ProductLabel
Men,15.99,D1_ProductLabel
Men,8.0,D1_ProductLabel
Men,37.2,D1_ProductLabel
Men,44.0,D1_ProductLabel
Women,5.1,D1_ProductLabel
Men,28.0,D1_ProductLabel
Men,4.56,D1_ProductLabel
Men,4.56,D1_ProductLabel
Women,4.56,D1_ProductLabel
Women,44.0,D1_ProductLabel
Women,26.0,D1_ProductLabel
Women,23.76,D1_ProductLabel
Women,30.0,D1_ProductLabel
Men,4.56,D1_ProductLabel
Women,4.8,D1_ProductLabel
Men,9.49,D1_ProductLabel
Women,4.56,D1_ProductLabel
Women,9.6,D1_ProductLabel
Women,26.0,D1_ProductLabel
Women,13.92,D1_ProductLabel
Men,16.99,D1_ProductLabel
Men,13.59,D1_ProductLabel
Men,19.99,D1_ProductLabel
Women,5.1,D1_ProductLabel
Men,5.7,D1_ProductLabel
Men,13.29,D1_ProductLabel
Men,5.7,D1_ProductLabel
Women,9.49,D1_ProductLabel
Men,15.99,D1_ProductLabel
Men,15.99,D1_ProductLabel
Men,7.6,D1_ProductLabel
Men,15.99,D1_ProductLabel
Women,4.56,D1_ProductLabel
Women,30.0,D1_ProductLabel
Men,4.56,D1_ProductLabel
Men,4.8,D1_ProductLabel
Men,6.0,D1_ProductLabel
Men,46.5,D1_ProductLabel
Men,52.49,D1_ProductLabel
Women,13.59,D1_ProductLabel
Men,44.0,D1_ProductLabel
Men,8.0,D1_ProductLabel
Men,4.8,D1_ProductLabel
Men,4.56,D1_ProductLabel
Women,13.59,D1_ProductLabel
Women,4.08,D1_ProductLabel
Women,15.19,D1_ProductLabel
Women,7.6,D1_ProductLabel
Men,10.63,D1_ProductLabel
Men,10.63,D1_ProductLabel
Men,8.0,D1_ProductLabel
Men,37.49,D1_ProductLabel
Men,4.56,D1_ProductLabel
Men,4.56,D1_ProductLabel
Women,4.8,D1_ProductLabel
Men,4.8,D1_ProductLabel
Men,13.59,D1_ProductLabel
Men,8.0,D1_ProductLabel
Men,4.8,D1_ProductLabel
Women,37.2,D1_ProductLabel
Men,4.8,D1_ProductLabel
Women,4.08,D1_ProductLabel
Women,29.7,D1_ProductLabel
Women,6.0,D1_ProductLabel
Women,5.1,D1_ProductLabel
Men,15.99,D1_ProductLabel
Men,4.56,D1_ProductLabel
Women,7.6,D1_ProductLabel
Women,6.0,D1_ProductLabel
Women,5.7,D1_ProductLabel
Men,12.31,D1_ProductLabel
Women,4.08,D1_ProductLabel
Women,4.8,D1_ProductLabel
Women,4.08,D1_ProductLabel
Men,44.79,D1_ProductLabel
Women,8.8,D1_ProductLabel
Women,9.6,D1_ProductLabel
Women,23.76,D1_ProductLabel
Men,4.56,D1_ProductLabel
Men,4.56,D1_ProductLabel
Men,4.8,D1_ProductLabel
Men,4.8,D1_ProductLabel
Women,4.8,D1_ProductLabel
Women,4.56,D1_ProductLabel
Women,4.56,D1_ProductLabel
Men,8.0,D1_ProductLabel
Women,13.59,D1_ProductLabel
Women,13.59,D1_ProductLabel
Women,13.59,D1_ProductLabel
Men,31.35,D1_ProductLabel
Men,7.6,D1_ProductLabel
Men,10.63,D1_ProductLabel
Men,15.99,D1_ProductLabel
Men,15.99,D1_ProductLabel
Men,8.0,D1_ProductLabel
Men,15.99,D1_ProductLabel
Men,5.7,D1_ProductLabel
Men,13.29,D1_ProductLabel
Men,16.99,D1_ProductLabel
Men,4.56,D1_ProductLabel
Women,4.08,D1_ProductLabel
Women,4.8,D1_ProductLabel
Women,4.8,D1_ProductLabel
Men,8.0,D1_ProductLabel
Men,16.99,D1_ProductLabel
Men,16.99,D1_ProductLabel
Men,16.99,D1_ProductLabel
Men,16.99,D1_ProductLabel
Men,19.99,D1_ProductLabel
Men,19.99,D1_ProductLabel
Men,19.99,D1_ProductLabel
Men,19.99,D1_ProductLabel
Men,16.99,D1_ProductLabel
Men,16.99,D1_ProductLabel
Men,16.99,D1_ProductLabel
Men,16.99,D1_ProductLabel
Men,16.99,D1_ProductLabel
Men,16.99,D1_ProductLabel
Men,16.99,D1_ProductLabel
Women,18.99,D1_ProductLabel
Women,18.99,D1_ProductLabel
Women,18.99,D1_ProductLabel
Men,4.8,D1_ProductLabel
Women,4.08,D1_ProductLabel
Women,4.8,D1_ProductLabel
Women,4.8,D1_ProductLabel
Women,4.8,D1_ProductLabel
Men,16.99,D1_ProductLabel
Men,16.99,D1_ProductLabel
Men,37.2,D1_ProductLabel
Men,28.0,D1_ProductLabel
Women,22.0,D1_ProductLabel
Women,9.6,D1_ProductLabel
Women,22.8,D1_ProductLabel
Women,26.0,D1_ProductLabel
Women,23.76,D1_ProductLabel
Women,23.76,D1_ProductLabel
Women,5.1,D1_ProductLabel
Women,6.0,D1_ProductLabel
Women,6.0,D1_ProductLabel
Men,28.0,D1_ProductLabel
Women,26.0,D1_ProductLabel
Women,83.99,D1_ProductLabel
Men,8.0,D1_ProductLabel
Women,22.8,D1_ProductLabel
Men,16.99,D1_ProductLabel
Men,15.39,D1_ProductLabel
Men,18.99,D1_ProductLabel
Men,16.99,D1_ProductLabel
Men,15.99,D1_ProductLabel
Men,13.59,D1_ProductLabel
Women,4.56,D1_ProductLabel
Women,4.56,D1_ProductLabel
Men,37.49,D1_ProductLabel
Men,19.99,D1_ProductLabel
Women,4.8,D1_ProductLabel
Women,4.8,D1_ProductLabel
Men,16.99,D1_ProductLabel
Men,9.99,D1_ProductLabel
Men,18.99,D1_ProductLabel
Men,18.99,D1_ProductLabel
Men,18.99,D1_ProductLabel
Men,18.99,D1_ProductLabel
Men,18.99,D1_ProductLabel
Men,5.7,D1_ProductLabel
Men,13.29,D1_ProductLabel
Men,5.7,D1_ProductLabel
Men,44.79,D1_ProductLabel
Women,9.6,D1_ProductLabel
Women,67.19,D1_ProductLabel
Women,42.0,D1_ProductLabel
Men,5.7,D1_ProductLabel
Men,5.7,D1_ProductLabel
Men,5.7,D1_ProductLabel
Men,5.7,D1_ProductLabel
Men,6.0,D1_ProductLabel
Men,5.7,D1_ProductLabel
Men,5.7,D1_ProductLabel
Women,5.7,D1_ProductLabel
Women,5.7,D1_ProductLabel
Women,5.7,D1_ProductLabel
Women,6.0,D1_ProductLabel
Women,6.0,D1_ProductLabel
Women,6.0,D1_ProductLabel
Men,31.35,D1_ProductLabel
Men,15.99,D1_ProductLabel
Men,26.4,D1_ProductLabel
Men,31.35,D1_ProductLabel
Men,37.2,D1_ProductLabel
Men,15.99,D1_ProductLabel
Men,7.6,D1_ProductLabel
Men,4.56,D1_ProductLabel
Men,44.79,D1_ProductLabel
Men,5.7,D1_ProductLabel
Men,9.99,D1_ProductLabel
Men,5.7,D1_ProductLabel
Men,13.59,D1_ProductLabel
Women,13.59,D1_ProductLabel
Women,4.56,D1_ProductLabel
Women,7.6,D1_ProductLabel
Men,15.19,D1_ProductLabel
Men,18.99,D1_ProductLabel
Men,44.79,D1_ProductLabel
Men,13.59,D1_ProductLabel
Men,13.59,D1_ProductLabel
Men,13.59,D1_ProductLabel
Men,15.99,D1_ProductLabel
Women,15.19,D1_ProductLabel
Men,19.99,D1_ProductLabel
Men,7.6,D1_ProductLabel
Men,4.56,D1_ProductLabel
Men,13.59,D1_ProductLabel
Men,5.7,D1_ProductLabel
Women,5.7,D1_ProductLabel
Women,6.0,D1_ProductLabel
Women,9.49,D1_ProductLabel
Men,7.6,D1_ProductLabel
Women,9.6,D1_ProductLabel
Women,7.6,D1_ProductLabel
Men,16.99,D1_ProductLabel
Women,5.1,D1_ProductLabel
Women,5.7,D1_ProductLabel
Women,13.59,D1_ProductLabel
Women,4.8,D1_ProductLabel
Women,6.0,D1_ProductLabel
Women,41.99,D1_ProductLabel
Women,42.0,D1_ProductLabel
Women,4.08,D1_ProductLabel
Women,7.6,D1_ProductLabel
Women,15.19,D1_ProductLabel
Men,9.99,D1_ProductLabel
Men,8.0,D1_ProductLabel
Women,7.6,D1_ProductLabel
Women,5.1,D1_ProductLabel
Men,9.99,D1_ProductLabel
Men,46.5,D1_ProductLabel
Men,52.49,D1_ProductLabel
Women,7.6,D1_ProductLabel
Women,4.8,D1_ProductLabel
Women,37.49,D1_ProductLabel
Men,13.59,D1_ProductLabel
Men,13.59,D1_ProductLabel
Men,13.59,D1_ProductLabel
Women,13.59,D1_ProductLabel
Women,7.6,D1_ProductLabel
Women,9.6,D1_ProductLabel
Men,15.99,D1_ProductLabel
Men,13.59,D1_ProductLabel
Men,15.99,D1_ProductLabel
Women,4.08,D1_ProductLabel
Men,5.7,D1_ProductLabel
Men,55.99,D1_ProductLabel
Women,7.6,D1_ProductLabel
Women,7.6,D1_ProductLabel
Women,7.6,D1_ProductLabel
Men,13.59,D1_ProductLabel
Men,16.99,D1_ProductLabel
Men,44.79,D1_ProductLabel
Men,16.99,D1_ProductLabel
Men,55.99,D1_ProductLabel
Men,15.99,D1_ProductLabel
Women,15.19,D1_ProductLabel
Men,44.79,D1_ProductLabel
Men,7.6,D1_ProductLabel
Men,15.99,D1_ProductLabel
Men,37.2,D1_ProductLabel
Women,42.0,D1_ProductLabel
Women,26.0,D1_ProductLabel
Women,26.0,D1_ProductLabel
Women,4.56,D1_ProductLabel
Men,28.0,D1_ProductLabel
Men,8.0,D1_ProductLabel
Men,4.56,D1_ProductLabel
Men,5.7,D1_ProductLabel
Men,16.99,D1_ProductLabel
Men,16.99,D1_ProductLabel
Men,55.99,D1_ProductLabel
Men,13.59,D1_ProductLabel
Men,10.63,D1_ProductLabel
Men,4.56,D1_ProductLabel
Women,4.08,D1_ProductLabel
Men,19.99,D1_ProductLabel
Men,15.99,D1_ProductLabel
Men,13.59,D1_ProductLabel
Men,8.0,D1_ProductLabel
Men,13.59,D1_ProductLabel
Women,41.99,D1_ProductLabel
Women,30.0,D1_ProductLabel
Men,7.6,D1_ProductLabel
Men,8.0,D1_ProductLabel
Men,4.56,D1_ProductLabel
Men,44.79,D1_ProductLabel
Men,15.99,D1_ProductLabel
Men,15.99,D1_ProductLabel
Men,15.99,D1_ProductLabel
Men,4.8,D1_ProductLabel
Men,4.56,D1_ProductLabel
Women,4.08,D1_ProductLabel
Women,4.08,D1_ProductLabel
Men,13.59,D1_ProductLabel
Women,29.7,D1_ProductLabel
Men,5.7,D1_ProductLabel
Women,6.0,D1_ProductLabel
Women,6.0,D1_ProductLabel
Men,7.6,D1_ProductLabel
Women,9.6,D1_ProductLabel
Women,7.6,D1_ProductLabel
Men,5.7,D1_ProductLabel
Men,5.7,D1_ProductLabel
Men,13.29,D1_ProductLabel
Men,6.0,D1_ProductLabel
Men,5.7,D1_ProductLabel
Men,9.99,D1_ProductLabel
Men,8.49,D1_ProductLabel
Men,16.5,D1_ProductLabel
Men,13.59,D1_ProductLabel
Men,13.59,D1_ProductLabel
Women,13.59,D1_ProductLabel
Men,13.29,D1_ProductLabel
Men,5.7,D1_ProductLabel
Men,5.7,D1_ProductLabel
Men,13.29,D1_ProductLabel
Men,9.99,D1_ProductLabel
Women,22.8,D1_ProductLabel
Women,12.0,D1_ProductLabel
Men,13.59,D1_ProductLabel
Men,4.56,D1_ProductLabel
Men,37.2,D1_ProductLabel
Men,44.0,D1_ProductLabel
Men,4.56,D1_ProductLabel
Men,30.0,D1_ProductLabel
Men,16.99,D1_ProductLabel
Men,16.99,D1_ProductLabel
Men,16.99,D1_ProductLabel
Men,19.99,D1_ProductLabel
Men,5.7,D1_ProductLabel
Women,17.4,D1_ProductLabel
Women,17.4,D1_ProductLabel
Men,9.99,D1_ProductLabel
Men,28.0,D1_ProductLabel
Women,23.76,D1_ProductLabel
Men,19.99,D1_ProductLabel
Men,16.99,D1_ProductLabel
Men,16.99,D1_ProductLabel
Men,55.99,D1_ProductLabel
Women,18.99,D1_ProductLabel
Women,18.99,D1_ProductLabel
Men,5.7,D1_ProductLabel
Men,16.99,D1_ProductLabel
Men,13.2,D1_ProductLabel
Women,4.08,D1_ProductLabel
Women,13.92,D1_ProductLabel
Women,13.92,D1_ProductLabel
Men,13.59,D1_ProductLabel
Women,4.56,D1_ProductLabel
Women,7.6,D1_ProductLabel
Men,44.79,D1_ProductLabel
Men,29.11,D1_ProductLabel
Women,44.0,D1_ProductLabel
Men,15.99,D1_ProductLabel
Men,15.99,D1_ProductLabel
Men,13.59,D1_ProductLabel
Men,5.7,D1_ProductLabel
Men,5.7,D1_ProductLabel
Men,5.7,D1_ProductLabel
Men,5.7,D1_ProductLabel
Men,4.8,D1_ProductLabel
Men,8.8,D1_ProductLabel
Men,4.56,D1_ProductLabel
Men,4.56,D1_ProductLabel
Women,4.08,D1_ProductLabel
Women,4.08,D1_ProductLabel
Women,4.08,D1_ProductLabel
Women,4.08,D1_ProductLabel
Women,4.56,D1_ProductLabel
Women,4.8,D1_ProductLabel
Women,4.56,D1_ProductLabel
Women,8.8,D1_ProductLabel
Women,4.8,D1_ProductLabel
Women,4.8,D1_ProductLabel
Men,44.0,D1_ProductLabel
Men,6.0,D1_ProductLabel
Women,6.0,D1_ProductLabel
Men,7.6,D1_ProductLabel
Men,55.99,D1_ProductLabel
Men,7.6,D1_ProductLabel
Men,10.63,D1_ProductLabel
Men,7.6,D1_ProductLabel
Men,37.2,D1_ProductLabel
Men,10.63,D1_ProductLabel
Men,5.7,D1_ProductLabel
Men,13.29,D1_ProductLabel
Men,4.56,D1_ProductLabel
Men,15.99,D1_ProductLabel
Men,8.0,D1_ProductLabel
Men,15.99,D1_ProductLabel
Men,15.99,D1_ProductLabel
Men,4.56,D1_ProductLabel
Men,13.2,D1_ProductLabel
Men,8.8,D1_ProductLabel
Women,4.8,D1_ProductLabel
Women,9.6,D1_ProductLabel
Men,8.0,D1_ProductLabel
Women,7.6,D1_ProductLabel
Men,16.99,D1_ProductLabel
Men,13.29,D1_ProductLabel
Men,15.99,D1_ProductLabel
Men,4.8,D1_ProductLabel
Men,5.7,D1_ProductLabel
Men,13.29,D1_ProductLabel
Women,16.99,D1_ProductLabel
Women,18.99,D1_ProductLabel
Women,5.1,D1_ProductLabel
Women,18.99,D1_ProductLabel
Men,13.59,D1_ProductLabel
Men,13.59,D1_ProductLabel
Men,13.59,D1_ProductLabel
Men,4.56,D1_ProductLabel
Women,4.8,D1_ProductLabel
Men,4.56,D1_ProductLabel
Men,26.4,D1_ProductLabel
Women,26.0,D1_ProductLabel
Men,13.59,D1_ProductLabel
Men,7.6,D1_ProductLabel
Men,4.56,D1_ProductLabel
Men,10.63,D1_ProductLabel
Men,10.63,D1_ProductLabel
Women,9.6,D1_ProductLabel
Women,7.6,D1_ProductLabel
Women,7.6,D1_ProductLabel
Women,26.0,D1_ProductLabel
Men,16.99,D1_ProductLabel
Men,15.99,D1_ProductLabel
Women,7.6,D1_ProductLabel
Women,5.1,D1_ProductLabel
Men,7.6,D1_ProductLabel
Women,12.0,D1_ProductLabel
Women,6.0,D1_ProductLabel
Men,5.7,D1_ProductLabel
Men,44.0,D1_ProductLabel
Men,30.0,D1_ProductLabel
Women,7.6,D1_ProductLabel
Men,13.29,D1_ProductLabel
Women,15.19,D1_ProductLabel
Women,7.6,D1_ProductLabel
Women,4.8,D1_ProductLabel
Women,7.6,D1_ProductLabel
Men,4.56,D1_ProductLabel
Women,4.08,D1_ProductLabel
Men,16.99,D1_ProductLabel
Women,41.99,D1_ProductLabel
Men,10.63,D1_ProductLabel
Men,4.56,D1_ProductLabel
Men,5.7,D1_ProductLabel
Men,29.11,D1_ProductLabel
Men,8.0,D1_ProductLabel
Men,13.59,D1_ProductLabel
Men,7.6,D1_ProductLabel
Men,4.56,D1_ProductLabel
Men,4.56,D1_ProductLabel
Men,8.0,D1_ProductLabel
Men,4.56,D1_ProductLabel
Women,4.08,D1_ProductLabel
Women,4.8,D1_ProductLabel
Women,4.8,D1_ProductLabel
Women,8.8,D1_ProductLabel
Women,6.8,D1_ProductLabel
Women,7.6,D1_ProductLabel
Women,7.6,D1_ProductLabel
Women,9.6,D1_ProductLabel
Women,4.8,D1_ProductLabel
Women,4.8,D1_ProductLabel
Women,4.8,D1_ProductLabel
Men,8.0,D1_ProductLabel
Women,7.6,D1_ProductLabel
Women,59.99,D1_ProductLabel
Men,34.99,D1_ProductLabel
Women,5.1,D1_ProductLabel
Women,5.7,D1_ProductLabel
Men,5.7,D1_ProductLabel
Men,13.59,D1_ProductLabel
Women,7.6,D1_ProductLabel
Women,7.6,D1_ProductLabel
Men,4.8,D1_ProductLabel
Women,4.08,D1_ProductLabel
Women,9.6,D1_ProductLabel
Women,7.6,D1_ProductLabel
Women,13.59,D1_ProductLabel
Women,13.59,D1_ProductLabel
Men,12.31,D1_ProductLabel
Women,17.4,D1_ProductLabel
Women,4.56,D1_ProductLabel
Women,9.6,D1_ProductLabel
Women,23.76,D1_ProductLabel
Women,5.1,D1_ProductLabel
Women,6.0,D1_ProductLabel
Women,6.0,D1_ProductLabel
Women,13.59,D1_ProductLabel
Men,6.0,D1_ProductLabel
Women,17.4,D1_ProductLabel
Women,42.0,D1_ProductLabel
Women,41.99,D1_ProductLabel
Men,16.99,D1_ProductLabel
Men,26.4,D1_ProductLabel
Women,4.8,D1_ProductLabel
Men,18.99,D1_ProductLabel
Women,6.0,D1_ProductLabel
Women,5.7,D1_ProductLabel
Women,23.76,D1_ProductLabel
Women,4.56,D1_ProductLabel
Women,4.56,D1_ProductLabel
Women,7.6,D1_ProductLabel
Men,55.99,D1_ProductLabel
Men,16.99,D1_ProductLabel
Women,6.0,D1_ProductLabel
Women,12.0,D1_ProductLabel
Women,6.0,D1_ProductLabel
Men,13.2,D1_ProductLabel
Men,44.0,D1_ProductLabel
Men,5.7,D1_ProductLabel
Men,9.99,D1_ProductLabel
Men,11.0,D1_ProductLabel
Women,5.1,D1_ProductLabel
Women,5.1,D1_ProductLabel
Women,6.0,D1_ProductLabel
Men,5.7,D1_ProductLabel
Men,12.31,D1_ProductLabel
Men,10.63,D1_ProductLabel
Men,15.99,D1_ProductLabel
Men,41.99,D1_ProductLabel
Men,13.59,D1_ProductLabel
Men,15.99,D1_ProductLabel
Women,5.1,D1_ProductLabel
Men,13.59,D1_ProductLabel
Men,15.99,D1_ProductLabel
Women,22.0,D1_ProductLabel
Women,7.6,D1_ProductLabel
Men,4.56,D1_ProductLabel
Women,4.08,D1_ProductLabel
Men,8.0,D1_ProductLabel
Women,12.0,D1_ProductLabel
Women,4.8,D1_ProductLabel
Women,7.6,D1_ProductLabel
Men,13.59,D1_ProductLabel
Men,4.56,D1_ProductLabel
Men,13.59,D1_ProductLabel
Women,16.99,D1_ProductLabel
Men,7.6,D1_ProductLabel
Men,4.56,D1_ProductLabel
Women,4.8,D1_ProductLabel
Women,4.8,D1_ProductLabel
Women,4.8,D1_ProductLabel
Women,4.8,D1_ProductLabel
Women,4.8,D1_ProductLabel
Women,6.0,D1_ProductLabel
Women,13.59,D1_ProductLabel
Women,4.8,D1_ProductLabel
Women,23.76,D1_ProductLabel
Men,44.79,D1_ProductLabel
Men,19.99,D1_ProductLabel
Women,4.08,D1_ProductLabel
Women,4.08,D1_ProductLabel
Women,7.6,D1_ProductLabel
Women,9.6,D1_ProductLabel
Women,26.0,D1_ProductLabel
Women,5.1,D1_ProductLabel
Women,6.0,D1_ProductLabel
Women,41.99,D1_ProductLabel
Women,59.99,D1_ProductLabel
Men,44.79,D1_ProductLabel
Women,42.0,D1_ProductLabel
Men,13.59,D1_ProductLabel
Women,4.8,D1_ProductLabel
Men,28.0,D1_ProductLabel
Men,5.7,D1_ProductLabel
Men,5.7,D1_ProductLabel
Men,9.99,D1_ProductLabel
Men,5.7,D1_ProductLabel
Men,13.29,D1_ProductLabel
Men,6.0,D1_ProductLabel
Men,37.49,D1_ProductLabel
Men,12.31,D1_ProductLabel
Men,48.0,D1_ProductLabel
Men,44.0,D1_ProductLabel
Men,13.59,D1_ProductLabel
Men,15.99,D1_ProductLabel
Women,4.8,D1_ProductLabel
Men,15.99,D1_ProductLabel
Women,9.49,D1_ProductLabel
Men,8.0,D1_ProductLabel
Men,4.56,D1_ProductLabel
Men,26.4,D1_ProductLabel
Men,15.19,D1_ProductLabel
Men,4.56,D1_ProductLabel
Men,13.59,D1_ProductLabel
Men,15.99,D1_ProductLabel
Men,13.59,D1_ProductLabel
Men,44.79,D1_ProductLabel
Women,13.59,D1_ProductLabel
Women,42.0,D1_ProductLabel
Men,13.59,D1_ProductLabel
Men,13.59,D1_ProductLabel
Men,13.59,D1_ProductLabel
Men,7.6,D1_ProductLabel
Men,13.59,D1_ProductLabel
Men,44.79,D1_ProductLabel
Men,13.59,D1_ProductLabel
Men,19.99,D1_ProductLabel
Men,5.7,D1_ProductLabel
Men,4.8,D1_ProductLabel
Women,4.8,D1_ProductLabel
Men,7.6,D1_ProductLabel
Men,4.56,D1_ProductLabel
Men,15.99,D1_ProductLabel
Women,67.19,D1_ProductLabel
Men,5.7,D1_ProductLabel
Men,4.8,D1_ProductLabel
Men,8.8,D1_ProductLabel
Women,4.08,D1_ProductLabel
Men,28.0,D1_ProductLabel
Men,7.6,D1_ProductLabel
Women,4.08,D1_ProductLabel
Women,4.8,D1_ProductLabel
Men,16.99,D1_ProductLabel
Men,13.59,D1_ProductLabel
Women,13.59,D1_ProductLabel
Women,4.8,D1_ProductLabel
Men,44.79,D1_ProductLabel
Men,29.11,D1_ProductLabel
Men,44.79,D1_ProductLabel
Women,23.76,D1_ProductLabel
Men,16.99,D1_ProductLabel
Men,4.56,D1_ProductLabel
Women,4.08,D1_ProductLabel
Men,44.79,D1_ProductLabel
Women,9.6,D1_ProductLabel
Women,26.0,D1_ProductLabel
Men,13.59,D1_ProductLabel
Women,7.6,D1_ProductLabel
Men,4.56,D1_ProductLabel
Men,13.59,D1_ProductLabel
Men,44.79,D1_ProductLabel
Women,6.8,D1_ProductLabel
Men,6.8,D1_ProductLabel
Men,8.0,D1_ProductLabel
Men,9.99,D1_ProductLabel
Men,8.49,D1_ProductLabel
Women,8.49,D1_ProductLabel
Women,4.25,D1_ProductLabel
Women,4.25,D1_ProductLabel
Women,9.49,D1_ProductLabel
Women,4.75,D1_ProductLabel
Women,11.6,D1_ProductLabel
Men,27.5,D1_ProductLabel
Women,7.6,D1_ProductLabel
Men,16.99,D1_ProductLabel
Men,27.5,D1_ProductLabel
Women,7.6,D1_ProductLabel
Women,11.6,D1_ProductLabel
Women,7.6,D1_ProductLabel
Men,6.8,D1_ProductLabel
Women,7.6,D1_ProductLabel
Women,6.8,D1_ProductLabel
Women,7.6,D1_ProductLabel
Women,17.59,D1_ProductLabel
Men,8.0,D1_ProductLabel
Women,17.59,D1_ProductLabel
Women,9.49,D1_ProductLabel
Men,8.49,D1_ProductLabel
Women,17.59,D1_ProductLabel
Men,27.5,D1_ProductLabel
Women,7.6,D1_ProductLabel
Men,8.49,D1_ProductLabel
Men,15.99,D1_ProductLabel
Women,15.19,D1_ProductLabel
Women,19.0,D1_ProductLabel
Women,15.0,D1_ProductLabel
Men,27.5,D1_ProductLabel
Women,11.6,D1_ProductLabel
Men,16.99,D1_ProductLabel
Men,18.75,D1_ProductLabel
Men,15.99,D1_ProductLabel
Women,13.59,D1_ProductLabel
Women,6.0,D1_ProductLabel
Women,4.8,D1_ProductLabel
Women,15.19,D1_ProductLabel
Men,15.99,D1_ProductLabel
Women,23.76,D1_ProductLabel
Women,11.6,D1_ProductLabel
Women,15.19,D1_ProductLabel
Men,13.59,D1_ProductLabel
Women,4.4,D1_ProductLabel
Men,18.75,D1_ProductLabel
Men,15.0,D1_ProductLabel
Men,15.0,D1_ProductLabel
Women,15.19,D1_ProductLabel
Women,19.0,D1_ProductLabel
Men,27.5,D1_ProductLabel
Men,24.75,D1_ProductLabel
Men,18.75,D1_ProductLabel
Men,27.5,D1_ProductLabel
Men,13.59,D1_ProductLabel
Women,6.0,D1_ProductLabel
Women,23.75,D1_ProductLabel
Men,13.59,D1_ProductLabel
Women,11.6,D1_ProductLabel
Women,11.6,D1_ProductLabel
Women,4.25,D1_ProductLabel
Women,18.99,D1_ProductLabel
Women,15.19,D1_ProductLabel
Men,13.59,D1_ProductLabel
Women,3.4,D1_ProductLabel
Women,3.4,D1_ProductLabel
Women,4.8,D1_ProductLabel
Women,16.99,D1_ProductLabel
Men,15.0,D1_ProductLabel
Women,4.8,D1_ProductLabel
Women,18.99,D1_ProductLabel
Men,24.75,D1_ProductLabel
Men,18.75,D1_ProductLabel
Men,18.75,D1_ProductLabel
Men,4.75,D1_ProductLabel
Men,13.59,D1_ProductLabel
Women,11.0,D1_ProductLabel
Men,16.99,D1_ProductLabel
Men,4.75,D1_ProductLabel
Men,24.75,D1_ProductLabel
Women,4.25,D1_ProductLabel
Women,4.25,D1_ProductLabel
Women,4.25,D1_ProductLabel
Women,27.0,D1_ProductLabel
Women,14.0,D1_ProductLabel
Women,11.0,D1_ProductLabel
Women,11.6,D1_ProductLabel
Women,4.25,D1_ProductLabel
Women,4.25,D1_ProductLabel
Women,11.0,D1_ProductLabel
Men,3.8,D1_ProductLabel
Women,3.4,D1_ProductLabel
Men,19.99,D1_ProductLabel
Men,3.8,D1_ProductLabel
Men,18.0,D1_ProductLabel
Women,4.8,D1_ProductLabel
Women,11.0,D1_ProductLabel
Men,18.75,D1_ProductLabel
Men,4.75,D1_ProductLabel
Men,14.0,D1_ProductLabel
Men,15.0,D1_ProductLabel
Men,4.0,D1_ProductLabel
Men,16.99,D1_ProductLabel
Women,6.0,D1_ProductLabel
Women,4.75,D1_ProductLabel
Men,16.99,D1_ProductLabel
Women,4.25,D1_ProductLabel
Men,3.8,D1_ProductLabel
Men,15.0,D1_ProductLabel
Women,11.2,D1_ProductLabel
Men,15.99,D1_ProductLabel
Men,3.8,D1_ProductLabel
Men,15.0,D1_ProductLabel
Men,15.0,D1_ProductLabel
Women,3.4,D1_ProductLabel
Men,13.59,D1_ProductLabel
Men,13.59,D1_ProductLabel
Men,15.0,D1_ProductLabel
Women,15.19,D1_ProductLabel
Men,18.75,D1_ProductLabel
Men,27.5,D1_ProductLabel
Men,18.75,D1_ProductLabel
Men,18.75,D1_ProductLabel
Men,18.75,D1_ProductLabel
Men,16.99,D1_ProductLabel
Men,13.59,D1_ProductLabel
Men,22.0,D1_ProductLabel
Men,15.99,D1_ProductLabel
Men,19.99,D1_ProductLabel
Men,27.5,D1_ProductLabel
Women,4.25,D1_ProductLabel
Women,4.25,D1_ProductLabel
Women,5.5,D1_ProductLabel
Women,23.75,D1_ProductLabel
Women,24.75,D1_ProductLabel
Men,15.99,D1_ProductLabel
Women,4.75,D1_ProductLabel
Men,15.99,D1_ProductLabel
Men,13.59,D1_ProductLabel
Men,13.59,D1_ProductLabel
Men,15.99,D1_ProductLabel
Women,4.25,D1_ProductLabel
Women,14.5,D1_ProductLabel
Women,4.75,D1_ProductLabel
Women,4.8,D1_ProductLabel
Women,15.19,D1_ProductLabel
Women,4.0,D1_ProductLabel
Men,13.59,D1_ProductLabel
Men,15.99,D1_ProductLabel
Men,22.0,D1_ProductLabel
Women,4.8,D1_ProductLabel
Women,9.51,D1_ProductLabel
Men,19.99,D1_ProductLabel
Men,27.5,D1_ProductLabel
Women,16.99,D1_ProductLabel
Women,4.25,D1_ProductLabel
Women,14.5,D1_ProductLabel
Women,14.5,D1_ProductLabel
Men,18.75,D1_ProductLabel
Men,27.5,D1_ProductLabel
Men,18.75,D1_ProductLabel
Women,3.4,D1_ProductLabel
Men,15.99,D1_ProductLabel
Men,13.59,D1_ProductLabel
Men,13.59,D1_ProductLabel
Women,3.4,D1_ProductLabel
Women,4.8,D1_ProductLabel
Women,11.6,D1_ProductLabel
Men,13.59,D1_ProductLabel
Women,5.5,D1_ProductLabel
Men,16.99,D1_ProductLabel
Men,19.99,D1_ProductLabel
Women,11.6,D1_ProductLabel
Women,19.0,D1_ProductLabel
Women,4.25,D1_ProductLabel
Men,19.99,D1_ProductLabel
Men,19.99,D1_ProductLabel
Women,4.25,D1_ProductLabel
Women,18.99,D1_ProductLabel
Women,14.5,D1_ProductLabel
Men,13.59,D1_ProductLabel
Women,18.99,D1_ProductLabel
Women,15.19,D1_ProductLabel
Women,11.6,D1_ProductLabel
Women,3.4,D1_ProductLabel
Men,13.59,D1_ProductLabel
Men,13.59,D1_ProductLabel
Women,19.0,D1_ProductLabel
Men,18.75,D1_ProductLabel
Men,22.0,D1_ProductLabel
Women,4.8,D1_ProductLabel
Women,11.6,D1_ProductLabel
Women,19.0,D1_ProductLabel
Men,4.56,D1_ProductLabel
Men,15.0,D1_ProductLabel
Women,4.8,D1_ProductLabel
Women,4.4,D1_ProductLabel
Women,4.0,D1_ProductLabel
Men,13.59,D1_ProductLabel
Men,26.4,D1_ProductLabel
Men,19.99,D1_ProductLabel
Women,24.75,D1_ProductLabel
Women,6.8,D1_ProductLabel
Women,3.4,D1_ProductLabel
Men,8.49,D1_ProductLabel
Men,8.49,D1_ProductLabel
Men,8.0,D1_ProductLabel
Women,9.49,D1_ProductLabel
Men,9.99,D1_ProductLabel
Men,19.99,D1_ProductLabel
Men,27.5,D1_ProductLabel
Women,14.5,D1_ProductLabel
Men,8.49,D1_ProductLabel
Men,8.49,D1_ProductLabel
Men,19.99,D1_ProductLabel
Men,8.49,D1_ProductLabel
Women,3.4,D1_ProductLabel
Women,4.8,D1_ProductLabel
Women,11.6,D1_ProductLabel
Men,13.59,D1_ProductLabel
Men,22.0,D1_ProductLabel
Women,24.75,D1_ProductLabel
Men,3.4,D1_ProductLabel
Women,3.8,D1_ProductLabel
Men,15.99,D1_ProductLabel
Women,3.4,D1_ProductLabel
Women,6.0,D1_ProductLabel
Women,5.5,D1_ProductLabel
Women,11.6,D1_ProductLabel
Men,15.99,D1_ProductLabel
Women,15.19,D1_ProductLabel
Men,19.99,D1_ProductLabel
Men,19.99,D1_ProductLabel
Men,27.5,D1_ProductLabel
Women,15.19,D1_ProductLabel
Women,11.6,D1_ProductLabel
Women,4.25,D1_ProductLabel
Women,4.75,D1_ProductLabel
Men,16.99,D1_ProductLabel
Women,4.25,D1_ProductLabel
Women,11.6,D1_ProductLabel
Women,3.4,D1_ProductLabel
Women,4.8,D1_ProductLabel
Women,3.8,D1_ProductLabel
Men,27.5,D1_ProductLabel
Women,4.8,D1_ProductLabel
Men,13.59,D1_ProductLabel
Women,4.8,D1_ProductLabel
Women,4.75,D1_ProductLabel
Men,15.0,D1_ProductLabel
Women,4.4,D1_ProductLabel
Women,19.8,D1_ProductLabel
Men,15.0,D1_ProductLabel
Women,15.19,D1_ProductLabel
Men,18.75,D1_ProductLabel
Men,16.99,D1_ProductLabel
Men,18.75,D1_ProductLabel
Men,15.99,D1_ProductLabel
Men,16.99,D1_ProductLabel
Women,18.99,D1_ProductLabel
Men,15.99,D1_ProductLabel
Men,15.99,D1_ProductLabel
Men,15.99,D1_ProductLabel
Men,13.59,D1_ProductLabel
Women,21.99,D1_ProductLabel
Women,4.8,D1_ProductLabel
Women,3.8,D1_ProductLabel
Men,18.75,D1_ProductLabel
Men,27.5,D1_ProductLabel
Men,22.0,D1_ProductLabel
Men,13.59,D1_ProductLabel
Men,22.0,D1_ProductLabel
Women,4.8,D1_ProductLabel
Women,11.6,D1_ProductLabel
Women,11.6,D1_ProductLabel
Men,15.0,D1_ProductLabel
Men,15.99,D1_ProductLabel
Women,19.8,D1_ProductLabel
Women,3.4,D1_ProductLabel
Women,4.8,D1_ProductLabel
Women,3.4,D1_ProductLabel
Women,4.25,D1_ProductLabel
Women,11.6,D1_ProductLabel
Women,4.25,D1_ProductLabel
Women,6.0,D1_ProductLabel
Women,23.75,D1_ProductLabel
Men,15.0,D1_ProductLabel
Women,13.59,D1_ProductLabel
Women,4.25,D1_ProductLabel
Women,4.25,D1_ProductLabel
Women,4.8,D1_ProductLabel
Men,11.2,D1_ProductLabel
Men,3.8,D1_ProductLabel
Women,3.4,D1_ProductLabel
Women,3.8,D1_ProductLabel
Women,4.4,D1_ProductLabel
Women,4.0,D1_ProductLabel
Men,4.0,D1_ProductLabel
Men,4.0,D1_ProductLabel
Men,3.4,D1_ProductLabel
Women,3.8,D1_ProductLabel
Women,11.2,D1_ProductLabel
Women,6.0,D1_ProductLabel
Women,14.5,D1_ProductLabel
Women,15.0,D1_ProductLabel
Women,11.2,D1_ProductLabel
Men,11.2,D1_ProductLabel
Men,4.0,D1_ProductLabel
Women,3.8,D1_ProductLabel
Men,14.0,D1_ProductLabel
Men,18.75,D1_ProductLabel
Men,5.0,D1_ProductLabel
Men,5.0,D1_ProductLabel
Women,4.75,D1_ProductLabel
Women,21.0,D1_ProductLabel
Men,14.0,D1_ProductLabel
Men,14.0,D1_ProductLabel
Women,26.25,D1_ProductLabel
Men,18.75,D1_ProductLabel
Women,23.75,D1_ProductLabel
Men,15.99,D1_ProductLabel
Women,19.8,D1_ProductLabel
Women,4.8,D1_ProductLabel
Women,13.59,D1_ProductLabel
Women,15.19,D1_ProductLabel
Women,3.4,D1_ProductLabel
Women,11.2,D1_ProductLabel
Men,3.8,D1_ProductLabel
Women,3.4,D1_ProductLabel
Women,3.4,D1_ProductLabel
Men,13.59,D1_ProductLabel
Men,15.0,D1_ProductLabel
Men,4.75,D1_ProductLabel
Women,27.5,D1_ProductLabel
Men,3.8,D1_ProductLabel
Women,4.8,D1_ProductLabel
Women,3.4,D1_ProductLabel
Women,17.59,D1_ProductLabel
Women,17.59,D1_ProductLabel
Women,17.59,D1_ProductLabel
Women,21.99,D1_ProductLabel
Men,8.49,D1_ProductLabel
Men,8.49,D1_ProductLabel
Women,6.8,D1_ProductLabel
Women,7.6,D1_ProductLabel
Women,3.8,D1_ProductLabel
Women,7.6,D1_ProductLabel
Women,6.8,D1_ProductLabel
Women,17.59,D1_ProductLabel
Women,17.59,D1_ProductLabel
Women,15.19,D1_ProductLabel
Men,15.99,D1_ProductLabel
Women,4.25,D1_ProductLabel
Women,4.25,D1_ProductLabel
Women,4.75,D1_ProductLabel
Women,3.4,D1_ProductLabel
Women,4.8,D1_ProductLabel
Women,11.0,D1_ProductLabel
Women,3.4,D1_ProductLabel
Women,4.0,D1_ProductLabel
Women,19.8,D1_ProductLabel
Men,19.8,D1_ProductLabel
Men,13.59,D1_ProductLabel
Women,3.4,D1_ProductLabel
Women,3.4,D1_ProductLabel
Women,21.0,D1_ProductLabel
Women,3.8,D1_ProductLabel
Men,18.75,D1_ProductLabel
Women,26.25,D1_ProductLabel
Men,15.99,D1_ProductLabel
Men,13.59,D1_ProductLabel
Men,15.0,D1_ProductLabel
Women,4.0,D1_ProductLabel
Women,3.4,D1_ProductLabel
Men,3.4,D1_ProductLabel
Women,11.0,D1_ProductLabel
Women,3.4,D1_ProductLabel
Women,15.0,D1_ProductLabel
Women,11.6,D1_ProductLabel
Women,11.6,D1_ProductLabel
Women,3.4,D1_ProductLabel
Women,4.0,D1_ProductLabel
Women,3.8,D1_ProductLabel
Women,3.4,D1_ProductLabel
Men,18.75,D1_ProductLabel
Women,14.0,D1_ProductLabel
Men,4.25,D1_ProductLabel
Men,3.8,D1_ProductLabel
Women,4.8,D1_ProductLabel
Women,21.0,D1_ProductLabel
Men,15.99,D1_ProductLabel
Women,4.8,D1_ProductLabel
Men,15.99,D1_ProductLabel
Women,6.0,D1_ProductLabel
Men,3.8,D1_ProductLabel
Women,4.8,D1_ProductLabel
Women,11.0,D1_ProductLabel
Women,19.0,D1_ProductLabel
Men,4.75,D1_ProductLabel
Women,4.8,D1_ProductLabel
Women,3.8,D1_ProductLabel
Men,24.75,D1_ProductLabel
Men,17.5,D1_ProductLabel
Men,18.75,D1_ProductLabel
Women,4.25,D1_ProductLabel
Women,4.75,D1_ProductLabel
Women,4.75,D1_ProductLabel
Men,19.99,D1_ProductLabel
Men,4.75,D1_ProductLabel
Women,19.8,D1_ProductLabel
Women,13.59,D1_ProductLabel
Women,3.4,D1_ProductLabel
Women,9.51,D1_ProductLabel
Women,15.19,D1_ProductLabel
Women,3.4,D1_ProductLabel
Women,18.99,D1_ProductLabel
Men,16.99,D1_ProductLabel
Women,16.99,D1_ProductLabel
Women,16.99,D1_ProductLabel
Men,109.99,D1_ProductLabel
Men,55.99,D1_ProductLabel
Men,13.59,D1_ProductLabel
Women,15.19,D1_ProductLabel
Women,13.59,D1_ProductLabel
Women,19.19,D1_ProductLabel
Men,15.19,D1_ProductLabel
Men,15.19,D1_ProductLabel
Men,44.79,D1_ProductLabel
Women,44.79,D1_ProductLabel
Men,13.59,D1_ProductLabel
Women,15.19,D1_ProductLabel
Men,44.79,D1_ProductLabel
Men,71.99,D1_ProductLabel
Men,74.99,D1_ProductLabel
Men,87.99,D1_ProductLabel
Women,87.99,D1_ProductLabel
Women,87.99,D1_ProductLabel
Women,87.99,D1_ProductLabel
Men,15.99,D1_ProductLabel
Men,15.99,D1_ProductLabel
Men,44.79,D1_ProductLabel
Women,15.19,D1_ProductLabel
Women,15.19,D1_ProductLabel
Men,15.19,D1_ProductLabel
Men,15.19,D1_ProductLabel
Men,15.19,D1_ProductLabel
Women,15.19,D1_ProductLabel
Women,15.19,D1_ProductLabel
Men,15.19,D1_ProductLabel
Men,15.19,D1_ProductLabel
Men,15.19,D1_ProductLabel
Men,17.59,D1_ProductLabel
Men,15.19,D1_ProductLabel
Men,13.59,D1_ProductLabel
Men,13.59,D1_ProductLabel
Men,15.99,D1_ProductLabel
Women,15.19,D1_ProductLabel
Men,44.79,D1_ProductLabel
Men,44.79,D1_ProductLabel
Women,74.99,D1_ProductLabel
Men,119.99,D1_ProductLabel
Men,74.99,D1_ProductLabel
Women,16.99,D1_ProductLabel
Women,16.99,D1_ProductLabel
Women,98.99,D1_ProductLabel
Women,15.19,D1_ProductLabel
Men,19.99,D1_ProductLabel
Men,18.99,D1_ProductLabel
Men,15.99,D1_ProductLabel
Men,13.59,D1_ProductLabel
Men,13.59,D1_ProductLabel
Men,13.59,D1_ProductLabel
Men,13.59,D1_ProductLabel
Women,15.19,D1_ProductLabel
Women,15.19,D1_ProductLabel
Men,13.59,D1_ProductLabel
Men,16.99,D1_ProductLabel
Men,4.99,D1_ProductLabel
Men,13.59,D1_ProductLabel
Men,13.59,D1_ProductLabel
Women,13.59,D1_ProductLabel
Women,15.19,D1_ProductLabel
Men,16.99,D1_ProductLabel
Men,16.99,D1_ProductLabel
Men,1.59,D1_ProductLabel
Women,1.59,D1_ProductLabel
Men,16.99,D1_ProductLabel
Women,59.99,D1_ProductLabel
Men,13.59,D1_ProductLabel
Men,13.59,D1_ProductLabel
Men,16.99,D1_ProductLabel
Women,23.99,D1_ProductLabel
Women,21.99,D1_ProductLabel
Women,18.99,D1_ProductLabel
Men,79.19,D1_ProductLabel
Men,18.99,D1_ProductLabel
Women,44.79,D1_ProductLabel
Men,44.79,D1_ProductLabel
Women,55.99,D1_ProductLabel
Men,16.99,D1_ProductLabel
Men,16.99,D1_ProductLabel
Men,18.99,D1_ProductLabel
Men,18.99,D1_ProductLabel
Men,55.99,D1_ProductLabel
Men,51.99,D1_ProductLabel
Men,21.99,D1_ProductLabel
Men,19.99,D1_ProductLabel
Men,16.99,D1_ProductLabel
Men,15.99,D1_ProductLabel
Men,55.99,D1_ProductLabel
Men,16.99,D1_ProductLabel
Men,55.99,D1_ProductLabel
Men,55.99,D1_ProductLabel
Men,18.99,D1_ProductLabel
Men,15.99,D1_ProductLabel
Men,13.59,D1_ProductLabel
Men,13.59,D1_ProductLabel
Men,44.79,D1_ProductLabel
Women,18.99,D1_ProductLabel
Men,13.59,D1_ProductLabel
Men,59.99,D1_ProductLabel
Men,17.59,D1_ProductLabel
Men,15.19,D1_ProductLabel
Women,13.59,D1_ProductLabel
Women,15.99,D1_ProductLabel
Women,15.19,D1_ProductLabel
Women,15.19,D1_ProductLabel
Women,15.19,D1_ProductLabel
Men,15.19,D1_ProductLabel
Men,15.19,D1_ProductLabel
Women,13.59,D1_ProductLabel
Women,15.19,D1_ProductLabel
Men,44.79,D1_ProductLabel
Women,15.19,D1_ProductLabel
Men,55.99,D1_ProductLabel
Men,34.99,D1_ProductLabel
Women,19.99,D1_ProductLabel
Men,15.99,D1_ProductLabel
Men,13.59,D1_ProductLabel
Women,13.59,D1_ProductLabel
Women,15.19,D1_ProductLabel
Men,15.19,D1_ProductLabel
Men,13.59,D1_ProductLabel
Men,44.79,D1_ProductLabel
Men,59.99,D1_ProductLabel
Men,18.99,D1_ProductLabel
Men,16.99,D1_ProductLabel
Men,16.99,D1_ProductLabel
Men,19.99,D1_ProductLabel
Men,59.99,D1_ProductLabel
Men,17.59,D1_ProductLabel
Men,13.59,D1_ProductLabel
Men,13.59,D1_ProductLabel
Men,17.59,D1_ProductLabel
Women,13.59,D1_ProductLabel
Men,16.99,D1_ProductLabel
Men,13.59,D1_ProductLabel
Men,15.19,D1_ProductLabel
Men,119.99,D1_ProductLabel
Women,15.19,D1_ProductLabel
Men,74.99,D1_ProductLabel
Men,16.99,D1_ProductLabel
Women,59.99,D1_ProductLabel
Women,13.59,D1_ProductLabel
Men,59.99,D1_ProductLabel
Men,13.59,D1_ProductLabel
Men,13.59,D1_ProductLabel
Men,13.59,D1_ProductLabel
Men,13.59,D1_ProductLabel
Women,13.59,D1_ProductLabel
Women,15.19,D1_ProductLabel
Women,13.59,D1_ProductLabel
Men,18.99,D1_ProductLabel
Women,15.19,D1_ProductLabel
Men,13.59,D1_ProductLabel
Men,13.59,D1_ProductLabel
Men,13.59,D1_ProductLabel
Men,59.99,D1_ProductLabel
Men,44.79,D1_ProductLabel
Men,19.99,D1_ProductLabel
Women,44.79,D1_ProductLabel
Women,18.99,D1_ProductLabel
Men,55.99,D1_ProductLabel
Men,16.99,D1_ProductLabel
Men,15.99,D1_ProductLabel
Women,44.79,D1_ProductLabel
Men,18.99,D1_ProductLabel
Men,18.99,D1_ProductLabel
Men,55.99,D1_ProductLabel
Men,69.99,D1_ProductLabel
Men,44.79,D1_ProductLabel
Women,44.79,D1_ProductLabel
Men,15.19,D1_ProductLabel
Men,44.79,D1_ProductLabel
Men,16.99,D1_ProductLabel
Men,16.99,D1_ProductLabel
Men,18.99,D1_ProductLabel
Men,55.99,D1_ProductLabel
Men,27.99,D1_ProductLabel
Men,71.99,D1_ProductLabel
Men,15.19,D1_ProductLabel
Men,13.59,D1_ProductLabel
Men,15.19,D1_ProductLabel
Men,16.99,D1_ProductLabel
Women,16.99,D1_ProductLabel
Men,27.99,D1_ProductLabel
Men,15.99,D1_ProductLabel
Women,15.19,D1_ProductLabel
Men,44.79,D1_ProductLabel
Women,44.79,D1_ProductLabel
Men,15.99,D1_ProductLabel
Men,15.19,D1_ProductLabel
Men,17.59,D1_ProductLabel
Men,87.99,D1_ProductLabel
Men,71.99,D1_ProductLabel
Men,16.99,D1_ProductLabel
Women,59.99,D1_ProductLabel
Men,16.99,D1_ProductLabel
Men,74.39,D1_ProductLabel
Men,95.99,D1_ProductLabel
Men,18.99,D1_ProductLabel
Men,18.99,D1_ProductLabel
Men,16.99,D1_ProductLabel
Men,55.99,D1_ProductLabel
Men,15.99,D1_ProductLabel
Men,74.99,D1_ProductLabel
Men,18.99,D1_ProductLabel
Men,16.99,D1_ProductLabel
Men,55.99,D1_ProductLabel
Men,15.19,D1_ProductLabel
Men,15.19,D1_ProductLabel
Men,15.19,D1_ProductLabel
Women,15.19,D1_ProductLabel
Men,15.19,D1_ProductLabel
Men,17.59,D1_ProductLabel
Men,55.99,D1_ProductLabel
Women,16.99,D1_ProductLabel
Men,19.99,D1_ProductLabel
Men,55.99,D1_ProductLabel
Men,55.99,D1_ProductLabel
Men,16.99,D1_ProductLabel
Men,13.59,D1_ProductLabel
Men,79.19,D1_ProductLabel
Men,27.99,D1_ProductLabel
Women,13.59,D1_ProductLabel
Men,41.59,D1_ProductLabel
Women,44.79,D1_ProductLabel
Women,79.19,D1_ProductLabel
Men,34.99,D1_ProductLabel
Men,15.19,D1_ProductLabel
Men,15.19,D1_ProductLabel
Men,74.39,D1_ProductLabel
Men,79.19,D1_ProductLabel
Men,79.19,D1_ProductLabel
Men,27.99,D1_ProductLabel
Men,15.99,D1_ProductLabel
Women,15.19,D1_ProductLabel
Men,16.99,D1_ProductLabel
Men,15.99,D1_ProductLabel
Men,16.99,D1_ProductLabel
Men,18.99,D1_ProductLabel
Men,74.99,D1_ProductLabel
Women,74.99,D1_ProductLabel
Men,13.59,D1_ProductLabel
Men,18.99,D1_ProductLabel
Men,18.99,D1_ProductLabel
Men,13.59,D1_ProductLabel
Men,17.59,D1_ProductLabel
Men,16.99,D1_ProductLabel
Women,16.99,D1_ProductLabel
Men,55.99,D1_ProductLabel
Men,16.99,D1_ProductLabel
Men,18.99,D1_ProductLabel
Women,59.99,D1_ProductLabel
Men,18.99,D1_ProductLabel
Women,15.19,D1_ProductLabel
Women,44.79,D1_ProductLabel
Men,55.99,D1_ProductLabel
Men,59.99,D1_ProductLabel
Men,19.99,D1_ProductLabel
Men,74.99,D1_ProductLabel
Women,139.99,D1_ProductLabel
Women,74.99,D1_ProductLabel
Women,74.99,D1_ProductLabel
Women,74.99,D1_ProductLabel
Women,74.99,D1_ProductLabel
Men,16.99,D1_ProductLabel
Men,16.99,D1_ProductLabel
Men,16.99,D1_ProductLabel
Men,16.99,D1_ProductLabel
Men,18.99,D1_ProductLabel
Men,16.99,D1_ProductLabel
Men,16.99,D1_ProductLabel
Men,16.99,D1_ProductLabel
Men,16.99,D1_ProductLabel
Men,16.99,D1_ProductLabel
Men,16.99,D1_ProductLabel
Men,74.99,D1_ProductLabel
Men,15.99,D1_ProductLabel
Men,74.99,D1_ProductLabel
Women,23.99,D1_ProductLabel
Men,16.99,D1_ProductLabel
Men,16.99,D1_ProductLabel
Men,16.99,D1_ProductLabel
Men,55.99,D1_ProductLabel
Men,55.99,D1_ProductLabel
Men,55.99,D1_ProductLabel
Women,18.99,D1_ProductLabel
Women,18.99,D1_ProductLabel
Women,55.99,D1_ProductLabel
Women,55.99,D1_ProductLabel
Women,16.99,D1_ProductLabel
Women,18.99,D1_ProductLabel
Men,79.19,D1_ProductLabel
Men,55.99,D1_ProductLabel
Men,44.79,D1_ProductLabel
Women,16.99,D1_ProductLabel
Men,13.59,D1_ProductLabel
Men,74.39,D1_ProductLabel
Men,74.99,D1_ProductLabel
Women,59.99,D1_ProductLabel
Women,74.39,D1_ProductLabel
Men,21.99,D1_ProductLabel
Men,19.99,D1_ProductLabel
Men,16.99,D1_ProductLabel
Men,55.99,D1_ProductLabel
Women,18.99,D1_ProductLabel
Men,15.99,D1_ProductLabel
Men,16.99,D1_ProductLabel
Men,13.59,D1_ProductLabel
Men,13.59,D1_ProductLabel
Women,18.99,D1_ProductLabel
Men,15.19,D1_ProductLabel
Men,59.99,D1_ProductLabel
Men,19.99,D1_ProductLabel
Men,74.99,D1_ProductLabel
Men,55.99,D1_ProductLabel
Men,41.59,D1_ProductLabel
Men,41.59,D1_ProductLabel
Women,44.79,D1_ProductLabel
Women,55.99,D1_ProductLabel
Men,16.99,D1_ProductLabel
Men,18.99,D1_ProductLabel
Women,59.99,D1_ProductLabel
Men,13.59,D1_ProductLabel
Men,15.99,D1_ProductLabel
Women,15.19,D1_ProductLabel
Men,18.99,D1_ProductLabel
Women,59.99,D1_ProductLabel
Men,59.99,D1_ProductLabel
Men,59.99,D1_ProductLabel
Women,59.99,D1_ProductLabel
Women,59.99,D1_ProductLabel
Men,19.99,D1_ProductLabel
Women,18.99,D1_ProductLabel
Men,15.19,D1_ProductLabel
Men,16.99,D1_ProductLabel
Men,55.99,D1_ProductLabel
Men,16.99,D1_ProductLabel
Men,55.99,D1_ProductLabel
Women,15.19,D1_ProductLabel
Men,13.59,D1_ProductLabel
Men,15.99,D1_ProductLabel
Men,44.79,D1_ProductLabel
Men,15.99,D1_ProductLabel
Men,16.99,D1_ProductLabel
Men,43.99,D1_ProductLabel
Men,95.99,D1_ProductLabel
Men,16.99,D1_ProductLabel
Men,44.79,D1_ProductLabel
Men,44.79,D1_ProductLabel
Men,15.99,D1_ProductLabel
Men,18.99,D1_ProductLabel
Men,44.79,D1_ProductLabel
Men,55.99,D1_ProductLabel
Men,79.19,D1_ProductLabel
Men,15.19,D1_ProductLabel
Men,15.19,D1_ProductLabel
Men,13.59,D1_ProductLabel
Men,13.59,D1_ProductLabel
Men,59.99,D1_ProductLabel
Men,16.99,D1_ProductLabel
Women,13.59,D1_ProductLabel
Women,15.19,D1_ProductLabel
Women,95.99,D1_ProductLabel
Men,16.99,D1_ProductLabel
Men,16.99,D1_ProductLabel
Women,59.99,D1_ProductLabel
Men,13.59,D1_ProductLabel
Men,13.59,D1_ProductLabel
Men,13.59,D1_ProductLabel
Men,95.99,D1_ProductLabel
Men,87.99,D1_ProductLabel
Women,86.39,D1_ProductLabel
Women,95.99,D1_ProductLabel
Men,16.99,D1_ProductLabel
Men,16.99,D1_ProductLabel
Men,16.99,D1_ProductLabel
Men,16.99,D1_ProductLabel
Men,16.99,D1_ProductLabel
Men,55.99,D1_ProductLabel
Men,55.99,D1_ProductLabel
Women,55.99,D1_ProductLabel
Women,55.99,D1_ProductLabel
Men,19.99,D1_ProductLabel
Women,15.19,D1_ProductLabel
Men,13.59,D1_ProductLabel
Men,13.59,D1_ProductLabel
Men,59.99,D1_ProductLabel
Men,13.59,D1_ProductLabel
Men,13.59,D1_ProductLabel
Men,19.99,D1_ProductLabel
Women,55.99,D1_ProductLabel
Men,59.99,D1_ProductLabel
Men,18.99,D1_ProductLabel
Women,44.79,D1_ProductLabel
Men,18.99,D1_ProductLabel
Men,16.99,D1_ProductLabel
Men,13.59,D1_ProductLabel
Men,13.59,D1_ProductLabel
Women,13.59,D1_ProductLabel
Men,16.99,D1_ProductLabel
Men,16.99,D1_ProductLabel
Men,16.99,D1_ProductLabel
Men,18.99,D1_ProductLabel
Men,34.99,D1_ProductLabel
Women,59.99,D1_ProductLabel
Men,55.99,D1_ProductLabel
Men,44.79,D1_ProductLabel
Men,44.79,D1_ProductLabel
Men,15.19,D1_ProductLabel
Men,13.59,D1_ProductLabel
Men,44.79,D1_ProductLabel
Women,44.79,D1_ProductLabel
Women,44.79,D1_ProductLabel
Men,55.99,D1_ProductLabel
Men,19.99,D1_ProductLabel
Men,18.99,D1_ProductLabel
Men,16.99,D1_ProductLabel
Women,18.99,D1_ProductLabel
Men,19.99,D1_ProductLabel
Men,19.99,D1_ProductLabel
Men,17.59,D1_ProductLabel
Men,59.99,D1_ProductLabel
Men,55.99,D1_ProductLabel
Women,59.99,D1_ProductLabel
Men,16.99,D1_ProductLabel
Men,18.99,D1_ProductLabel
Men,55.99,D1_ProductLabel
Men,44.79,D1_ProductLabel
Men,15.19,D1_ProductLabel
Men,15.19,D1_ProductLabel
Men,16.99,D1_ProductLabel
Men,16.99,D1_ProductLabel
Men,16.99,D1_ProductLabel
Men,16.99,D1_ProductLabel
Men,16.99,D1_ProductLabel
Men,21.99,D1_ProductLabel
Men,21.99,D1_ProductLabel
Men,18.99,D1_ProductLabel
Men,15.99,D1_ProductLabel
Men,34.99,D1_ProductLabel
Men,34.99,D1_ProductLabel
Men,36.99,D1_ProductLabel
Women,13.59,D1_ProductLabel
Women,44.79,D1_ProductLabel
Men,15.19,D1_ProductLabel
Men,15.99,D1_ProductLabel
Men,15.99,D1_ProductLabel
Men,18.99,D1_ProductLabel
Men,74.99,D1_ProductLabel
Men,34.99,D1_ProductLabel
Men,18.99,D1_ProductLabel
Women,16.99,D1_ProductLabel
Men,16.99,D1_ProductLabel
Men,27.99,D1_ProductLabel
Men,13.59,D1_ProductLabel
Men,16.99,D1_ProductLabel
Men,19.99,D1_ProductLabel
Men,19.99,D1_ProductLabel
Women,51.99,D1_ProductLabel
Men,16.99,D1_ProductLabel
Men,13.59,D1_ProductLabel
Men,16.99,D1_ProductLabel
Women,18.99,D1_ProductLabel
Women,44.79,D1_ProductLabel
Men,79.19,D1_ProductLabel
Men,41.59,D1_ProductLabel
Women,15.19,D1_ProductLabel
Men,16.99,D1_ProductLabel
Men,13.59,D1_ProductLabel
Men,13.59,D1_ProductLabel
Women,13.59,D1_ProductLabel
Men,44.79,D1_ProductLabel
Women,83.99,D1_ProductLabel
Women,87.99,D1_ProductLabel
Men,17.59,D1_ProductLabel
Men,13.59,D1_ProductLabel
Men,44.79,D1_ProductLabel
Men,41.59,D1_ProductLabel
Men,44.79,D1_ProductLabel
Women,59.99,D1_ProductLabel
Men,55.99,D1_ProductLabel
Men,87.99,D1_ProductLabel
Men,71.99,D1_ProductLabel
Women,13.59,D1_ProductLabel
Women,19.19,D1_ProductLabel
Men,16.99,D1_ProductLabel
Men,16.99,D1_ProductLabel
Men,16.99,D1_ProductLabel
Men,16.99,D1_ProductLabel
Men,16.99,D1_ProductLabel
Women,16.99,D1_ProductLabel
Men,13.59,D1_ProductLabel
Women,13.59,D1_ProductLabel
Men,59.99,D1_ProductLabel
Men,15.99,D1_ProductLabel
Men,15.19,D1_ProductLabel
Women,44.79,D1_ProductLabel
Men,19.99,D1_ProductLabel
Men,16.99,D1_ProductLabel
Men,51.99,D1_ProductLabel
Men,18.99,D1_ProductLabel
Men,15.19,D1_ProductLabel
Women,83.99,D1_ProductLabel
Men,15.99,D1_ProductLabel
Men,15.99,D1_ProductLabel
Men,15.99,D1_ProductLabel
Men,13.59,D1_ProductLabel
Men,95.99,D1_ProductLabel
Men,19.99,D1_ProductLabel
Women,111.99,D1_ProductLabel
Men,15.99,D1_ProductLabel
Men,13.59,D1_ProductLabel
Men,16.99,D1_ProductLabel
Men,16.99,D1_ProductLabel
Men,15.99,D1_ProductLabel
Men,59.99,D1_ProductLabel
Men,27.99,D1_ProductLabel
Men,16.99,D1_ProductLabel
Men,16.99,D1_ProductLabel
Men,15.99,D1_ProductLabel
Men,16.99,D1_ProductLabel
Men,16.99,D1_ProductLabel
Men,87.99,D1_ProductLabel
Men,44.79,D1_ProductLabel
Men,15.19,D1_ProductLabel
Men,15.99,D1_ProductLabel
Men,15.99,D1_ProductLabel
Women,15.19,D1_ProductLabel
Men,16.99,D1_ProductLabel
Men,16.99,D1_ProductLabel
Men,16.99,D1_ProductLabel
Women,18.99,D1_ProductLabel
Women,18.99,D1_ProductLabel
Women,18.99,D1_ProductLabel
Women,18.99,D1_ProductLabel
Men,16.99,D1_ProductLabel
Men,59.99,D1_ProductLabel
Women,18.99,D1_ProductLabel
Men,15.19,D1_ProductLabel
Men,95.99,D1_ProductLabel
Men,87.99,D1_ProductLabel
Women,111.99,D1_ProductLabel
Men,13.59,D1_ProductLabel
Women,15.19,D1_ProductLabel
Men,15.99,D1_ProductLabel
Men,19.99,D1_ProductLabel
Men,16.99,D1_ProductLabel
Women,18.99,D1_ProductLabel
Men,18.99,D1_ProductLabel
Men,44.79,D1_ProductLabel
Women,59.99,D1_ProductLabel
Men,19.99,D1_ProductLabel
Men,13.99,D1_ProductLabel
Men,16.99,D1_ProductLabel
Men,13.29,D1_ProductLabel
Men,13.29,D1_ProductLabel
Men,15.19,D1_ProductLabel
Men,15.19,D1_ProductLabel
Women,11.19,D1_ProductLabel
Men,18.99,D1_ProductLabel
Men,15.19,D1_ProductLabel
Men,18.99,D1_ProductLabel
Men,13.29,D1_ProductLabel
Men,18.99,D1_ProductLabel
Men,16.99,D1_ProductLabel
Men,16.99,D1_ProductLabel
Men,15.19,D1_ProductLabel
Men,67.19,D1_ProductLabel
Men,67.19,D1_ProductLabel
Men,67.19,D1_ProductLabel
Men,59.99,D1_ProductLabel
Men,79.19,D1_ProductLabel
Men,11.19,D1_ProductLabel
Men,39.19,D1_ProductLabel
Men,11.19,D1_ProductLabel
Men,11.19,D1_ProductLabel
Men,11.19,D1_ProductLabel
Men,11.19,D1_ProductLabel
Women,10.63,D1_ProductLabel
Women,10.63,D1_ProductLabel
Women,10.63,D1_ProductLabel
Women,36.39,D1_ProductLabel
Women,36.39,D1_ProductLabel
Women,36.39,D1_ProductLabel
Women,36.39,D1_ProductLabel
Women,31.35,D1_ProductLabel
Women,31.35,D1_ProductLabel
Women,31.35,D1_ProductLabel
Men,61.59,D1_ProductLabel
Men,15.99,D1_ProductLabel
Men,15.19,D1_ProductLabel
Men,15.99,D1_ProductLabel
Men,10.63,D1_ProductLabel
Men,10.63,D1_ProductLabel
Men,11.19,D1_ProductLabel
Women,10.63,D1_ProductLabel
Men,30.79,D1_ProductLabel
Women,10.63,D1_ProductLabel
Men,15.19,D1_ProductLabel
Men,62.99,D1_ProductLabel
Women,10.63,D1_ProductLabel
Women,10.63,D1_ProductLabel
Women,15.19,D1_ProductLabel
Men,13.29,D1_ProductLabel
Men,13.99,D1_ProductLabel
Men,11.89,D1_ProductLabel
Men,13.99,D1_ProductLabel
Women,67.19,D1_ProductLabel
Women,59.99,D1_ProductLabel
Men,55.43,D1_ProductLabel
Men,16.99,D1_ProductLabel
Men,16.99,D1_ProductLabel
Men,15.99,D1_ProductLabel
Men,13.59,D1_ProductLabel
Men,10.63,D1_ProductLabel
Men,11.19,D1_ProductLabel
Men,61.59,D1_ProductLabel
Men,17.59,D1_ProductLabel
Women,74.99,D1_ProductLabel
Men,13.59,D1_ProductLabel
Men,15.19,D1_ProductLabel
Men,16.99,D1_ProductLabel
Men,55.99,D1_ProductLabel
Women,16.99,D1_ProductLabel
Women,13.29,D1_ProductLabel
Men,15.99,D1_ProductLabel
Men,61.59,D1_ProductLabel
Men,13.59,D1_ProductLabel
Men,16.99,D1_ProductLabel
Men,13.59,D1_ProductLabel
Men,30.79,D1_ProductLabel
Men,61.59,D1_ProductLabel
Men,13.99,D1_ProductLabel
Men,67.19,D1_ProductLabel
Men,61.59,D1_ProductLabel
Women,83.99,D1_ProductLabel
Men,15.19,D1_ProductLabel
Men,19.99,D1_ProductLabel
Men,19.99,D1_ProductLabel
Men,74.99,D1_ProductLabel
Men,41.99,D1_ProductLabel
Women,16.99,D1_ProductLabel
Men,55.99,D1_ProductLabel
Women,11.89,D1_ProductLabel
Men,51.99,D1_ProductLabel
Men,11.19,D1_ProductLabel
Men,11.19,D1_ProductLabel
Men,10.63,D1_ProductLabel
Men,18.99,D1_ProductLabel
Men,16.99,D1_ProductLabel
Men,16.99,D1_ProductLabel
Men,16.99,D1_ProductLabel
Men,55.99,D1_ProductLabel
Men,55.99,D1_ProductLabel
Men,55.99,D1_ProductLabel
Women,9.51,D1_ProductLabel
Men,59.99,D1_ProductLabel
Men,44.79,D1_ProductLabel
Men,41.59,D1_ProductLabel
Men,13.59,D1_ProductLabel
Men,12.31,D1_ProductLabel
Men,10.63,D1_ProductLabel
Men,59.99,D1_ProductLabel
Women,44.79,D1_ProductLabel
Women,16.99,D1_ProductLabel
Women,16.99,D1_ProductLabel
Men,11.19,D1_ProductLabel
Women,9.51,D1_ProductLabel
Women,31.35,D1_ProductLabel
Women,10.63,D1_ProductLabel
Men,13.99,D1_ProductLabel
Men,61.59,D1_ProductLabel
Men,13.59,D1_ProductLabel
Men,15.19,D1_ProductLabel
Men,15.99,D1_ProductLabel
Men,11.19,D1_ProductLabel
Men,11.19,D1_ProductLabel
Men,10.63,D1_ProductLabel
Men,15.19,D1_ProductLabel
Men,13.59,D1_ProductLabel
Men,17.59,D1_ProductLabel
Women,11.19,D1_ProductLabel
Men,13.59,D1_ProductLabel
Women,67.19,D1_ProductLabel
Men,11.19,D1_ProductLabel
Women,10.63,D1_ProductLabel
Women,31.35,D1_ProductLabel
Men,21.99,D1_ProductLabel
Men,13.59,D1_ProductLabel
Women,31.35,D1_ProductLabel
Women,44.79,D1_ProductLabel
Men,13.29,D1_ProductLabel
Men,15.19,D1_ProductLabel
Men,15.99,D1_ProductLabel
Men,15.99,D1_ProductLabel
Men,15.99,D1_ProductLabel
Men,16.99,D1_ProductLabel
Men,16.99,D1_ProductLabel
Men,11.89,D1_ProductLabel
Men,18.99,D1_ProductLabel
Men,18.99,D1_ProductLabel
Men,16.99,D1_ProductLabel
Men,13.29,D1_ProductLabel
Men,52.07,D1_ProductLabel
Men,19.99,D1_ProductLabel
Men,11.19,D1_ProductLabel
Men,38.49,D1_ProductLabel
Women,74.99,D1_ProductLabel
Men,44.79,D1_ProductLabel
Men,18.99,D1_ProductLabel
Men,18.99,D1_ProductLabel
Men,18.99,D1_ProductLabel
Men,18.99,D1_ProductLabel
Men,16.99,D1_ProductLabel
Men,11.89,D1_ProductLabel
Men,16.99,D1_ProductLabel
Women,13.29,D1_ProductLabel
Women,13.29,D1_ProductLabel
Women,13.29,D1_ProductLabel
Men,13.59,D1_ProductLabel
Men,13.59,D1_ProductLabel
Women,13.59,D1_ProductLabel
Men,44.79,D1_ProductLabel
Women,31.35,D1_ProductLabel
Men,15.19,D1_ProductLabel
Men,13.59,D1_ProductLabel
Men,44.79,D1_ProductLabel
Men,15.99,D1_ProductLabel
Men,61.59,D1_ProductLabel
Men,15.99,D1_ProductLabel
Women,16.99,D1_ProductLabel
Men,13.29,D1_ProductLabel
Men,15.19,D1_ProductLabel
Women,13.59,D1_ProductLabel
Men,13.99,D1_ProductLabel
Men,11.89,D1_ProductLabel
Men,11.19,D1_ProductLabel
Men,15.19,D1_ProductLabel
Women,36.39,D1_ProductLabel
Men,11.19,D1_ProductLabel
Men,18.99,D1_ProductLabel
Men,15.39,D1_ProductLabel
Men,16.99,D1_ProductLabel
Men,55.99,D1_ProductLabel
Men,13.99,D1_ProductLabel
Men,76.99,D1_ProductLabel
Men,16.99,D1_ProductLabel
Men,19.59,D1_ProductLabel
Men,10.63,D1_ProductLabel
Women,16.99,D1_ProductLabel
Women,13.99,D1_ProductLabel
Women,11.89,D1_ProductLabel
Women,13.29,D1_ProductLabel
Women,13.99,D1_ProductLabel
Men,13.99,D1_ProductLabel
Men,16.99,D1_ProductLabel
Women,13.29,D1_ProductLabel
Men,13.99,D1_ProductLabel
Women,11.89,D1_ProductLabel
Men,19.99,D1_ProductLabel
Women,16.99,D1_ProductLabel
Men,19.99,D1_ProductLabel
Men,13.59,D1_ProductLabel
Men,15.19,D1_ProductLabel
Men,15.19,D1_ProductLabel
Men,11.19,D1_ProductLabel
Men,13.59,D1_ProductLabel
Men,19.59,D1_ProductLabel
Men,19.59,D1_ProductLabel
Women,10.63,D1_ProductLabel
Women,10.63,D1_ProductLabel
Women,15.19,D1_ProductLabel
Men,61.59,D1_ProductLabel
Men,44.79,D1_ProductLabel
Men,13.99,D1_ProductLabel
Men,13.59,D1_ProductLabel
Men,59.99,D1_ProductLabel
Men,65.09,D1_ProductLabel
Men,65.09,D1_ProductLabel
Men,52.49,D1_ProductLabel
Men,52.49,D1_ProductLabel
Women,18.99,D1_ProductLabel
Women,65.09,D1_ProductLabel
Women,65.09,D1_ProductLabel
Women,65.09,D1_ProductLabel
Women,65.09,D1_ProductLabel
Women,74.99,D1_ProductLabel
Men,59.99,D1_ProductLabel
Men,16.99,D1_ProductLabel
Men,16.99,D1_ProductLabel
Men,16.99,D1_ProductLabel
Men,15.19,D1_ProductLabel
Men,11.19,D1_ProductLabel
Men,15.19,D1_ProductLabel
Men,15.99,D1_ProductLabel
Men,15.19,D1_ProductLabel
Men,39.19,D1_ProductLabel
Men,19.99,D1_ProductLabel
Women,16.99,D1_ProductLabel
Men,13.59,D1_ProductLabel
Men,15.19,D1_ProductLabel
Men,11.19,D1_ProductLabel
Women,10.63,D1_ProductLabel
Men,12.31,D1_ProductLabel
Women,9.51,D1_ProductLabel
Women,10.63,D1_ProductLabel
Men,19.99,D1_ProductLabel
Men,13.29,D1_ProductLabel
Men,13.99,D1_ProductLabel
Women,11.19,D1_ProductLabel
Women,36.39,D1_ProductLabel
Women,36.39,D1_ProductLabel
Men,16.99,D1_ProductLabel
Men,39.19,D1_ProductLabel
Women,79.19,D1_ProductLabel
Men,17.59,D1_ProductLabel
Men,15.39,D1_ProductLabel
Women,13.99,D1_ProductLabel
Women,39.19,D1_ProductLabel
Men,12.31,D1_ProductLabel
Men,15.99,D1_ProductLabel
Women,52.07,D1_ProductLabel
Women,16.99,D1_ProductLabel
Men,13.59,D1_ProductLabel
Men,39.19,D1_ProductLabel
Women,44.79,D1_ProductLabel
Men,52.07,D1_ProductLabel
Women,10.63,D1_ProductLabel
Women,43.99,D1_ProductLabel
Women,9.51,D1_ProductLabel
Women,83.99,D1_ProductLabel
Men,15.19,D1_ProductLabel
Men,15.99,D1_ProductLabel
Women,9.51,D1_ProductLabel
Men,18.99,D1_ProductLabel
Men,15.99,D1_ProductLabel
Men,41.99,D1_ProductLabel
Men,11.19,D1_ProductLabel
Women,13.59,D1_ProductLabel
Women,44.79,D1_ProductLabel
Women,10.63,D1_ProductLabel
Women,10.63,D1_ProductLabel
Men,15.39,D1_ProductLabel
Women,13.29,D1_ProductLabel
Men,19.99,D1_ProductLabel
Men,18.99,D1_ProductLabel
Men,13.99,D1_ProductLabel
Men,19.99,D1_ProductLabel
Men,44.79,D1_ProductLabel
Men,13.59,D1_ProductLabel
Women,13.99,D1_ProductLabel
Men,67.19,D1_ProductLabel
Men,18.99,D1_ProductLabel
Women,11.89,D1_ProductLabel
Men,24.49,D1_ProductLabel
Women,13.29,D1_ProductLabel
Men,18.99,D1_ProductLabel
Men,19.59,D1_ProductLabel
Men,44.79,D1_ProductLabel
Men,55.43,D1_ProductLabel
Men,41.99,D1_ProductLabel
Women,36.39,D1_ProductLabel
Men,16.99,D1_ProductLabel
Men,16.99,D1_ProductLabel
Men,21.99,D1_ProductLabel
Women,87.99,D1_ProductLabel
Men,16.99,D1_ProductLabel
Men,55.99,D1_ProductLabel
Men,16.99,D1_ProductLabel
Men,41.99,D1_ProductLabel
Men,76.99,D1_ProductLabel
Men,13.99,D1_ProductLabel
Men,61.59,D1_ProductLabel
Women,67.19,D1_ProductLabel
Men,9.51,D1_ProductLabel
Men,11.19,D1_ProductLabel
Men,10.63,D1_ProductLabel
Men,18.99,D1_ProductLabel
Men,18.99,D1_ProductLabel
Men,19.99,D1_ProductLabel
Men,34.99,D1_ProductLabel
Women,15.19,D1_ProductLabel
Women,10.63,D1_ProductLabel
Women,31.35,D1_ProductLabel
Women,13.59,D1_ProductLabel
Women,87.99,D1_ProductLabel
Men,13.59,D1_ProductLabel
Men,16.99,D1_ProductLabel
Men,16.99,D1_ProductLabel
Men,13.59,D1_ProductLabel
Men,15.99,D1_ProductLabel
Women,13.59,D1_ProductLabel
Women,15.19,D1_ProductLabel
Women,10.63,D1_ProductLabel
Women,10.63,D1_ProductLabel
Men,15.99,D1_ProductLabel
Men,13.99,D1_ProductLabel
Women,13.29,D1_ProductLabel
Men,55.99,D1_ProductLabel
Men,55.99,D1_ProductLabel
Women,39.19,D1_ProductLabel
Men,13.29,D1_ProductLabel
Men,13.29,D1_ProductLabel
Men,13.99,D1_ProductLabel
Men,13.99,D1_ProductLabel
Women,18.99,D1_ProductLabel
Men,15.99,D1_ProductLabel
Men,17.59,D1_ProductLabel
Men,13.99,D1_ProductLabel
Men,13.99,D1_ProductLabel
Men,15.99,D1_ProductLabel
Men,13.99,D1_ProductLabel
Men,69.29,D1_ProductLabel
Men,16.99,D1_ProductLabel
Men,18.99,D1_ProductLabel
Men,18.99,D1_ProductLabel
Men,16.99,D1_ProductLabel
Women,16.99,D1_ProductLabel
Women,18.99,D1_ProductLabel
Women,13.29,D1_ProductLabel
Women,13.29,D1_ProductLabel
Women,18.99,D1_ProductLabel
Men,16.99,D1_ProductLabel
Men,13.29,D1_ProductLabel
Men,39.19,D1_ProductLabel
Women,15.19,D1_ProductLabel
Men,44.79,D1_ProductLabel
Men,44.79,D1_ProductLabel
Women,44.79,D1_ProductLabel
Men,11.19,D1_ProductLabel
Men,18.99,D1_ProductLabel
Men,76.99,D1_ProductLabel
Men,13.99,D1_ProductLabel
Men,13.59,D1_ProductLabel
Men,15.19,D1_ProductLabel
Men,30.79,D1_ProductLabel
Men,13.59,D1_ProductLabel
Men,15.99,D1_ProductLabel
Men,10.63,D1_ProductLabel
Men,10.63,D1_ProductLabel
Men,61.59,D1_ProductLabel
Men,30.79,D1_ProductLabel
Women,9.51,D1_ProductLabel
Women,10.63,D1_ProductLabel
Men,16.99,D1_ProductLabel
Men,13.99,D1_ProductLabel
Men,41.99,D1_ProductLabel
Men,15.19,D1_ProductLabel
Men,13.29,D1_ProductLabel
Men,13.29,D1_ProductLabel
Men,13.29,D1_ProductLabel
Men,13.29,D1_ProductLabel
Men,13.99,D1_ProductLabel
Men,13.99,D1_ProductLabel
Men,13.99,D1_ProductLabel
Women,11.89,D1_ProductLabel
Women,11.89,D1_ProductLabel
Men,13.99,D1_ProductLabel
Men,13.99,D1_ProductLabel
Men,13.99,D1_ProductLabel
Men,12.31,D1_ProductLabel
Women,9.51,D1_ProductLabel
Men,41.59,D1_ProductLabel
Women,39.19,D1_ProductLabel
Men,79.19,D1_ProductLabel
Men,17.59,D1_ProductLabel
Men,15.99,D1_ProductLabel
Women,15.19,D1_ProductLabel
Women,67.19,D1_ProductLabel
Women,44.79,D1_ProductLabel
Men,15.99,D1_ProductLabel
Men,55.43,D1_ProductLabel
Women,16.99,D1_ProductLabel
Women,13.29,D1_ProductLabel
Men,13.59,D1_ProductLabel
Men,15.99,D1_ProductLabel
Women,13.59,D1_ProductLabel
Women,13.59,D1_ProductLabel
Women,15.19,D1_ProductLabel
Men,16.99,D1_ProductLabel
Women,16.99,D1_ProductLabel
Men,11.19,D1_ProductLabel
Men,12.31,D1_ProductLabel
Men,61.59,D1_ProductLabel
Men,18.99,D1_ProductLabel
Men,51.99,D1_ProductLabel
Men,15.99,D1_ProductLabel
Men,15.99,D1_ProductLabel
Men,19.59,D1_ProductLabel
Men,15.19,D1_ProductLabel
Men,13.99,D1_ProductLabel
Men,13.99,D1_ProductLabel
Men,13.99,D1_ProductLabel
Women,11.89,D1_ProductLabel
Women,11.89,D1_ProductLabel
Women,11.89,D1_ProductLabel
Men,15.19,D1_ProductLabel
Men,10.63,D1_ProductLabel
Men,19.99,D1_ProductLabel
Men,17.59,D1_ProductLabel
Men,17.59,D1_ProductLabel
Men,12.31,D1_ProductLabel
Men,10.63,D1_ProductLabel
Men,13.59,D1_ProductLabel
Women,15.19,D1_ProductLabel
Women,15.19,D1_ProductLabel
Women,10.63,D1_ProductLabel
Men,10.63,D1_ProductLabel
Women,13.59,D1_ProductLabel
Women,13.59,D1_ProductLabel
Men,44.79,D1_ProductLabel
Women,52.07,D1_ProductLabel
Men,41.59,D1_ProductLabel
Men,15.19,D1_ProductLabel
Men,13.59,D1_ProductLabel
Men,15.19,D1_ProductLabel
Men,13.59,D1_ProductLabel
Women,59.99,D1_ProductLabel
Men,15.99,D1_ProductLabel
Men,15.99,D1_ProductLabel
Men,11.19,D1_ProductLabel
Men,15.19,D1_ProductLabel
Men,15.19,D1_ProductLabel
Men,13.59,D1_ProductLabel
Women,9.51,D1_ProductLabel
Women,9.51,D1_ProductLabel
Men,15.19,D1_ProductLabel
Men,41.59,D1_ProductLabel
Men,15.19,D1_ProductLabel
Women,10.63,D1_ProductLabel
Men,44.79,D1_ProductLabel
Women,31.35,D1_ProductLabel
Men,13.59,D1_ProductLabel
Men,13.59,D1_ProductLabel
Men,13.59,D1_ProductLabel
Men,13.59,D1_ProductLabel
Women,11.19,D1_ProductLabel
Men,76.99,D1_ProductLabel
Men,18.99,D1_ProductLabel
Men,15.19,D1_ProductLabel
Women,15.19,D1_ProductLabel
Women,15.19,D1_ProductLabel
Men,11.19,D1_ProductLabel
Men,11.19,D1_ProductLabel
Men,13.59,D1_ProductLabel
Men,15.19,D1_ProductLabel
Men,74.99,D1_ProductLabel
Men,17.59,D1_ProductLabel
Men,17.59,D1_ProductLabel
Men,12.31,D1_ProductLabel
Men,13.59,D1_ProductLabel
Women,16.99,D1_ProductLabel
Women,13.59,D1_ProductLabel
Men,13.59,D1_ProductLabel
Men,44.79,D1_ProductLabel
Men,13.29,D1_ProductLabel
Men,16.99,D1_ProductLabel
Men,13.29,D1_ProductLabel
Men,13.59,D1_ProductLabel
Men,13.59,D1_ProductLabel
Men,13.29,D1_ProductLabel
Men,16.99,D1_ProductLabel
Men,10.63,D1_ProductLabel
Men,10.63,D1_ProductLabel
Men,11.19,D1_ProductLabel
Men,11.19,D1_ProductLabel
Men,15.19,D1_ProductLabel
Men,15.99,D1_ProductLabel
Men,11.19,D1_ProductLabel
Men,13.59,D1_ProductLabel
Men,13.59,D1_ProductLabel
Men,13.59,D1_ProductLabel
Men,11.19,D1_ProductLabel
Men,13.59,D1_ProductLabel
Men,16.99,D1_ProductLabel
Men,44.79,D1_ProductLabel
Men,44.79,D1_ProductLabel
Women,31.35,D1_ProductLabel
Women,31.35,D1_ProductLabel
Men,44.79,D1_ProductLabel
Men,44.79,D1_ProductLabel
Women,44.79,D1_ProductLabel
Men,13.59,D1_ProductLabel
Men,11.19,D1_ProductLabel
Men,12.31,D1_ProductLabel
Men,15.99,D1_ProductLabel
Men,52.07,D1_ProductLabel
Men,76.99,D1_ProductLabel
Men,16.99,D1_ProductLabel
Men,16.99,D1_ProductLabel
Women,11.89,D1_ProductLabel
Men,18.99,D1_ProductLabel
Women,10.63,D1_ProductLabel
Men,13.59,D1_ProductLabel
Men,13.59,D1_ProductLabel
Men,13.59,D1_ProductLabel
Women,13.59,D1_ProductLabel
Men,30.79,D1_ProductLabel
Men,12.31,D1_ProductLabel
Men,41.99,D1_ProductLabel
Men,13.59,D1_ProductLabel
Women,15.19,D1_ProductLabel
Women,13.59,D1_ProductLabel
Women,13.59,D1_ProductLabel
Men,13.59,D1_ProductLabel
Men,13.59,D1_ProductLabel
Women,13.59,D1_ProductLabel
Women,13.59,D1_ProductLabel
Men,13.59,D1_ProductLabel
Men,13.59,D1_ProductLabel
Men,15.99,D1_ProductLabel
Women,16.99,D1_ProductLabel
Women,16.99,D1_ProductLabel
Men,15.19,D1_ProductLabel
Men,19.99,D1_ProductLabel
Men,15.19,D1_ProductLabel
Men,13.59,D1_ProductLabel
Men,11.19,D1_ProductLabel
Men,19.99,D1_ProductLabel
Men,12.31,D1_ProductLabel
Men,44.79,D1_ProductLabel
Men,74.99,D1_ProductLabel
Men,55.99,D1_ProductLabel
Men,52.07,D1_ProductLabel
Men,13.59,D1_ProductLabel
Men,13.59,D1_ProductLabel
Men,11.19,D1_ProductLabel
Women,12.31,D1_ProductLabel
Men,10.63,D1_ProductLabel
Men,18.99,D1_ProductLabel
Women,23.99,D1_ProductLabel
Women,15.39,D1_ProductLabel
Women,15.39,D1_ProductLabel
Women,15.39,D1_ProductLabel
Women,15.39,D1_ProductLabel
Women,15.39,D1_ProductLabel
Women,15.39,D1_ProductLabel
Women,15.39,D1_ProductLabel
Women,15.39,D1_ProductLabel
Women,15.39,D1_ProductLabel
Women,15.39,D1_ProductLabel
Women,62.99,D1_ProductLabel
Women,62.99,D1_ProductLabel
Women,62.99,D1_ProductLabel
Women,62.99,D1_ProductLabel
Women,62.99,D1_ProductLabel
Women,62.99,D1_ProductLabel
Men,15.99,D1_ProductLabel
Women,19.19,D1_ProductLabel
Women,44.79,D1_ProductLabel
Women,59.99,D1_ProductLabel
Men,21.99,D1_ProductLabel
Men,18.99,D1_ProductLabel
Men,11.19,D1_ProductLabel
Men,15.99,D1_ProductLabel
Men,41.99,D1_ProductLabel
Women,10.63,D1_ProductLabel
Men,16.99,D1_ProductLabel
Men,55.99,D1_ProductLabel
Men,12.31,D1_ProductLabel
Women,44.79,D1_ProductLabel
Men,16.99,D1_ProductLabel
Men,10.63,D1_ProductLabel
Men,13.59,D1_ProductLabel
Men,15.19,D1_ProductLabel
Men,15.19,D1_ProductLabel
Men,76.99,D1_ProductLabel
Women,18.99,D1_ProductLabel
Women,55.99,D1_ProductLabel
Men,13.59,D1_ProductLabel
Men,11.19,D1_ProductLabel
Men,12.31,D1_ProductLabel
Men,10.63,D1_ProductLabel
Men,52.07,D1_ProductLabel
Women,52.07,D1_ProductLabel
Men,13.29,D1_ProductLabel
Women,16.99,D1_ProductLabel
Women,11.19,D1_ProductLabel
Women,44.79,D1_ProductLabel
Men,13.99,D1_ProductLabel
Men,13.99,D1_ProductLabel
Men,17.59,D1_ProductLabel
Men,61.59,D1_ProductLabel
Women,44.79,D1_ProductLabel
Men,24.49,D1_ProductLabel
Men,13.99,D1_ProductLabel
Men,12.31,D1_ProductLabel
Women,10.63,D1_ProductLabel
Men,16.99,D1_ProductLabel
Men,52.49,D1_ProductLabel
Men,15.99,D1_ProductLabel
Women,15.19,D1_ProductLabel
Women,10.63,D1_ProductLabel
Men,13.99,D1_ProductLabel
Men,13.59,D1_ProductLabel
Men,15.99,D1_ProductLabel
Men,16.99,D1_ProductLabel
Men,52.49,D1_ProductLabel
Men,15.99,D1_ProductLabel
Men,18.99,D1_ProductLabel
Men,19.99,D1_ProductLabel
Women,13.29,D1_ProductLabel
Women,74.99,D1_ProductLabel
Men,17.59,D1_ProductLabel
Men,15.19,D1_ProductLabel
Men,11.19,D1_ProductLabel
Men,11.19,D1_ProductLabel
Men,67.19,D1_ProductLabel
Men,13.59,D1_ProductLabel
Men,59.99,D1_ProductLabel
Women,15.19,D1_ProductLabel
Men,16.99,D1_ProductLabel
Women,79.19,D1_ProductLabel
Men,13.99,D1_ProductLabel
Men,18.99,D1_ProductLabel
Men,55.99,D1_ProductLabel
Men,13.59,D1_ProductLabel
Women,16.99,D1_ProductLabel
Women,18.99,D1_ProductLabel
Men,55.99,D1_ProductLabel
Men,55.99,D1_ProductLabel
Men,55.99,D1_ProductLabel
Men,16.99,D1_ProductLabel
Men,13.99,D1_ProductLabel
Women,16.99,D1_ProductLabel
Men,16.99,D1_ProductLabel
Men,61.59,D1_ProductLabel
Men,76.99,D1_ProductLabel
Women,41.99,D1_ProductLabel
Men,11.19,D1_ProductLabel
Men,13.59,D1_ProductLabel
Men,13.59,D1_ProductLabel
Women,13.59,D1_ProductLabel
Men,18.99,D1_ProductLabel
Men,19.99,D1_ProductLabel
Men,13.99,D1_ProductLabel
Men,13.99,D1_ProductLabel
Men,15.39,D1_ProductLabel
Men,13.29,D1_ProductLabel
Men,13.99,D1_ProductLabel
Men,16.99,D1_ProductLabel
Women,13.99,D1_ProductLabel
Men,59.99,D1_ProductLabel
Men,18.99,D1_ProductLabel
Men,15.99,D1_ProductLabel
Men,18.99,D1_ProductLabel
Men,18.99,D1_ProductLabel
Men,19.99,D1_ProductLabel
Men,19.99,D1_ProductLabel
Men,19.99,D1_ProductLabel
Men,16.99,D1_ProductLabel
Women,10.63,D1_ProductLabel
Men,39.19,D1_ProductLabel
Women,36.39,D1_ProductLabel
Men,19.99,D1_ProductLabel
Men,18.99,D1_ProductLabel
Men,19.99,D1_ProductLabel
Men,16.99,D1_ProductLabel
Men,18.99,D1_ProductLabel
Men,11.19,D1_ProductLabel
Women,67.19,D1_ProductLabel
Men,16.99,D1_ProductLabel
Men,55.99,D1_ProductLabel
Women,83.99,D1_ProductLabel
Men,15.99,D1_ProductLabel
Men,15.39,D1_ProductLabel
Men,52.07,D1_ProductLabel
Men,13.59,D1_ProductLabel
Men,13.59,D1_ProductLabel
Men,44.79,D1_ProductLabel
Men,15.19,D1_ProductLabel
Men,52.07,D1_ProductLabel
Men,11.19,D1_ProductLabel
Men,15.99,D1_ProductLabel
Men,13.59,D1_ProductLabel
Men,12.31,D1_ProductLabel
Men,10.63,D1_ProductLabel
Men,44.79,D1_ProductLabel
Men,16.99,D1_ProductLabel
Men,13.59,D1_ProductLabel
Men,13.59,D1_ProductLabel
Men,13.59,D1_ProductLabel
Men,15.19,D1_ProductLabel
Men,15.19,D1_ProductLabel
Men,15.19,D1_ProductLabel
Women,13.59,D1_ProductLabel
Women,11.19,D1_ProductLabel
Men,13.99,D1_ProductLabel
Men,13.99,D1_ProductLabel
Men,13.99,D1_ProductLabel
Men,16.99,D1_ProductLabel
Men,16.99,D1_ProductLabel
Men,15.19,D1_ProductLabel
Men,15.19,D1_ProductLabel
Men,15.19,D1_ProductLabel
Men,44.79,D1_ProductLabel
Women,31.35,D1_ProductLabel
Men,18.99,D1_ProductLabel
Men,12.31,D1_ProductLabel
Men,18.99,D1_ProductLabel
Men,15.19,D1_ProductLabel
Men,15.19,D1_ProductLabel
Men,11.19,D1_ProductLabel
Women,9.51,D1_ProductLabel
Women,9.51,D1_ProductLabel
Men,21.99,D1_ProductLabel
Men,19.59,D1_ProductLabel
Women,13.29,D1_ProductLabel
Women,13.29,D1_ProductLabel
Men,13.29,D1_ProductLabel
Men,21.99,D1_ProductLabel
Men,13.59,D1_ProductLabel
Men,15.99,D1_ProductLabel
Men,15.99,D1_ProductLabel
Men,15.99,D1_ProductLabel
Men,15.99,D1_ProductLabel
Men,41.99,D1_ProductLabel
Men,16.99,D1_ProductLabel
Men,16.99,D1_ProductLabel
Women,65.09,D1_ProductLabel
Women,39.19,D1_ProductLabel
Men,15.19,D1_ProductLabel
Men,55.99,D1_ProductLabel
Men,98.99,D1_ProductLabel
Men,61.59,D1_ProductLabel
Women,44.79,D1_ProductLabel
Men,19.99,D1_ProductLabel
Men,19.99,D1_ProductLabel
Men,13.99,D1_ProductLabel
Men,18.99,D1_ProductLabel
Men,16.99,D1_ProductLabel
Men,34.99,D1_ProductLabel
Men,52.07,D1_ProductLabel
Women,13.29,D1_ProductLabel
Men,16.99,D1_ProductLabel
Men,15.99,D1_ProductLabel
Men,15.19,D1_ProductLabel
Men,15.19,D1_ProductLabel
Men,11.19,D1_ProductLabel
Men,11.19,D1_ProductLabel
Women,15.19,D1_ProductLabel
Women,15.19,D1_ProductLabel
Men,44.79,D1_ProductLabel
Men,44.79,D1_ProductLabel
Men,13.59,D1_ProductLabel
Men,13.59,D1_ProductLabel
Men,13.59,D1_ProductLabel
Men,39.19,D1_ProductLabel
Women,16.99,D1_ProductLabel
Women,16.99,D1_ProductLabel
Men,16.99,D1_ProductLabel
Men,16.99,D1_ProductLabel
Men,13.59,D1_ProductLabel
Men,10.63,D1_ProductLabel
Men,52.07,D1_ProductLabel
Men,13.59,D1_ProductLabel
Men,55.99,D1_ProductLabel
Men,12.31,D1_ProductLabel
Men,13.59,D1_ProductLabel
Women,31.35,D1_ProductLabel
Men,24.49,D1_ProductLabel
Men,11.19,D1_ProductLabel
Men,41.99,D1_ProductLabel
Men,74.99,D1_ProductLabel
Men,13.59,D1_ProductLabel
Men,41.99,D1_ProductLabel
Men,41.99,D1_ProductLabel
Men,41.99,D1_ProductLabel
Women,41.99,D1_ProductLabel
Women,41.99,D1_ProductLabel
Women,41.99,D1_ProductLabel
Men,15.99,D1_ProductLabel
Men,13.59,D1_ProductLabel
Men,15.19,D1_ProductLabel
Men,15.99,D1_ProductLabel
Women,13.29,D1_ProductLabel
Women,18.99,D1_ProductLabel
Women,18.99,D1_ProductLabel
Women,18.99,D1_ProductLabel
Men,15.19,D1_ProductLabel
Men,15.19,D1_ProductLabel
Men,41.59,D1_ProductLabel
Women,44.79,D1_ProductLabel
Men,11.19,D1_ProductLabel
Women,13.59,D1_ProductLabel
Men,44.79,D1_ProductLabel
Men,15.19,D1_ProductLabel
Men,61.59,D1_ProductLabel
Men,16.99,D1_ProductLabel
Women,11.19,D1_ProductLabel
Women,13.99,D1_ProductLabel
Women,15.39,D1_ProductLabel
Men,15.19,D1_ProductLabel
Women,16.99,D1_ProductLabel
Women,16.99,D1_ProductLabel
Women,16.99,D1_ProductLabel
Men,13.59,D1_ProductLabel
Men,13.59,D1_ProductLabel
Men,13.59,D1_ProductLabel
Men,13.59,D1_ProductLabel
Men,13.59,D1_ProductLabel
Men,13.59,D1_ProductLabel
Men,13.59,D1_ProductLabel
Men,13.59,D1_ProductLabel
Men,19.99,D1_ProductLabel
Men,13.29,D1_ProductLabel
Women,11.19,D1_ProductLabel
Men,13.59,D1_ProductLabel
Women,67.19,D1_ProductLabel
Men,15.19,D1_ProductLabel
Men,13.59,D1_ProductLabel
Women,41.99,D1_ProductLabel
Women,15.19,D1_ProductLabel
Women,15.19,D1_ProductLabel
Women,31.35,D1_ProductLabel
Women,31.35,D1_ProductLabel
Men,44.79,D1_ProductLabel
Women,31.35,D1_ProductLabel
Women,31.35,D1_ProductLabel
Women,31.35,D1_ProductLabel
Men,18.99,D1_ProductLabel
Men,17.59,D1_ProductLabel
Women,45.49,D1_ProductLabel
Men,13.59,D1_ProductLabel
Women,13.59,D1_ProductLabel
Men,18.99,D1_ProductLabel
Women,41.99,D1_ProductLabel
Women,31.35,D1_ProductLabel
Men,15.39,D1_ProductLabel
Men,15.39,D1_ProductLabel
Men,11.19,D1_ProductLabel
Women,10.63,D1_ProductLabel
Men,21.99,D1_ProductLabel
Men,13.29,D1_ProductLabel
Men,16.99,D1_ProductLabel
Men,16.99,D1_ProductLabel
Men,16.99,D1_ProductLabel
Men,16.99,D1_ProductLabel
Men,16.99,D1_ProductLabel
Women,16.99,D1_ProductLabel
Women,13.29,D1_ProductLabel
Women,13.29,D1_ProductLabel
Women,23.99,D1_ProductLabel
Men,13.99,D1_ProductLabel
Women,13.29,D1_ProductLabel
Women,13.29,D1_ProductLabel
Men,13.99,D1_ProductLabel
Men,15.19,D1_ProductLabel
Men,79.19,D1_ProductLabel
Men,16.99,D1_ProductLabel
Men,15.39,D1_ProductLabel
Men,15.39,D1_ProductLabel
Men,52.49,D1_ProductLabel
Men,18.99,D1_ProductLabel
Women,44.79,D1_ProductLabel
Women,13.59,D1_ProductLabel
Men,16.99,D1_ProductLabel
Men,16.99,D1_ProductLabel
Women,16.99,D1_ProductLabel
Men,17.59,D1_ProductLabel
Men,15.19,D1_ProductLabel
Women,12.31,D1_ProductLabel
Men,12.31,D1_ProductLabel
Men,13.99,D1_ProductLabel
Men,13.59,D1_ProductLabel
Men,13.59,D1_ProductLabel
Men,13.59,D1_ProductLabel
Women,13.59,D1_ProductLabel
Men,15.19,D1_ProductLabel
Men,61.59,D1_ProductLabel
Men,44.79,D1_ProductLabel
Men,15.99,D1_ProductLabel
Men,13.59,D1_ProductLabel
Men,15.19,D1_ProductLabel
Women,67.19,D1_ProductLabel
Women,41.99,D1_ProductLabel
Women,41.99,D1_ProductLabel
Men,18.99,D1_ProductLabel
Men,16.99,D1_ProductLabel
Men,13.59,D1_ProductLabel
Men,19.99,D1_ProductLabel
Men,51.99,D1_ProductLabel
Men,15.99,D1_ProductLabel
Men,16.99,D1_ProductLabel
Men,44.79,D1_ProductLabel
Women,44.79,D1_ProductLabel
Women,15.19,D1_ProductLabel
Men,18.99,D1_ProductLabel
Men,16.99,D1_ProductLabel
Men,16.99,D1_ProductLabel
Women,16.99,D1_ProductLabel
Women,16.99,D1_ProductLabel
Women,21.99,D1_ProductLabel
Men,13.59,D1_ProductLabel
Men,39.19,D1_ProductLabel
Women,19.19,D1_ProductLabel
Women,43.99,D1_ProductLabel
Women,19.19,D1_ProductLabel
Women,67.19,D1_ProductLabel
Women,36.39,D1_ProductLabel
Women,36.39,D1_ProductLabel
Men,15.99,D1_ProductLabel
Men,15.99,D1_ProductLabel
Men,15.19,D1_ProductLabel
Men,44.79,D1_ProductLabel
Men,15.19,D1_ProductLabel
Men,15.19,D1_ProductLabel
Women,55.99,D1_ProductLabel
Men,67.19,D1_ProductLabel
Men,12.31,D1_ProductLabel
Men,11.19,D1_ProductLabel
Men,11.19,D1_ProductLabel
Men,13.59,D1_ProductLabel
Men,11.19,D1_ProductLabel
Men,13.59,D1_ProductLabel
Women,18.99,D1_ProductLabel
Men,18.99,D1_ProductLabel
Men,41.99,D1_ProductLabel
Men,19.59,D1_ProductLabel
Women,13.59,D1_ProductLabel
Men,41.59,D1_ProductLabel
Women,9.51,D1_ProductLabel
Men,19.59,D1_ProductLabel
Men,44.79,D1_ProductLabel
Men,61.59,D1_ProductLabel
Men,16.99,D1_ProductLabel
Men,16.99,D1_ProductLabel
Women,44.79,D1_ProductLabel
Men,16.99,D1_ProductLabel
Men,13.99,D1_ProductLabel
Men,19.99,D1_ProductLabel
Men,16.99,D1_ProductLabel
Women,36.39,D1_ProductLabel
Women,36.39,D1_ProductLabel
Men,13.99,D1_ProductLabel
Men,13.29,D1_ProductLabel
Men,18.99,D1_ProductLabel
Men,13.59,D1_ProductLabel
Men,13.59,D1_ProductLabel
Men,10.63,D1_ProductLabel
Men,15.19,D1_ProductLabel
Men,13.59,D1_ProductLabel
Men,19.99,D1_ProductLabel
Men,16.99,D1_ProductLabel
Men,18.99,D1_ProductLabel
Men,13.59,D1_ProductLabel
Men,13.59,D1_ProductLabel
Women,13.59,D1_ProductLabel
Men,39.19,D1_ProductLabel
Men,16.99,D1_ProductLabel
Men,18.99,D1_ProductLabel
Men,13.99,D1_ProductLabel
Men,13.99,D1_ProductLabel
Men,16.99,D1_ProductLabel
Women,16.99,D1_ProductLabel
Men,67.19,D1_ProductLabel
Women,67.19,D1_ProductLabel
Men,13.59,D1_ProductLabel
Women,44.79,D1_ProductLabel
Women,36.39,D1_ProductLabel
Men,16.99,D1_ProductLabel
Women,67.19,D1_ProductLabel
Men,15.99,D1_ProductLabel
Women,16.79,D1_ProductLabel
Men,13.29,D1_ProductLabel
Men,19.99,D1_ProductLabel
Men,13.29,D1_ProductLabel
Men,13.29,D1_ProductLabel
Men,13.99,D1_ProductLabel
Men,15.39,D1_ProductLabel
Men,39.19,D1_ProductLabel
Women,16.99,D1_ProductLabel
Men,15.19,D1_ProductLabel
Men,15.19,D1_ProductLabel
Men,19.99,D1_ProductLabel
Men,16.99,D1_ProductLabel
Men,13.29,D1_ProductLabel
Men,16.99,D1_ProductLabel
Men,12.31,D1_ProductLabel
Men,44.79,D1_ProductLabel
Men,18.99,D1_ProductLabel
Men,18.99,D1_ProductLabel
Men,13.59,D1_ProductLabel
Women,10.63,D1_ProductLabel
Men,13.59,D1_ProductLabel
Men,10.63,D1_ProductLabel
Women,16.79,D1_ProductLabel
Women,13.29,D1_ProductLabel
Men,16.99,D1_ProductLabel
Men,16.99,D1_ProductLabel
Men,16.99,D1_ProductLabel
Men,16.99,D1_ProductLabel
Women,16.99,D1_ProductLabel
Women,16.99,D1_ProductLabel
Men,15.99,D1_ProductLabel
Men,19.59,D1_ProductLabel
Women,67.19,D1_ProductLabel
Men,11.19,D1_ProductLabel
Men,11.19,D1_ProductLabel
Men,13.29,D1_ProductLabel
Men,15.99,D1_ProductLabel
Men,30.79,D1_ProductLabel
Men,15.19,D1_ProductLabel
Men,12.31,D1_ProductLabel
Men,16.99,D1_ProductLabel
Men,13.29,D1_ProductLabel
Men,13.99,D1_ProductLabel
Men,15.39,D1_ProductLabel
Men,15.39,D1_ProductLabel
Men,15.39,D1_ProductLabel
Men,15.39,D1_ProductLabel
Men,15.39,D1_ProductLabel
Men,15.39,D1_ProductLabel
Men,15.39,D1_ProductLabel
Men,13.29,D1_ProductLabel
Men,15.39,D1_ProductLabel
Men,13.29,D1_ProductLabel
Men,52.49,D1_ProductLabel
Men,44.79,D1_ProductLabel
Men,44.79,D1_ProductLabel
Women,44.79,D1_ProductLabel
Men,44.79,D1_ProductLabel
Men,44.79,D1_ProductLabel
Men,44.79,D1_ProductLabel
Women,44.79,D1_ProductLabel
Women,44.79,D1_ProductLabel
Men,16.99,D1_ProductLabel
Men,16.99,D1_ProductLabel
Men,12.31,D1_ProductLabel
Men,13.59,D1_ProductLabel
Women,10.63,D1_ProductLabel
Women,11.89,D1_ProductLabel
Men,44.79,D1_ProductLabel
Women,10.63,D1_ProductLabel
Women,13.99,D1_ProductLabel
Women,11.89,D1_ProductLabel
Men,13.59,D1_ProductLabel
Men,13.59,D1_ProductLabel
Men,13.59,D1_ProductLabel
Men,13.59,D1_ProductLabel
Men,13.59,D1_ProductLabel
Men,13.59,D1_ProductLabel
Men,61.59,D1_ProductLabel
Men,52.07,D1_ProductLabel
Men,41.59,D1_ProductLabel
Men,10.63,D1_ProductLabel
Men,13.59,D1_ProductLabel
Men,15.99,D1_ProductLabel
Men,15.99,D1_ProductLabel
Men,15.19,D1_ProductLabel
Women,13.29,D1_ProductLabel
Men,13.29,D1_ProductLabel
Men,13.59,D1_ProductLabel
Men,10.63,D1_ProductLabel
Men,10.63,D1_ProductLabel
Men,13.59,D1_ProductLabel
Men,12.31,D1_ProductLabel
Men,13.59,D1_ProductLabel
Men,44.79,D1_ProductLabel
Men,41.59,D1_ProductLabel
Men,10.63,D1_ProductLabel
Women,15.19,D1_ProductLabel
Women,15.19,D1_ProductLabel
Women,13.29,D1_ProductLabel
Women,13.29,D1_ProductLabel
Women,23.99,D1_ProductLabel
Men,13.59,D1_ProductLabel
Men,13.59,D1_ProductLabel
Men,13.59,D1_ProductLabel
Men,13.59,D1_ProductLabel
Men,15.19,D1_ProductLabel
Men,15.19,D1_ProductLabel
Men,15.19,D1_ProductLabel
Men,15.19,D1_ProductLabel
Men,13.59,D1_ProductLabel
Men,13.59,D1_ProductLabel
Men,13.59,D1_ProductLabel
Men,13.59,D1_ProductLabel
Women,10.63,D1_ProductLabel
Women,10.63,D1_ProductLabel
Men,10.63,D1_ProductLabel
Men,10.63,D1_ProductLabel
Men,12.31,D1_ProductLabel
Men,12.31,D1_ProductLabel
Men,44.79,D1_ProductLabel
Women,10.63,D1_ProductLabel
Men,13.29,D1_ProductLabel
Men,15.19,D1_ProductLabel
Men,11.19,D1_ProductLabel
Men,10.63,D1_ProductLabel
Men,13.59,D1_ProductLabel
Women,13.59,D1_ProductLabel
Men,55.43,D1_ProductLabel
Men,15.99,D1_ProductLabel
Men,11.19,D1_ProductLabel
Women,10.63,D1_ProductLabel
Women,10.63,D1_ProductLabel
Men,15.99,D1_ProductLabel
Men,15.99,D1_ProductLabel
Men,13.29,D1_ProductLabel
Men,15.99,D1_ProductLabel
Men,44.79,D1_ProductLabel
Men,44.79,D1_ProductLabel
Men,15.19,D1_ProductLabel
Men,44.79,D1_ProductLabel
Men,15.99,D1_ProductLabel
Men,10.63,D1_ProductLabel
Men,19.99,D1_ProductLabel
Men,15.99,D1_ProductLabel
Men,15.99,D1_ProductLabel
Women,13.59,D1_ProductLabel
Men,15.99,D1_ProductLabel
Men,13.29,D1_ProductLabel
Women,10.63,D1_ProductLabel
Women,31.35,D1_ProductLabel
Men,76.99,D1_ProductLabel
Women,13.29,D1_ProductLabel
Men,15.19,D1_ProductLabel
Men,15.99,D1_ProductLabel
Men,15.99,D1_ProductLabel
Men,15.99,D1_ProductLabel
Men,15.19,D1_ProductLabel
Men,13.59,D1_ProductLabel
Men,15.19,D1_ProductLabel
Men,13.59,D1_ProductLabel
Women,10.63,D1_ProductLabel
Men,19.99,D1_ProductLabel
Men,16.99,D1_ProductLabel
Men,18.99,D1_ProductLabel
Men,44.79,D1_ProductLabel
Men,44.79,D1_ProductLabel
Women,44.79,D1_ProductLabel
Women,44.79,D1_ProductLabel
Women,10.63,D1_ProductLabel
Men,13.59,D1_ProductLabel
Men,13.59,D1_ProductLabel
Men,15.19,D1_ProductLabel
Men,16.99,D1_ProductLabel
Women,13.29,D1_ProductLabel
Women,13.99,D1_ProductLabel
Women,55.99,D1_ProductLabel
Women,13.29,D1_ProductLabel
Men,15.99,D1_ProductLabel
Men,13.99,D1_ProductLabel
Men,39.19,D1_ProductLabel
Men,39.19,D1_ProductLabel
Women,36.39,D1_ProductLabel
Women,11.19,D1_ProductLabel
Men,18.99,D1_ProductLabel
Men,55.99,D1_ProductLabel
Men,15.99,D1_ProductLabel
Men,15.99,D1_ProductLabel
Men,15.99,D1_ProductLabel
Men,27.99,D1_ProductLabel
Men,15.19,D1_ProductLabel
Women,10.63,D1_ProductLabel
Women,10.63,D1_ProductLabel
Men,44.79,D1_ProductLabel
Men,44.79,D1_ProductLabel
Women,44.79,D1_ProductLabel
Women,44.79,D1_ProductLabel
Women,59.99,D1_ProductLabel
Men,11.19,D1_ProductLabel
Women,10.63,D1_ProductLabel
Women,10.63,D1_ProductLabel
Women,9.51,D1_ProductLabel
Women,11.19,D1_ProductLabel
Men,13.59,D1_ProductLabel
Women,31.35,D1_ProductLabel
Men,55.99,D1_ProductLabel
Women,69.29,D1_ProductLabel
Men,11.19,D1_ProductLabel
Men,10.63,D1_ProductLabel
Women,9.51,D1_ProductLabel
Women,9.51,D1_ProductLabel
Men,55.99,D1_ProductLabel
Men,10.63,D1_ProductLabel
Men,13.99,D1_ProductLabel
Men,13.59,D1_ProductLabel
Men,13.59,D1_ProductLabel
Men,13.59,D1_ProductLabel
Men,12.31,D1_ProductLabel
Men,39.19,D1_ProductLabel
Men,12.31,D1_ProductLabel
Men,39.19,D1_ProductLabel
Men,16.99,D1_ProductLabel
Men,16.99,D1_ProductLabel
Men,15.99,D1_ProductLabel
Men,10.63,D1_ProductLabel
Women,15.19,D1_ProductLabel
Women,15.19,D1_ProductLabel
Men,41.99,D1_ProductLabel
Men,41.99,D1_ProductLabel
Men,16.99,D1_ProductLabel
Men,13.59,D1_ProductLabel
Women,58.79,D1_ProductLabel
Men,15.99,D1_ProductLabel
Women,10.63,D1_ProductLabel
Men,15.99,D1_ProductLabel
Men,11.19,D1_ProductLabel
Men,12.31,D1_ProductLabel
Men,15.99,D1_ProductLabel
Men,19.99,D1_ProductLabel
Men,55.99,D1_ProductLabel
Men,10.63,D1_ProductLabel
Men,11.19,D1_ProductLabel
Men,11.19,D1_ProductLabel
Women,10.63,D1_ProductLabel
Women,10.63,D1_ProductLabel
Men,15.99,D1_ProductLabel
Men,13.29,D1_ProductLabel
Men,13.99,D1_ProductLabel
Women,10.63,D1_ProductLabel
Men,44.79,D1_ProductLabel
Men,15.19,D1_ProductLabel
Men,13.59,D1_ProductLabel
Men,15.19,D1_ProductLabel
Men,13.59,D1_ProductLabel
Men,13.59,D1_ProductLabel
Men,13.59,D1_ProductLabel
Women,15.19,D1_ProductLabel
Men,15.99,D1_ProductLabel
Men,61.59,D1_ProductLabel
Men,15.99,D1_ProductLabel
Women,12.31,D1_ProductLabel
Men,18.99,D1_ProductLabel
Men,18.99,D1_ProductLabel
Women,18.99,D1_ProductLabel
Men,15.99,D1_ProductLabel
Men,13.59,D1_ProductLabel
Men,13.59,D1_ProductLabel
Women,13.59,D1_ProductLabel
Men,15.99,D1_ProductLabel
Men,15.19,D1_ProductLabel
Men,52.07,D1_ProductLabel
Men,44.79,D1_ProductLabel
Men,12.31,D1_ProductLabel
Men,15.99,D1_ProductLabel
Men,19.99,D1_ProductLabel
Men,16.99,D1_ProductLabel
Women,10.63,D1_ProductLabel
Men,13.99,D1_ProductLabel
Men,16.99,D1_ProductLabel
Men,16.99,D1_ProductLabel
Men,76.99,D1_ProductLabel
Men,13.29,D1_ProductLabel
Men,15.39,D1_ProductLabel
Men,15.39,D1_ProductLabel
Men,13.59,D1_ProductLabel
Men,15.99,D1_ProductLabel
Men,11.19,D1_ProductLabel
Men,10.63,D1_ProductLabel
Women,15.19,D1_ProductLabel
Men,10.63,D1_ProductLabel
Men,10.63,D1_ProductLabel
Men,10.63,D1_ProductLabel
Women,9.51,D1_ProductLabel
Men,13.29,D1_ProductLabel
Men,19.99,D1_ProductLabel
Men,12.31,D1_ProductLabel
Men,15.39,D1_ProductLabel
Men,18.99,D1_ProductLabel
Men,15.39,D1_ProductLabel
Men,13.29,D1_ProductLabel
Men,13.59,D1_ProductLabel
Men,15.39,D1_ProductLabel
Women,36.39,D1_ProductLabel
Men,13.59,D1_ProductLabel
Men,15.99,D1_ProductLabel
Men,13.99,D1_ProductLabel
Men,13.99,D1_ProductLabel
Men,19.59,D1_ProductLabel
Men,44.79,D1_ProductLabel
Men,44.79,D1_ProductLabel
Men,10.63,D1_ProductLabel
Men,12.31,D1_ProductLabel
Men,15.99,D1_ProductLabel
Men,59.99,D1_ProductLabel
Men,41.99,D1_ProductLabel
Women,41.99,D1_ProductLabel
Men,15.99,D1_ProductLabel
Men,12.31,D1_ProductLabel
Men,10.63,D1_ProductLabel
Men,13.59,D1_ProductLabel
Men,13.59,D1_ProductLabel
Men,13.59,D1_ProductLabel
Men,39.19,D1_ProductLabel
Men,16.99,D1_ProductLabel
Men,55.99,D1_ProductLabel
Men,16.99,D1_ProductLabel
Men,16.99,D1_ProductLabel
Women,16.99,D1_ProductLabel
Men,12.31,D1_ProductLabel
Men,12.31,D1_ProductLabel
Men,59.99,D1_ProductLabel
Men,59.99,D1_ProductLabel
Women,58.79,D1_ProductLabel
Women,58.79,D1_ProductLabel
Women,58.79,D1_ProductLabel
Women,18.99,D1_ProductLabel
Women,18.99,D1_ProductLabel
Men,10.63,D1_ProductLabel
Men,10.63,D1_ProductLabel
Men,10.63,D1_ProductLabel
Men,15.19,D1_ProductLabel
Men,15.19,D1_ProductLabel
Men,15.19,D1_ProductLabel
Women,13.59,D1_ProductLabel
Women,13.59,D1_ProductLabel
Women,11.19,D1_ProductLabel
Women,11.19,D1_ProductLabel
Women,11.19,D1_ProductLabel
Men,16.99,D1_ProductLabel
Men,13.29,D1_ProductLabel
Men,13.29,D1_ProductLabel
Men,13.29,D1_ProductLabel
Men,13.29,D1_ProductLabel
Men,13.29,D1_ProductLabel
Men,13.29,D1_ProductLabel
Men,16.99,D1_ProductLabel
Men,16.99,D1_ProductLabel
Men,48.99,D1_ProductLabel
Women,18.99,D1_ProductLabel
Men,51.99,D1_ProductLabel
Men,67.19,D1_ProductLabel
Men,41.99,D1_ProductLabel
Men,10.63,D1_ProductLabel
Men,10.63,D1_ProductLabel
Men,44.79,D1_ProductLabel
Men,13.59,D1_ProductLabel
Men,13.59,D1_ProductLabel
Men,61.59,D1_ProductLabel
Women,13.59,D1_ProductLabel
Men,13.59,D1_ProductLabel
Men,16.99,D1_ProductLabel
Women,39.19,D1_ProductLabel
Men,19.99,D1_ProductLabel
Men,13.29,D1_ProductLabel
Men,13.29,D1_ProductLabel
Men,13.29,D1_ProductLabel
Men,13.29,D1_ProductLabel
Men,13.29,D1_ProductLabel
Men,55.99,D1_ProductLabel
Men,74.99,D1_ProductLabel
Women,52.49,D1_ProductLabel
Men,13.59,D1_ProductLabel
Men,16.99,D1_ProductLabel
Men,44.79,D1_ProductLabel
Men,13.29,D1_ProductLabel
Women,19.19,D1_ProductLabel
Men,10.63,D1_ProductLabel
Men,10.63,D1_ProductLabel
Men,79.19,D1_ProductLabel
Men,13.59,D1_ProductLabel
Men,10.63,D1_ProductLabel
Men,10.63,D1_ProductLabel
Men,11.19,D1_ProductLabel
Men,39.19,D1_ProductLabel
Men,59.99,D1_ProductLabel
Men,15.19,D1_ProductLabel
Men,15.19,D1_ProductLabel
Men,10.63,D1_ProductLabel
Men,13.29,D1_ProductLabel
Men,13.59,D1_ProductLabel
Men,48.99,D1_ProductLabel
Men,10.63,D1_ProductLabel
Men,10.63,D1_ProductLabel
Men,12.31,D1_ProductLabel
Men,41.99,D1_ProductLabel
Men,13.29,D1_ProductLabel
Men,13.29,D1_ProductLabel
Men,13.29,D1_ProductLabel
Men,13.99,D1_ProductLabel
Men,13.99,D1_ProductLabel
Men,13.99,D1_ProductLabel
Men,44.79,D1_ProductLabel
Men,13.99,D1_ProductLabel
Men,16.99,D1_ProductLabel
Men,18.99,D1_ProductLabel
Women,16.99,D1_ProductLabel
Men,13.29,D1_ProductLabel
Men,16.99,D1_ProductLabel
Women,13.99,D1_ProductLabel
Men,13.99,D1_ProductLabel
Men,13.99,D1_ProductLabel
Women,11.19,D1_ProductLabel
Men,52.49,D1_ProductLabel
Women,18.99,D1_ProductLabel
Men,10.63,D1_ProductLabel
Men,10.63,D1_ProductLabel
Women,13.59,D1_ProductLabel
Women,13.59,D1_ProductLabel
Men,10.63,D1_ProductLabel
Men,12.31,D1_ProductLabel
Men,61.59,D1_ProductLabel
Women,36.39,D1_ProductLabel
Women,67.19,D1_ProductLabel
Men,67.19,D1_ProductLabel
Women,67.19,D1_ProductLabel
Women,67.19,D1_ProductLabel
Men,79.19,D1_ProductLabel
Women,52.07,D1_ProductLabel
Men,13.59,D1_ProductLabel
Men,11.19,D1_ProductLabel
Women,10.63,D1_ProductLabel
Men,13.59,D1_ProductLabel
Men,13.29,D1_ProductLabel
Men,19.59,D1_ProductLabel
Men,15.99,D1_ProductLabel
Men,44.79,D1_ProductLabel
Men,10.63,D1_ProductLabel
Women,15.19,D1_ProductLabel
Men,11.19,D1_ProductLabel
Men,13.59,D1_ProductLabel
Men,15.99,D1_ProductLabel
Women,11.89,D1_ProductLabel
Men,15.99,D1_ProductLabel
Women,15.19,D1_ProductLabel
Men,19.99,D1_ProductLabel
Men,11.19,D1_ProductLabel
Men,11.19,D1_ProductLabel
Men,11.19,D1_ProductLabel
Men,9.51,D1_ProductLabel
Men,13.29,D1_ProductLabel
Men,16.99,D1_ProductLabel
Women,16.99,D1_ProductLabel
Men,13.29,D1_ProductLabel
Women,15.19,D1_ProductLabel
Men,13.99,D1_ProductLabel
Men,13.99,D1_ProductLabel
Men,15.99,D1_ProductLabel
Men,30.79,D1_ProductLabel
Men,12.31,D1_ProductLabel
Men,39.19,D1_ProductLabel
Men,59.99,D1_ProductLabel
Men,39.19,D1_ProductLabel
Men,55.99,D1_ProductLabel
Men,13.59,D1_ProductLabel
Women,18.99,D1_ProductLabel
Men,19.99,D1_ProductLabel
Men,19.99,D1_ProductLabel
Men,13.99,D1_ProductLabel
Men,13.99,D1_ProductLabel
Men,16.99,D1_ProductLabel
Men,15.39,D1_ProductLabel
Men,12.31,D1_ProductLabel
Women,10.63,D1_ProductLabel
Men,10.63,D1_ProductLabel
Men,10.63,D1_ProductLabel
Women,10.63,D1_ProductLabel
Men,13.29,D1_ProductLabel
Women,13.29,D1_ProductLabel
Women,10.63,D1_ProductLabel
Women,10.63,D1_ProductLabel
Men,16.99,D1_ProductLabel
Men,18.99,D1_ProductLabel
Men,13.99,D1_ProductLabel
Women,16.99,D1_ProductLabel
Men,16.99,D1_ProductLabel
Men,16.99,D1_ProductLabel
Men,13.29,D1_ProductLabel
Men,18.99,D1_ProductLabel
Men,15.99,D1_ProductLabel
Men,13.29,D1_ProductLabel
Men,18.99,D1_ProductLabel
Men,13.29,D1_ProductLabel
Men,13.59,D1_ProductLabel
Men,13.59,D1_ProductLabel
Women,13.29,D1_ProductLabel
Men,11.19,D1_ProductLabel
Men,13.59,D1_ProductLabel
Men,12.31,D1_ProductLabel
Women,67.19,D1_ProductLabel
Men,55.99,D1_ProductLabel
Men,12.31,D1_ProductLabel
Men,61.59,D1_ProductLabel
Women,18.99,D1_ProductLabel
Women,16.99,D1_ProductLabel
Women,13.99,D1_ProductLabel
Women,18.99,D1_ProductLabel
Women,67.19,D1_ProductLabel
Men,15.39,D1_ProductLabel
Men,15.99,D1_ProductLabel
Men,12.31,D1_ProductLabel
Men,15.99,D1_ProductLabel
Men,16.99,D1_ProductLabel
Women,59.99,D1_ProductLabel
Women,44.79,D1_ProductLabel
Men,10.63,D1_ProductLabel
Men,41.59,D1_ProductLabel
Women,44.79,D1_ProductLabel
Men,15.39,D1_ProductLabel
Women,13.29,D1_ProductLabel
Men,16.99,D1_ProductLabel
Women,9.51,D1_ProductLabel
Women,9.51,D1_ProductLabel
Men,11.19,D1_ProductLabel
Men,10.63,D1_ProductLabel
Men,13.59,D1_ProductLabel
Men,12.31,D1_ProductLabel
Men,18.99,D1_ProductLabel
Men,15.99,D1_ProductLabel
Men,15.99,D1_ProductLabel
Men,44.79,D1_ProductLabel
Men,10.63,D1_ProductLabel
Men,10.63,D1_ProductLabel
Men,10.63,D1_ProductLabel
Men,10.63,D1_ProductLabel
Men,44.79,D1_ProductLabel
Men,16.99,D1_ProductLabel
Men,13.99,D1_ProductLabel
Women,16.79,D1_ProductLabel
Men,10.63,D1_ProductLabel
Men,15.39,D1_ProductLabel
Women,9.51,D1_ProductLabel
Women,67.19,D1_ProductLabel
Women,58.79,D1_ProductLabel
Men,15.39,D1_ProductLabel
Men,10.63,D1_ProductLabel
Men,13.99,D1_ProductLabel
Women,13.29,D1_ProductLabel
Men,15.19,D1_ProductLabel
Men,18.99,D1_ProductLabel
Men,18.99,D1_ProductLabel
Men,16.99,D1_ProductLabel
Men,18.99,D1_ProductLabel
Men,18.99,D1_ProductLabel
Men,15.19,D1_ProductLabel
Men,15.99,D1_ProductLabel
Men,18.99,D1_ProductLabel
Men,16.99,D1_ProductLabel
Men,16.99,D1_ProductLabel
Women,18.99,D1_ProductLabel
Women,13.29,D1_ProductLabel
Men,61.59,D1_ProductLabel
Women,79.19,D1_ProductLabel
Men,19.59,D1_ProductLabel
Men,41.99,D1_ProductLabel
Women,9.51,D1_ProductLabel
Men,13.59,D1_ProductLabel
Men,15.99,D1_ProductLabel
Men,16.99,D1_ProductLabel
Men,11.19,D1_ProductLabel
Men,12.31,D1_ProductLabel
Men,12.31,D1_ProductLabel
Men,24.49,D1_ProductLabel
Men,13.99,D1_ProductLabel
Men,15.19,D1_ProductLabel
Men,12.31,D1_ProductLabel
Men,18.99,D1_ProductLabel
Women,18.99,D1_ProductLabel
Men,12.31,D1_ProductLabel
Men,67.19,D1_ProductLabel
Women,15.19,D1_ProductLabel
Men,11.19,D1_ProductLabel
Men,11.19,D1_ProductLabel
Men,11.19,D1_ProductLabel
Women,9.51,D1_ProductLabel
Women,9.51,D1_ProductLabel
Men,41.99,D1_ProductLabel
Women,59.99,D1_ProductLabel
Women,13.29,D1_ProductLabel
Men,67.19,D1_ProductLabel
Men,15.99,D1_ProductLabel
Men,11.19,D1_ProductLabel
Men,11.19,D1_ProductLabel
Men,10.63,D1_ProductLabel
Men,15.99,D1_ProductLabel
Men,61.59,D1_ProductLabel
Men,44.79,D1_ProductLabel
Women,52.49,D1_ProductLabel
Men,16.99,D1_ProductLabel
Women,13.29,D1_ProductLabel
Men,13.29,D1_ProductLabel
Men,13.29,D1_ProductLabel
Men,16.99,D1_ProductLabel
Men,61.59,D1_ProductLabel
Men,16.99,D1_ProductLabel
Women,16.99,D1_ProductLabel
Women,13.29,D1_ProductLabel
Men,13.29,D1_ProductLabel
Men,11.19,D1_ProductLabel
Men,10.63,D1_ProductLabel
Men,10.63,D1_ProductLabel
Men,11.19,D1_ProductLabel
Men,12.31,D1_ProductLabel
Men,67.19,D1_ProductLabel
Men,39.19,D1_ProductLabel
Women,10.63,D1_ProductLabel
Women,11.19,D1_ProductLabel
Women,11.19,D1_ProductLabel
Women,10.63,D1_ProductLabel
Women,36.39,D1_ProductLabel
Men,13.99,D1_ProductLabel
Men,30.79,D1_ProductLabel
Women,9.51,D1_ProductLabel
Men,19.99,D1_ProductLabel
Men,13.99,D1_ProductLabel
Men,15.39,D1_ProductLabel
Women,67.19,D1_ProductLabel
Women,59.99,D1_ProductLabel
Men,13.59,D1_ProductLabel
Men,10.63,D1_ProductLabel
Women,10.63,D1_ProductLabel
Men,15.19,D1_ProductLabel
Men,15.19,D1_ProductLabel
Men,13.99,D1_ProductLabel
Men,13.99,D1_ProductLabel
Men,15.19,D1_ProductLabel
Men,15.99,D1_ProductLabel
Women,36.39,D1_ProductLabel
Men,13.29,D1_ProductLabel
Men,15.39,D1_ProductLabel
Men,15.19,D1_ProductLabel
Men,13.59,D1_ProductLabel
Men,13.59,D1_ProductLabel
Men,13.59,D1_ProductLabel
Men,13.59,D1_ProductLabel
Men,15.99,D1_ProductLabel
Men,44.79,D1_ProductLabel
Men,44.79,D1_ProductLabel
Men,15.99,D1_ProductLabel
Men,10.63,D1_ProductLabel
Men,10.63,D1_ProductLabel
Women,44.79,D1_ProductLabel
Men,16.99,D1_ProductLabel
Men,18.99,D1_ProductLabel
Women,39.19,D1_ProductLabel
Women,55.43,D1_ProductLabel
Men,52.07,D1_ProductLabel
Women,16.99,D1_ProductLabel
Women,16.79,D1_ProductLabel
Men,15.99,D1_ProductLabel
Men,11.19,D1_ProductLabel
Men,12.31,D1_ProductLabel
Men,12.31,D1_ProductLabel
Women,10.63,D1_ProductLabel
Women,30.79,D1_ProductLabel
Men,67.19,D1_ProductLabel
Women,67.19,D1_ProductLabel
Women,15.19,D1_ProductLabel
Women,13.29,D1_ProductLabel
Men,16.99,D1_ProductLabel
Men,13.29,D1_ProductLabel
Men,13.29,D1_ProductLabel
Men,16.99,D1_ProductLabel
Men,83.99,D1_ProductLabel
Men,16.99,D1_ProductLabel
Men,13.29,D1_ProductLabel
Men,16.99,D1_ProductLabel
Men,16.99,D1_ProductLabel
Men,16.99,D1_ProductLabel
Men,13.99,D1_ProductLabel
Men,16.99,D1_ProductLabel
Women,59.99,D1_ProductLabel
Men,10.63,D1_ProductLabel
Men,65.09,D1_ProductLabel
Men,15.99,D1_ProductLabel
Men,44.79,D1_ProductLabel
Men,19.99,D1_ProductLabel
Men,10.63,D1_ProductLabel
Men,12.31,D1_ProductLabel
Women,44.79,D1_ProductLabel
Women,13.29,D1_ProductLabel
Women,13.59,D1_ProductLabel
Women,11.19,D1_ProductLabel
Men,11.19,D1_ProductLabel
Men,39.19,D1_ProductLabel
Women,36.39,D1_ProductLabel
Men,18.99,D1_ProductLabel
Men,55.99,D1_ProductLabel
Men,18.99,D1_ProductLabel
Men,13.59,D1_ProductLabel
Men,10.63,D1_ProductLabel
Men,12.31,D1_ProductLabel
Men,10.63,D1_ProductLabel
Men,15.19,D1_ProductLabel
Men,11.19,D1_ProductLabel
Men,44.79,D1_ProductLabel
Men,15.99,D1_ProductLabel
Men,15.99,D1_ProductLabel
Men,16.99,D1_ProductLabel
Women,13.29,D1_ProductLabel
Men,39.19,D1_ProductLabel
Men,15.99,D1_ProductLabel
Men,10.63,D1_ProductLabel
Men,15.19,D1_ProductLabel
Men,11.19,D1_ProductLabel
Men,15.19,D1_ProductLabel
Men,15.99,D1_ProductLabel
Men,11.19,D1_ProductLabel
Men,13.59,D1_ProductLabel
Men,13.59,D1_ProductLabel
Men,15.19,D1_ProductLabel
Women,44.79,D1_ProductLabel
Women,79.19,D1_ProductLabel
Men,13.99,D1_ProductLabel
Women,10.63,D1_ProductLabel
Men,16.99,D1_ProductLabel
Women,10.63,D1_ProductLabel
Men,16.99,D1_ProductLabel
Men,11.19,D1_ProductLabel
Men,10.63,D1_ProductLabel
Men,10.63,D1_ProductLabel
Men,11.19,D1_ProductLabel
Men,12.31,D1_ProductLabel
Women,67.19,D1_ProductLabel
Men,13.59,D1_ProductLabel
Men,10.63,D1_ProductLabel
Men,19.99,D1_ProductLabel
Men,19.99,D1_ProductLabel
Men,13.99,D1_ProductLabel
Women,11.89,D1_ProductLabel
Women,16.79,D1_ProductLabel
Men,16.99,D1_ProductLabel
Men,18.99,D1_ProductLabel
Men,16.99,D1_ProductLabel
Men,13.29,D1_ProductLabel
Men,19.99,D1_ProductLabel
Women,44.79,D1_ProductLabel
Women,15.19,D1_ProductLabel
Men,13.29,D1_ProductLabel
Men,19.99,D1_ProductLabel
Men,13.99,D1_ProductLabel
Women,16.79,D1_ProductLabel
Women,13.99,D1_ProductLabel
Men,11.19,D1_ProductLabel
Men,11.19,D1_ProductLabel
Men,11.19,D1_ProductLabel
Men,11.19,D1_ProductLabel
Men,11.19,D1_ProductLabel
Men,13.29,D1_ProductLabel
Men,16.99,D1_ProductLabel
Men,13.29,D1_ProductLabel
Men,18.99,D1_ProductLabel
Men,16.99,D1_ProductLabel
Men,74.99,D1_ProductLabel
Men,76.99,D1_ProductLabel
Men,51.99,D1_ProductLabel
Men,11.19,D1_ProductLabel
Men,13.59,D1_ProductLabel
Women,10.63,D1_ProductLabel
Men,13.59,D1_ProductLabel
Men,13.59,D1_ProductLabel
Men,13.59,D1_ProductLabel
Women,9.51,D1_ProductLabel
Women,9.51,D1_ProductLabel
Men,41.99,D1_ProductLabel
Men,13.59,D1_ProductLabel
Men,13.59,D1_ProductLabel
Men,10.63,D1_ProductLabel
Men,13.59,D1_ProductLabel
Women,9.51,D1_ProductLabel
Women,9.51,D1_ProductLabel
Women,13.29,D1_ProductLabel
Women,13.29,D1_ProductLabel
Men,13.59,D1_ProductLabel
Men,15.99,D1_ProductLabel
Men,10.63,D1_ProductLabel
Men,11.19,D1_ProductLabel
Men,12.31,D1_ProductLabel
Men,12.31,D1_ProductLabel
Men,13.59,D1_ProductLabel
Men,16.99,D1_ProductLabel
Men,18.99,D1_ProductLabel
Men,41.59,D1_ProductLabel
Men,12.31,D1_ProductLabel
Men,12.31,D1_ProductLabel
Women,31.35,D1_ProductLabel
Women,31.35,D1_ProductLabel
Women,10.63,D1_ProductLabel
Men,19.99,D1_ProductLabel
Men,18.99,D1_ProductLabel
Men,44.79,D1_ProductLabel
Men,13.29,D1_ProductLabel
Men,15.39,D1_ProductLabel
Men,18.99,D1_ProductLabel
Men,15.39,D1_ProductLabel
Men,13.29,D1_ProductLabel
Men,16.99,D1_ProductLabel
Men,13.29,D1_ProductLabel
Men,13.99,D1_ProductLabel
Men,10.63,D1_ProductLabel
Men,59.99,D1_ProductLabel
Men,44.79,D1_ProductLabel
Men,15.99,D1_ProductLabel
Men,11.19,D1_ProductLabel
Men,11.19,D1_ProductLabel
Men,44.79,D1_ProductLabel
Men,13.29,D1_ProductLabel
Men,65.09,D1_ProductLabel
Men,44.79,D1_ProductLabel
Men,15.99,D1_ProductLabel
Women,13.43,D1_ProductLabel
Men,13.59,D1_ProductLabel
Men,61.59,D1_ProductLabel
Men,19.99,D1_ProductLabel
Men,18.99,D1_ProductLabel
Men,15.39,D1_ProductLabel
Women,15.39,D1_ProductLabel
Women,11.89,D1_ProductLabel
Men,15.99,D1_ProductLabel
Men,15.99,D1_ProductLabel
Men,11.19,D1_ProductLabel
Men,12.31,D1_ProductLabel
Men,15.99,D1_ProductLabel
Men,11.19,D1_ProductLabel
Men,10.63,D1_ProductLabel
Men,15.99,D1_ProductLabel
Men,13.59,D1_ProductLabel
Women,13.43,D1_ProductLabel
Men,13.59,D1_ProductLabel
Men,13.59,D1_ProductLabel
Men,15.99,D1_ProductLabel
Men,15.99,D1_ProductLabel
Men,13.59,D1_ProductLabel
Men,13.59,D1_ProductLabel
Women,59.99,D1_ProductLabel
Men,19.99,D1_ProductLabel
Men,10.63,D1_ProductLabel
Men,15.19,D1_ProductLabel
Men,13.29,D1_ProductLabel
Men,18.99,D1_ProductLabel
Men,18.99,D1_ProductLabel
Men,16.99,D1_ProductLabel
Men,16.99,D1_ProductLabel
Men,16.99,D1_ProductLabel
Women,16.99,D1_ProductLabel
Women,18.99,D1_ProductLabel
Women,11.89,D1_ProductLabel
Women,18.99,D1_ProductLabel
Men,10.63,D1_ProductLabel
Men,15.99,D1_ProductLabel
Men,52.07,D1_ProductLabel
Men,11.19,D1_ProductLabel
Men,10.63,D1_ProductLabel
Men,10.63,D1_ProductLabel
Men,10.63,D1_ProductLabel
Men,12.31,D1_ProductLabel
Women,67.19,D1_ProductLabel
Women,44.79,D1_ProductLabel
Women,10.63,D1_ProductLabel
Women,44.79,D1_ProductLabel
Women,44.79,D1_ProductLabel
Men,44.79,D1_ProductLabel
Women,9.51,D1_ProductLabel
Women,12.31,D1_ProductLabel
Men,39.19,D1_ProductLabel
Men,10.63,D1_ProductLabel
Women,15.19,D1_ProductLabel
Women,15.19,D1_ProductLabel
Women,31.35,D1_ProductLabel
Men,15.19,D1_ProductLabel
Women,15.19,D1_ProductLabel
Men,41.59,D1_ProductLabel
Women,9.51,D1_ProductLabel
Men,13.29,D1_ProductLabel
Men,13.29,D1_ProductLabel
Men,10.63,D1_ProductLabel
Men,13.59,D1_ProductLabel
Men,15.39,D1_ProductLabel
Men,10.63,D1_ProductLabel
Men,10.63,D1_ProductLabel
Men,15.19,D1_ProductLabel
Men,61.59,D1_ProductLabel
Men,61.59,D1_ProductLabel
Men,41.59,D1_ProductLabel
Women,13.29,D1_ProductLabel
Women,55.99,D1_ProductLabel
Men,13.59,D1_ProductLabel
Men,15.19,D1_ProductLabel
Men,11.19,D1_ProductLabel
Men,79.19,D1_ProductLabel
Women,13.59,D1_ProductLabel
Women,15.19,D1_ProductLabel
Men,13.29,D1_ProductLabel
Men,12.31,D1_ProductLabel
Men,15.99,D1_ProductLabel
Men,10.63,D1_ProductLabel
Men,10.63,D1_ProductLabel
Men,11.19,D1_ProductLabel
Men,11.19,D1_ProductLabel
Men,10.63,D1_ProductLabel
Women,9.51,D1_ProductLabel
Women,10.63,D1_ProductLabel
Women,11.19,D1_ProductLabel
Women,10.63,D1_ProductLabel
Women,10.63,D1_ProductLabel
Women,11.19,D1_ProductLabel
Women,44.79,D1_ProductLabel
Men,52.07,D1_ProductLabel
Men,44.79,D1_ProductLabel
Women,31.35,D1_ProductLabel
Men,55.99,D1_ProductLabel
Women,13.29,D1_ProductLabel
Men,55.99,D1_ProductLabel
Men,13.99,D1_ProductLabel
Men,13.29,D1_ProductLabel
Men,44.79,D1_ProductLabel
Women,13.29,D1_ProductLabel
Men,19.99,D1_ProductLabel
Men,15.39,D1_ProductLabel
Men,19.99,D1_ProductLabel
Men,15.39,D1_ProductLabel
Men,16.99,D1_ProductLabel
Men,10.63,D1_ProductLabel
Men,13.29,D1_ProductLabel
Men,13.29,D1_ProductLabel
Men,13.29,D1_ProductLabel
Men,13.29,D1_ProductLabel
Men,13.29,D1_ProductLabel
Men,13.29,D1_ProductLabel
Women,11.89,D1_ProductLabel
Women,13.29,D1_ProductLabel
Women,13.29,D1_ProductLabel
Women,11.89,D1_ProductLabel
Men,12.31,D1_ProductLabel
Men,11.19,D1_ProductLabel
Men,10.63,D1_ProductLabel
Men,19.99,D1_ProductLabel
Men,13.29,D1_ProductLabel
Men,13.99,D1_ProductLabel
Men,13.99,D1_ProductLabel
Men,13.99,D1_ProductLabel
Men,15.39,D1_ProductLabel
Men,15.39,D1_ProductLabel
Men,15.39,D1_ProductLabel
Men,15.39,D1_ProductLabel
Men,18.99,D1_ProductLabel
Men,13.59,D1_ProductLabel
Men,18.99,D1_ProductLabel
Men,16.99,D1_ProductLabel
Men,55.99,D1_ProductLabel
Men,16.99,D1_ProductLabel
Men,15.99,D1_ProductLabel
Men,10.63,D1_ProductLabel
Men,11.19,D1_ProductLabel
Men,12.31,D1_ProductLabel
Men,12.31,D1_ProductLabel
Men,13.59,D1_ProductLabel
Men,13.59,D1_ProductLabel
Men,79.19,D1_ProductLabel
Men,41.59,D1_ProductLabel
Women,10.63,D1_ProductLabel
Men,10.63,D1_ProductLabel
Men,13.29,D1_ProductLabel
Men,10.63,D1_ProductLabel
Men,12.31,D1_ProductLabel
Men,11.19,D1_ProductLabel
Men,12.31,D1_ProductLabel
Men,50.39,D1_ProductLabel
Men,44.79,D1_ProductLabel
Women,18.99,D1_ProductLabel
Men,18.99,D1_ProductLabel
Men,16.99,D1_ProductLabel
Men,13.29,D1_ProductLabel
Men,19.99,D1_ProductLabel
Men,16.99,D1_ProductLabel
Women,15.19,D1_ProductLabel
Men,13.59,D1_ProductLabel
Men,16.99,D1_ProductLabel
Men,16.99,D1_ProductLabel
Men,15.19,D1_ProductLabel
Men,59.99,D1_ProductLabel
Women,79.19,D1_ProductLabel
Men,15.99,D1_ProductLabel
Men,13.59,D1_ProductLabel
Men,11.19,D1_ProductLabel
Men,11.19,D1_ProductLabel
Men,11.19,D1_ProductLabel
Men,11.19,D1_ProductLabel
Women,31.35,D1_ProductLabel
Men,15.19,D1_ProductLabel
Men,11.19,D1_ProductLabel
Men,44.79,D1_ProductLabel
Men,13.59,D1_ProductLabel
Women,31.35,D1_ProductLabel
Men,15.99,D1_ProductLabel
Men,13.59,D1_ProductLabel
Men,39.19,D1_ProductLabel
Women,15.19,D1_ProductLabel
Women,13.29,D1_ProductLabel
Women,39.19,D1_ProductLabel
Men,59.99,D1_ProductLabel
Men,11.19,D1_ProductLabel
Men,10.63,D1_ProductLabel
Men,10.63,D1_ProductLabel
Men,10.63,D1_ProductLabel
Men,10.63,D1_ProductLabel
Men,12.31,D1_ProductLabel
Women,13.43,D1_ProductLabel
Men,13.29,D1_ProductLabel
Men,10.63,D1_ProductLabel
Men,44.79,D1_ProductLabel
Men,15.99,D1_ProductLabel
Women,67.19,D1_ProductLabel
Men,41.99,D1_ProductLabel
Women,74.99,D1_ProductLabel
Men,13.29,D1_ProductLabel
Men,11.19,D1_ProductLabel
Men,11.19,D1_ProductLabel
Men,15.99,D1_ProductLabel
Men,15.99,D1_ProductLabel
Women,10.63,D1_ProductLabel
Women,58.79,D1_ProductLabel
Men,15.19,D1_ProductLabel
Men,13.29,D1_ProductLabel
Men,16.99,D1_ProductLabel
Men,13.99,D1_ProductLabel
Women,13.29,D1_ProductLabel
Women,23.99,D1_ProductLabel
Men,13.29,D1_ProductLabel
Men,13.29,D1_ProductLabel
Men,24.49,D1_ProductLabel
Women,55.99,D1_ProductLabel
Men,16.99,D1_ProductLabel
Men,16.99,D1_ProductLabel
Men,19.99,D1_ProductLabel
Men,12.31,D1_ProductLabel
Women,73.49,D1_ProductLabel
Women,13.29,D1_ProductLabel
Women,65.09,D1_ProductLabel
Men,44.79,D1_ProductLabel
Men,10.63,D1_ProductLabel
Men,10.63,D1_ProductLabel
Women,9.51,D1_ProductLabel
Women,10.63,D1_ProductLabel
Women,9.51,D1_ProductLabel
Men,74.99,D1_ProductLabel
Women,55.99,D1_ProductLabel
Women,55.99,D1_ProductLabel
Men,55.99,D1_ProductLabel
Men,10.63,D1_ProductLabel
Men,19.59,D1_ProductLabel
Men,10.63,D1_ProductLabel
Men,12.31,D1_ProductLabel
Men,12.31,D1_ProductLabel
Men,67.19,D1_ProductLabel
Women,11.19,D1_ProductLabel
Women,10.63,D1_ProductLabel
Women,15.19,D1_ProductLabel
Women,11.89,D1_ProductLabel
Men,39.19,D1_ProductLabel
Men,13.29,D1_ProductLabel
Men,13.99,D1_ProductLabel
Women,15.19,D1_ProductLabel
Men,16.99,D1_ProductLabel
Women,30.79,D1_ProductLabel
Women,10.63,D1_ProductLabel
Men,44.79,D1_ProductLabel
Women,10.63,D1_ProductLabel
Men,15.39,D1_ProductLabel
Men,13.29,D1_ProductLabel
Women,10.63,D1_ProductLabel
Men,10.63,D1_ProductLabel
Men,15.19,D1_ProductLabel
Men,59.99,D1_ProductLabel
Men,11.19,D1_ProductLabel
Men,10.63,D1_ProductLabel
Men,41.99,D1_ProductLabel
Women,53.19,D1_ProductLabel
Women,11.89,D1_ProductLabel
Men,44.79,D1_ProductLabel
Women,31.35,D1_ProductLabel
Men,15.99,D1_ProductLabel
Men,13.59,D1_ProductLabel
Men,39.19,D1_ProductLabel
Women,10.63,D1_ProductLabel
Women,10.63,D1_ProductLabel
Men,13.99,D1_ProductLabel
Women,13.99,D1_ProductLabel
Women,11.89,D1_ProductLabel
Men,13.99,D1_ProductLabel
Women,30.79,D1_ProductLabel
Women,44.79,D1_ProductLabel
Men,16.99,D1_ProductLabel
Men,11.19,D1_ProductLabel
Women,44.79,D1_ProductLabel
Men,19.99,D1_ProductLabel
Men,15.19,D1_ProductLabel
Men,15.19,D1_ProductLabel
Men,11.19,D1_ProductLabel
Men,11.19,D1_ProductLabel
Men,11.19,D1_ProductLabel
Women,11.89,D1_ProductLabel
Men,15.99,D1_ProductLabel
Men,13.59,D1_ProductLabel
Women,13.59,D1_ProductLabel
Women,13.59,D1_ProductLabel
Men,10.63,D1_ProductLabel
Men,10.63,D1_ProductLabel
Men,16.99,D1_ProductLabel
Men,18.99,D1_ProductLabel
Women,13.43,D1_ProductLabel
Women,10.63,D1_ProductLabel
Men,59.99,D1_ProductLabel
Men,59.99,D1_ProductLabel
Men,10.63,D1_ProductLabel
Men,10.63,D1_ProductLabel
Men,10.63,D1_ProductLabel
Women,58.79,D1_ProductLabel
Men,16.99,D1_ProductLabel
Men,13.99,D1_ProductLabel
Men,15.39,D1_ProductLabel
Women,11.89,D1_ProductLabel
Women,13.29,D1_ProductLabel
Women,16.79,D1_ProductLabel
Women,11.89,D1_ProductLabel
Men,10.63,D1_ProductLabel
Men,12.31,D1_ProductLabel
Men,11.19,D1_ProductLabel
Men,10.63,D1_ProductLabel
Men,10.63,D1_ProductLabel
Men,10.63,D1_ProductLabel
Men,11.19,D1_ProductLabel
Men,11.19,D1_ProductLabel
Men,13.99,D1_ProductLabel
Men,16.99,D1_ProductLabel
Men,12.31,D1_ProductLabel
Men,12.31,D1_ProductLabel
Men,16.99,D1_ProductLabel
Men,19.99,D1_ProductLabel
Women,18.99,D1_ProductLabel
Men,44.79,D1_ProductLabel
Women,44.79,D1_ProductLabel
Men,15.99,D1_ProductLabel
Women,10.63,D1_ProductLabel
Women,11.19,D1_ProductLabel
Women,58.79,D1_ProductLabel
Men,13.29,D1_ProductLabel
Men,15.99,D1_ProductLabel
Men,19.99,D1_ProductLabel
Men,19.99,D1_ProductLabel
Men,16.99,D1_ProductLabel
Men,13.59,D1_ProductLabel
Men,13.59,D1_ProductLabel
Men,13.59,D1_ProductLabel
Men,13.59,D1_ProductLabel
Men,79.19,D1_ProductLabel
Men,79.19,D1_ProductLabel
Men,15.39,D1_ProductLabel
Men,13.29,D1_ProductLabel
Men,15.99,D1_ProductLabel
Women,44.79,D1_ProductLabel
Men,61.59,D1_ProductLabel
Men,13.59,D1_ProductLabel
Men,18.99,D1_ProductLabel
Men,13.29,D1_ProductLabel
Men,15.39,D1_ProductLabel
Men,10.63,D1_ProductLabel
Men,12.31,D1_ProductLabel
Men,61.59,D1_ProductLabel
Men,15.99,D1_ProductLabel
Men,16.99,D1_ProductLabel
Men,16.99,D1_ProductLabel
Men,16.99,D1_ProductLabel
Women,13.29,D1_ProductLabel
Women,13.29,D1_ProductLabel
Men,10.63,D1_ProductLabel
Men,15.39,D1_ProductLabel
Women,9.51,D1_ProductLabel
Men,15.19,D1_ProductLabel
Men,10.63,D1_ProductLabel
Men,12.31,D1_ProductLabel
Men,16.99,D1_ProductLabel
Men,10.63,D1_ProductLabel
Men,55.99,D1_ProductLabel
Men,13.29,D1_ProductLabel
Men,11.19,D1_ProductLabel
Men,10.63,D1_ProductLabel
Women,32.47,D1_ProductLabel
Men,19.99,D1_ProductLabel
Men,15.99,D1_ProductLabel
Men,15.99,D1_ProductLabel
Men,13.59,D1_ProductLabel
Men,19.59,D1_ProductLabel
Men,61.59,D1_ProductLabel
Women,58.79,D1_ProductLabel
Women,10.63,D1_ProductLabel
Men,15.99,D1_ProductLabel
Men,11.19,D1_ProductLabel
Men,15.19,D1_ProductLabel
Men,13.59,D1_ProductLabel
Women,13.59,D1_ProductLabel
Men,18.99,D1_ProductLabel
Men,18.99,D1_ProductLabel
Men,44.79,D1_ProductLabel
Men,15.19,D1_ProductLabel
Men,10.63,D1_ProductLabel
Men,18.99,D1_ProductLabel
Men,11.19,D1_ProductLabel
Men,10.63,D1_ProductLabel
Women,13.29,D1_ProductLabel
Men,13.29,D1_ProductLabel
Men,13.29,D1_ProductLabel
Women,13.29,D1_ProductLabel
Men,10.63,D1_ProductLabel
Women,13.59,D1_ProductLabel
Women,9.51,D1_ProductLabel
Women,44.79,D1_ProductLabel
Men,12.31,D1_ProductLabel
Men,59.99,D1_ProductLabel
Men,41.99,D1_ProductLabel
Men,52.49,D1_ProductLabel
Men,44.79,D1_ProductLabel
Men,44.79,D1_ProductLabel
Men,13.59,D1_ProductLabel
Men,13.59,D1_ProductLabel
Men,41.99,D1_ProductLabel
Men,13.59,D1_ProductLabel
Men,13.59,D1_ProductLabel
Men,13.29,D1_ProductLabel
Men,16.99,D1_ProductLabel
Men,16.99,D1_ProductLabel
Men,16.99,D1_ProductLabel
Men,16.99,D1_ProductLabel
Men,44.79,D1_ProductLabel
Men,26.4,D1_ProductLabel
Women,26.0,D1_ProductLabel
Men,7.6,D1_ProductLabel
Men,10.63,D1_ProductLabel
Women,6.0,D1_ProductLabel
Men,29.11,D1_ProductLabel
Men,5.7,D1_ProductLabel
Men,6.0,D1_ProductLabel
Men,9.49,D1_ProductLabel
Men,5.7,D1_ProductLabel
Men,5.7,D1_ProductLabel
Women,6.0,D1_ProductLabel
Men,7.6,D1_ProductLabel
Men,9.49,D1_ProductLabel
Men,5.7,D1_ProductLabel
Men,5.7,D1_ProductLabel
Men,31.35,D1_ProductLabel
Women,31.35,D1_ProductLabel
Men,4.56,D1_ProductLabel
Men,31.35,D1_ProductLabel
Men,44.0,D1_ProductLabel
Men,9.99,D1_ProductLabel
Men,7.6,D1_ProductLabel
Men,4.56,D1_ProductLabel
Men,10.63,D1_ProductLabel
Men,13.59,D1_ProductLabel
Men,4.56,D1_ProductLabel
Men,19.99,D1_ProductLabel
Men,5.7,D1_ProductLabel
Men,10.5,D1_ProductLabel
Men,5.7,D1_ProductLabel
Men,5.7,D1_ProductLabel
Men,5.7,D1_ProductLabel
Women,5.1,D1_ProductLabel
Women,5.1,D1_ProductLabel
Men,36.39,D1_ProductLabel
Women,5.7,D1_ProductLabel
Women,6.0,D1_ProductLabel
Women,8.49,D1_ProductLabel
Men,5.7,D1_ProductLabel
Men,5.7,D1_ProductLabel
Men,5.7,D1_ProductLabel
Men,5.7,D1_ProductLabel
Men,5.7,D1_ProductLabel
Men,5.7,D1_ProductLabel
Men,19.99,D1_ProductLabel
Men,19.99,D1_ProductLabel
Men,15.99,D1_ProductLabel
Women,13.29,D1_ProductLabel
Men,7.6,D1_ProductLabel
Men,4.56,D1_ProductLabel
Men,4.56,D1_ProductLabel
Women,67.19,D1_ProductLabel
Women,67.19,D1_ProductLabel
Men,46.5,D1_ProductLabel
Men,44.0,D1_ProductLabel
Men,7.6,D1_ProductLabel
Men,4.56,D1_ProductLabel
Men,8.0,D1_ProductLabel
Women,52.5,D1_ProductLabel
Women,74.99,D1_ProductLabel
Men,16.99,D1_ProductLabel
Men,13.59,D1_ProductLabel
Women,7.6,D1_ProductLabel
Men,9.99,D1_ProductLabel
Men,9.49,D1_ProductLabel
Women,7.6,D1_ProductLabel
Women,7.6,D1_ProductLabel
Women,7.6,D1_ProductLabel
Women,7.6,D1_ProductLabel
Men,7.6,D1_ProductLabel
Men,4.56,D1_ProductLabel
Women,4.56,D1_ProductLabel
Men,8.0,D1_ProductLabel
Men,15.19,D1_ProductLabel
Men,13.29,D1_ProductLabel
Women,12.0,D1_ProductLabel
Women,29.7,D1_ProductLabel
Men,44.0,D1_ProductLabel
Men,44.0,D1_ProductLabel
Men,4.8,D1_ProductLabel
Men,7.6,D1_ProductLabel
Men,7.6,D1_ProductLabel
Women,4.56,D1_ProductLabel
Men,16.99,D1_ProductLabel
Men,13.29,D1_ProductLabel
Men,5.7,D1_ProductLabel
Men,5.7,D1_ProductLabel
Men,15.99,D1_ProductLabel
Men,44.0,D1_ProductLabel
Men,8.0,D1_ProductLabel
Men,10.63,D1_ProductLabel
Men,8.0,D1_ProductLabel
Men,15.99,D1_ProductLabel
Men,15.99,D1_ProductLabel
Men,4.8,D1_ProductLabel
Women,4.08,D1_ProductLabel
Women,4.56,D1_ProductLabel
Women,4.56,D1_ProductLabel
Women,5.28,D1_ProductLabel
Men,19.99,D1_ProductLabel
Men,9.99,D1_ProductLabel
Women,52.5,D1_ProductLabel
Men,13.59,D1_ProductLabel
Men,5.7,D1_ProductLabel
Men,5.7,D1_ProductLabel
Men,6.0,D1_ProductLabel
Men,5.7,D1_ProductLabel
Men,13.59,D1_ProductLabel
Women,10.63,D1_ProductLabel
Men,46.5,D1_ProductLabel
Men,55.99,D1_ProductLabel
Men,55.99,D1_ProductLabel
Men,4.56,D1_ProductLabel
Women,6.8,D1_ProductLabel
Women,10.63,D1_ProductLabel
Men,4.8,D1_ProductLabel
Women,12.0,D1_ProductLabel
Men,13.59,D1_ProductLabel
Men,8.0,D1_ProductLabel
Men,44.0,D1_ProductLabel
Men,12.31,D1_ProductLabel
Women,9.51,D1_ProductLabel
Men,10.63,D1_ProductLabel
Men,16.99,D1_ProductLabel
Men,12.31,D1_ProductLabel
Women,10.63,D1_ProductLabel
Women,15.19,D1_ProductLabel
Men,15.19,D1_ProductLabel
Men,16.99,D1_ProductLabel
Men,16.99,D1_ProductLabel
Men,16.99,D1_ProductLabel
Men,83.99,D1_ProductLabel
Men,39.19,D1_ProductLabel
Men,16.99,D1_ProductLabel
Men,16.99,D1_ProductLabel
Men,10.63,D1_ProductLabel
Women,11.19,D1_ProductLabel
Men,15.19,D1_ProductLabel
Men,15.99,D1_ProductLabel
Women,13.59,D1_ProductLabel
Men,15.99,D1_ProductLabel
Men,15.99,D1_ProductLabel
Men,18.99,D1_ProductLabel
Men,19.99,D1_ProductLabel
Men,19.99,D1_ProductLabel
Men,44.79,D1_ProductLabel
Men,10.63,D1_ProductLabel
Men,11.19,D1_ProductLabel
Men,41.99,D1_ProductLabel
Women,12.31,D1_ProductLabel
Women,41.99,D1_ProductLabel
Men,13.59,D1_ProductLabel
Women,12.31,D1_ProductLabel
Men,18.99,D1_ProductLabel
Men,10.63,D1_ProductLabel
Women,61.59,D1_ProductLabel
Men,67.19,D1_ProductLabel
Men,12.31,D1_ProductLabel
Men,15.39,D1_ProductLabel
Men,13.29,D1_ProductLabel
Men,74.99,D1_ProductLabel
Women,10.63,D1_ProductLabel
Women,13.29,D1_ProductLabel
Men,16.99,D1_ProductLabel
Men,16.99,D1_ProductLabel
Men,13.59,D1_ProductLabel
Men,16.99,D1_ProductLabel
Men,18.99,D1_ProductLabel
Men,18.99,D1_ProductLabel
Men,16.99,D1_ProductLabel
Women,16.79,D1_ProductLabel
Women,15.39,D1_ProductLabel
Women,13.29,D1_ProductLabel
Women,16.79,D1_ProductLabel
Men,39.19,D1_ProductLabel
Men,8.8,D1_ProductLabel
Women,4.56,D1_ProductLabel
Women,4.8,D1_ProductLabel
Women,6.8,D1_ProductLabel
Women,4.8,D1_ProductLabel
Men,48.0,D1_ProductLabel
Men,15.99,D1_ProductLabel
Women,18.99,D1_ProductLabel
Men,15.99,D1_ProductLabel
Women,18.99,D1_ProductLabel
Women,6.0,D1_ProductLabel
Men,16.5,D1_ProductLabel
Men,10.5,D1_ProductLabel
Men,13.29,D1_ProductLabel
Men,9.99,D1_ProductLabel
Men,4.8,D1_ProductLabel
Men,4.8,D1_ProductLabel
Men,4.8,D1_ProductLabel
Women,13.29,D1_ProductLabel
Men,6.0,D1_ProductLabel
Men,9.49,D1_ProductLabel
Women,8.49,D1_ProductLabel
Women,8.49,D1_ProductLabel
Men,4.56,D1_ProductLabel
Men,10.63,D1_ProductLabel
Men,4.56,D1_ProductLabel
Men,44.0,D1_ProductLabel
Men,10.63,D1_ProductLabel
Men,13.59,D1_ProductLabel
Women,41.99,D1_ProductLabel
Men,27.99,D1_ProductLabel
Men,10.63,D1_ProductLabel
Men,10.63,D1_ProductLabel
Women,6.0,D1_ProductLabel
Women,6.0,D1_ProductLabel
Women,29.7,D1_ProductLabel
Men,4.56,D1_ProductLabel
Men,4.8,D1_ProductLabel
Men,4.56,D1_ProductLabel
Men,15.99,D1_ProductLabel
Men,6.8,D1_ProductLabel
Men,7.6,D1_ProductLabel
Men,13.59,D1_ProductLabel
Men,4.56,D1_ProductLabel
Men,9.99,D1_ProductLabel
Men,9.49,D1_ProductLabel
Men,5.7,D1_ProductLabel
Men,5.7,D1_ProductLabel
Women,6.0,D1_ProductLabel
Women,6.0,D1_ProductLabel
Women,6.0,D1_ProductLabel
Women,5.7,D1_ProductLabel
Men,16.5,D1_ProductLabel
Men,7.6,D1_ProductLabel
Men,4.56,D1_ProductLabel
Men,10.63,D1_ProductLabel
Men,16.99,D1_ProductLabel
Men,10.63,D1_ProductLabel
Men,10.63,D1_ProductLabel
Men,10.63,D1_ProductLabel
Men,13.2,D1_ProductLabel
Men,10.63,D1_ProductLabel
Women,9.6,D1_ProductLabel
Men,9.49,D1_ProductLabel
Men,9.49,D1_ProductLabel
Men,7.6,D1_ProductLabel
Men,7.6,D1_ProductLabel
Men,8.8,D1_ProductLabel
Men,19.99,D1_ProductLabel
Men,8.4,D1_ProductLabel
Men,41.99,D1_ProductLabel
Women,26.0,D1_ProductLabel
Women,30.0,D1_ProductLabel
Men,31.35,D1_ProductLabel
Women,42.0,D1_ProductLabel
Men,4.8,D1_ProductLabel
Men,10.5,D1_ProductLabel
Men,8.4,D1_ProductLabel
Men,48.0,D1_ProductLabel
Men,41.99,D1_ProductLabel
Women,9.6,D1_ProductLabel
Men,6.0,D1_ProductLabel
Men,6.0,D1_ProductLabel
Men,6.0,D1_ProductLabel
Men,6.0,D1_ProductLabel
Men,16.5,D1_ProductLabel
Men,16.5,D1_ProductLabel
Men,37.49,D1_ProductLabel
Women,5.1,D1_ProductLabel
Women,5.1,D1_ProductLabel
Men,15.99,D1_ProductLabel
Men,10.63,D1_ProductLabel
Men,10.63,D1_ProductLabel
Men,8.0,D1_ProductLabel
Men,4.8,D1_ProductLabel
Men,8.8,D1_ProductLabel
Men,15.99,D1_ProductLabel
Men,41.99,D1_ProductLabel
Men,15.19,D1_ProductLabel
Men,8.0,D1_ProductLabel
Men,15.99,D1_ProductLabel
Women,59.99,D1_ProductLabel
Men,13.59,D1_ProductLabel
Men,6.8,D1_ProductLabel
Men,4.8,D1_ProductLabel
Men,44.0,D1_ProductLabel
Women,4.08,D1_ProductLabel
Men,16.99,D1_ProductLabel
Men,16.99,D1_ProductLabel
Men,13.29,D1_ProductLabel
Women,5.7,D1_ProductLabel
Men,44.79,D1_ProductLabel
Men,7.6,D1_ProductLabel
Men,44.0,D1_ProductLabel
Men,44.0,D1_ProductLabel
Women,15.19,D1_ProductLabel
Men,44.79,D1_ProductLabel
Men,44.79,D1_ProductLabel
Women,10.63,D1_ProductLabel
Women,41.99,D1_ProductLabel
Men,15.19,D1_ProductLabel
Women,15.19,D1_ProductLabel
Men,30.0,D1_ProductLabel
Women,5.7,D1_ProductLabel
Women,5.7,D1_ProductLabel
Women,5.7,D1_ProductLabel
Men,16.99,D1_ProductLabel
Men,9.49,D1_ProductLabel
Men,13.29,D1_ProductLabel
Men,16.99,D1_ProductLabel
Men,16.99,D1_ProductLabel
Men,16.99,D1_ProductLabel
Men,13.29,D1_ProductLabel
Men,16.5,D1_ProductLabel
Men,16.99,D1_ProductLabel
Men,52.49,D1_ProductLabel
Women,12.0,D1_ProductLabel
Women,37.49,D1_ProductLabel
Men,9.99,D1_ProductLabel
Men,18.99,D1_ProductLabel
Men,10.63,D1_ProductLabel
Men,15.99,D1_ProductLabel
Men,48.0,D1_ProductLabel
Men,28.0,D1_ProductLabel
Men,16.5,D1_ProductLabel
Men,8.4,D1_ProductLabel
Men,48.0,D1_ProductLabel
Women,23.76,D1_ProductLabel
Men,16.99,D1_ProductLabel
Men,52.49,D1_ProductLabel
Men,10.63,D1_ProductLabel
Men,9.49,D1_ProductLabel
Women,23.76,D1_ProductLabel
Women,15.19,D1_ProductLabel
Men,7.6,D1_ProductLabel
Men,13.59,D1_ProductLabel
Women,15.19,D1_ProductLabel
Men,8.4,D1_ProductLabel
Men,8.8,D1_ProductLabel
Men,15.99,D1_ProductLabel
Women,4.08,D1_ProductLabel
Women,4.08,D1_ProductLabel
Men,34.99,D1_ProductLabel
Women,5.1,D1_ProductLabel
Women,5.7,D1_ProductLabel
Women,6.0,D1_ProductLabel
Women,6.0,D1_ProductLabel
Women,29.7,D1_ProductLabel
Men,6.0,D1_ProductLabel
Men,6.0,D1_ProductLabel
Men,9.99,D1_ProductLabel
Men,9.99,D1_ProductLabel
Men,9.99,D1_ProductLabel
Men,6.0,D1_ProductLabel
Men,6.0,D1_ProductLabel
Men,6.0,D1_ProductLabel
Men,11.0,D1_ProductLabel
Women,6.0,D1_ProductLabel
Men,15.99,D1_ProductLabel
Men,31.35,D1_ProductLabel
Men,7.6,D1_ProductLabel
Men,4.8,D1_ProductLabel
Women,4.56,D1_ProductLabel
Men,16.99,D1_ProductLabel
Men,16.99,D1_ProductLabel
Men,16.99,D1_ProductLabel
Men,48.0,D1_ProductLabel
Men,16.99,D1_ProductLabel
Men,19.99,D1_ProductLabel
Women,44.0,D1_ProductLabel
Men,7.6,D1_ProductLabel
Men,15.99,D1_ProductLabel
Men,15.99,D1_ProductLabel
Men,44.79,D1_ProductLabel
Men,13.29,D1_ProductLabel
Men,16.99,D1_ProductLabel
Men,16.99,D1_ProductLabel
Men,28.0,D1_ProductLabel
Women,46.5,D1_ProductLabel
Men,8.0,D1_ProductLabel
Women,4.08,D1_ProductLabel
Men,13.59,D1_ProductLabel
Men,55.99,D1_ProductLabel
Women,6.0,D1_ProductLabel
Women,18.99,D1_ProductLabel
Men,8.0,D1_ProductLabel
Men,4.8,D1_ProductLabel
Women,26.0,D1_ProductLabel
Men,18.99,D1_ProductLabel
Men,15.99,D1_ProductLabel
Men,7.6,D1_ProductLabel
Men,13.2,D1_ProductLabel
Women,4.08,D1_ProductLabel
Women,4.8,D1_ProductLabel
Women,6.8,D1_ProductLabel
Women,6.8,D1_ProductLabel
Women,10.63,D1_ProductLabel
Men,13.59,D1_ProductLabel
Men,13.59,D1_ProductLabel
Men,13.59,D1_ProductLabel
Men,13.59,D1_ProductLabel
Men,13.59,D1_ProductLabel
Women,13.59,D1_ProductLabel
Women,13.59,D1_ProductLabel
Women,13.59,D1_ProductLabel
Women,13.59,D1_ProductLabel
Men,41.99,D1_ProductLabel
Women,13.59,D1_ProductLabel
Women,41.99,D1_ProductLabel
Men,7.6,D1_ProductLabel
Men,10.63,D1_ProductLabel
Men,8.0,D1_ProductLabel
Men,13.59,D1_ProductLabel
Men,28.0,D1_ProductLabel
Men,44.0,D1_ProductLabel
Men,13.2,D1_ProductLabel
Women,4.56,D1_ProductLabel
Women,4.56,D1_ProductLabel
Women,4.8,D1_ProductLabel
Women,22.0,D1_ProductLabel
Men,16.99,D1_ProductLabel
Men,16.99,D1_ProductLabel
Men,16.99,D1_ProductLabel
Men,16.99,D1_ProductLabel
Men,13.29,D1_ProductLabel
Men,16.5,D1_ProductLabel
Men,16.5,D1_ProductLabel
Men,16.99,D1_ProductLabel
Men,16.99,D1_ProductLabel
Men,16.99,D1_ProductLabel
Men,16.99,D1_ProductLabel
Men,16.99,D1_ProductLabel
Men,16.99,D1_ProductLabel
Women,16.99,D1_ProductLabel
Women,5.7,D1_ProductLabel
Women,5.7,D1_ProductLabel
Women,6.0,D1_ProductLabel
Women,13.29,D1_ProductLabel
Women,13.29,D1_ProductLabel
Men,16.99,D1_ProductLabel
Women,10.63,D1_ProductLabel
Men,18.99,D1_ProductLabel
Men,16.99,D1_ProductLabel
Men,39.19,D1_ProductLabel
Men,16.99,D1_ProductLabel
Men,16.99,D1_ProductLabel
Women,16.99,D1_ProductLabel
Women,36.39,D1_ProductLabel
Men,15.99,D1_ProductLabel
Men,10.63,D1_ProductLabel
Women,36.39,D1_ProductLabel
Men,13.59,D1_ProductLabel
Men,4.56,D1_ProductLabel
Men,4.8,D1_ProductLabel
Men,8.0,D1_ProductLabel
Men,37.2,D1_ProductLabel
Men,55.43,D1_ProductLabel
Men,9.49,D1_ProductLabel
Men,8.0,D1_ProductLabel
Women,5.7,D1_ProductLabel
Women,5.7,D1_ProductLabel
Women,5.7,D1_ProductLabel
Men,8.0,D1_ProductLabel
Men,13.59,D1_ProductLabel
Men,7.6,D1_ProductLabel
Men,10.63,D1_ProductLabel
Men,13.59,D1_ProductLabel
Men,10.63,D1_ProductLabel
Women,13.59,D1_ProductLabel
Women,15.19,D1_ProductLabel
Women,6.8,D1_ProductLabel
Men,13.59,D1_ProductLabel
Men,37.2,D1_ProductLabel
Women,4.8,D1_ProductLabel
Men,15.19,D1_ProductLabel
Men,4.56,D1_ProductLabel
Men,8.0,D1_ProductLabel
Men,7.6,D1_ProductLabel
Men,10.63,D1_ProductLabel
Men,8.8,D1_ProductLabel
Men,13.59,D1_ProductLabel
Women,5.28,D1_ProductLabel
Women,10.63,D1_ProductLabel
Men,4.56,D1_ProductLabel
Men,4.56,D1_ProductLabel
Men,4.8,D1_ProductLabel
Men,4.56,D1_ProductLabel
Men,16.99,D1_ProductLabel
Men,16.5,D1_ProductLabel
Women,42.0,D1_ProductLabel
Women,23.76,D1_ProductLabel
Men,44.79,D1_ProductLabel
Men,15.19,D1_ProductLabel
Men,8.8,D1_ProductLabel
Men,13.59,D1_ProductLabel
Men,28.0,D1_ProductLabel
Men,4.56,D1_ProductLabel
Men,4.8,D1_ProductLabel
Men,4.56,D1_ProductLabel
Women,4.08,D1_ProductLabel
Men,31.35,D1_ProductLabel
Men,4.56,D1_ProductLabel
Men,13.59,D1_ProductLabel
Men,37.2,D1_ProductLabel
Women,5.28,D1_ProductLabel
Men,13.59,D1_ProductLabel
Men,18.99,D1_ProductLabel
Men,13.59,D1_ProductLabel
Women,10.63,D1_ProductLabel
Men,7.6,D1_ProductLabel
Men,4.56,D1_ProductLabel
Men,10.63,D1_ProductLabel
Men,8.0,D1_ProductLabel
Men,4.8,D1_ProductLabel
Men,28.0,D1_ProductLabel
Men,26.4,D1_ProductLabel
Men,7.6,D1_ProductLabel
Men,13.59,D1_ProductLabel
Men,4.56,D1_ProductLabel
Men,4.56,D1_ProductLabel
Men,4.8,D1_ProductLabel
Women,42.0,D1_ProductLabel
Women,26.0,D1_ProductLabel
Men,44.0,D1_ProductLabel
Men,41.99,D1_ProductLabel
Men,9.49,D1_ProductLabel
Men,13.29,D1_ProductLabel
Men,11.0,D1_ProductLabel
Men,9.99,D1_ProductLabel
Men,5.7,D1_ProductLabel
Men,13.59,D1_ProductLabel
Men,13.59,D1_ProductLabel
Men,13.59,D1_ProductLabel
Men,13.2,D1_ProductLabel
Women,13.59,D1_ProductLabel
Men,9.99,D1_ProductLabel
Women,9.49,D1_ProductLabel
Men,31.35,D1_ProductLabel
Men,6.0,D1_ProductLabel
Men,19.99,D1_ProductLabel
Men,19.99,D1_ProductLabel
Men,13.59,D1_ProductLabel
Men,7.6,D1_ProductLabel
Men,9.49,D1_ProductLabel
Men,9.99,D1_ProductLabel
Men,16.5,D1_ProductLabel
Men,10.63,D1_ProductLabel
Men,10.63,D1_ProductLabel
Men,13.29,D1_ProductLabel
Men,15.19,D1_ProductLabel
Men,15.99,D1_ProductLabel
Women,22.0,D1_ProductLabel
Women,13.59,D1_ProductLabel
Men,13.59,D1_ProductLabel
Women,13.59,D1_ProductLabel
Women,13.59,D1_ProductLabel
Women,13.59,D1_ProductLabel
Men,15.19,D1_ProductLabel
Men,15.19,D1_ProductLabel
Men,31.35,D1_ProductLabel
Men,31.35,D1_ProductLabel
Men,4.8,D1_ProductLabel
Men,4.8,D1_ProductLabel
Men,4.8,D1_ProductLabel
Men,4.8,D1_ProductLabel
Men,4.8,D1_ProductLabel
Men,13.59,D1_ProductLabel
Men,9.99,D1_ProductLabel
Women,5.7,D1_ProductLabel
Men,6.0,D1_ProductLabel
Men,4.8,D1_ProductLabel
Men,16.99,D1_ProductLabel
Women,13.59,D1_ProductLabel
Women,13.59,D1_ProductLabel
Men,16.99,D1_ProductLabel
Women,5.7,D1_ProductLabel
Women,6.0,D1_ProductLabel
Men,28.0,D1_ProductLabel
Men,10.63,D1_ProductLabel
Men,10.63,D1_ProductLabel
Men,15.99,D1_ProductLabel
Women,15.19,D1_ProductLabel
Men,7.6,D1_ProductLabel
Women,13.59,D1_ProductLabel
Women,4.8,D1_ProductLabel
Women,9.6,D1_ProductLabel
Men,7.6,D1_ProductLabel
Women,4.8,D1_ProductLabel
Men,10.63,D1_ProductLabel
Men,7.6,D1_ProductLabel
Women,4.56,D1_ProductLabel
Men,41.99,D1_ProductLabel
Women,30.0,D1_ProductLabel
Men,16.99,D1_ProductLabel
Women,4.8,D1_ProductLabel
Men,15.99,D1_ProductLabel
Women,6.0,D1_ProductLabel
Men,10.63,D1_ProductLabel
Men,10.63,D1_ProductLabel
Men,10.63,D1_ProductLabel
Men,10.63,D1_ProductLabel
Men,10.63,D1_ProductLabel
Men,10.63,D1_ProductLabel
Men,15.99,D1_ProductLabel
Women,15.19,D1_ProductLabel
Women,11.19,D1_ProductLabel
Women,52.07,D1_ProductLabel
Women,15.39,D1_ProductLabel
Men,10.63,D1_ProductLabel
Men,13.99,D1_ProductLabel
Men,13.59,D1_ProductLabel
Women,10.63,D1_ProductLabel
Women,10.63,D1_ProductLabel
Women,13.43,D1_ProductLabel
Women,11.19,D1_ProductLabel
Women,36.39,D1_ProductLabel
Men,67.19,D1_ProductLabel
Men,61.59,D1_ProductLabel
Men,44.79,D1_ProductLabel
Women,67.19,D1_ProductLabel
Men,13.29,D1_ProductLabel
Men,15.99,D1_ProductLabel
Men,44.79,D1_ProductLabel
Men,10.63,D1_ProductLabel
Men,31.35,D1_ProductLabel
Men,13.59,D1_ProductLabel
Men,10.63,D1_ProductLabel
Men,5.7,D1_ProductLabel
Men,4.8,D1_ProductLabel
Men,26.4,D1_ProductLabel
Women,4.08,D1_ProductLabel
Women,9.6,D1_ProductLabel
Men,10.63,D1_ProductLabel
Women,4.56,D1_ProductLabel
Women,23.76,D1_ProductLabel
Men,7.6,D1_ProductLabel
Men,7.6,D1_ProductLabel
Men,4.56,D1_ProductLabel
Men,4.56,D1_ProductLabel
Men,37.2,D1_ProductLabel
Women,41.99,D1_ProductLabel
Men,13.29,D1_ProductLabel
Men,13.2,D1_ProductLabel
Men,4.56,D1_ProductLabel
Women,10.63,D1_ProductLabel
Men,44.79,D1_ProductLabel
Men,13.59,D1_ProductLabel
Women,13.59,D1_ProductLabel
Men,44.79,D1_ProductLabel
Men,8.4,D1_ProductLabel
Men,10.63,D1_ProductLabel
Men,48.0,D1_ProductLabel
Men,26.4,D1_ProductLabel
Women,16.99,D1_ProductLabel
Women,5.7,D1_ProductLabel
Men,4.56,D1_ProductLabel
Women,4.56,D1_ProductLabel
Women,5.1,D1_ProductLabel
Men,4.56,D1_ProductLabel
Women,6.0,D1_ProductLabel
Women,4.08,D1_ProductLabel
Men,15.19,D1_ProductLabel
Men,13.59,D1_ProductLabel
Men,4.56,D1_ProductLabel
Men,7.6,D1_ProductLabel
Men,4.56,D1_ProductLabel
Women,7.6,D1_ProductLabel
Women,9.6,D1_ProductLabel
Men,16.99,D1_ProductLabel
Men,60.0,D1_ProductLabel
Women,5.7,D1_ProductLabel
Women,12.0,D1_ProductLabel
Men,15.99,D1_ProductLabel
Women,7.6,D1_ProductLabel
Women,7.6,D1_ProductLabel
Women,9.6,D1_ProductLabel
Women,23.76,D1_ProductLabel
Women,13.92,D1_ProductLabel
Women,4.8,D1_ProductLabel
Women,4.8,D1_ProductLabel
Women,4.8,D1_ProductLabel
Women,4.8,D1_ProductLabel
Men,9.49,D1_ProductLabel
Men,9.49,D1_ProductLabel
Women,5.1,D1_ProductLabel
Women,5.7,D1_ProductLabel
Women,6.0,D1_ProductLabel
Women,13.29,D1_ProductLabel
Men,5.7,D1_ProductLabel
Men,5.7,D1_ProductLabel
Men,5.7,D1_ProductLabel
Women,5.7,D1_ProductLabel
Men,8.0,D1_ProductLabel
Women,6.0,D1_ProductLabel
Men,5.7,D1_ProductLabel
Men,6.0,D1_ProductLabel
Men,15.99,D1_ProductLabel
Men,4.56,D1_ProductLabel
Men,37.2,D1_ProductLabel
Women,4.8,D1_ProductLabel
Men,15.99,D1_ProductLabel
Men,7.6,D1_ProductLabel
Men,10.63,D1_ProductLabel
Men,13.2,D1_ProductLabel
Men,4.56,D1_ProductLabel
Men,48.0,D1_ProductLabel
Men,59.99,D1_ProductLabel
Men,13.29,D1_ProductLabel
Men,13.29,D1_ProductLabel
Men,16.99,D1_ProductLabel
Men,16.99,D1_ProductLabel
Men,52.49,D1_ProductLabel
Men,19.99,D1_ProductLabel
Men,8.0,D1_ProductLabel
Men,4.56,D1_ProductLabel
Men,4.8,D1_ProductLabel
Women,4.56,D1_ProductLabel
Men,31.35,D1_ProductLabel
Men,13.59,D1_ProductLabel
Men,10.63,D1_ProductLabel
Women,10.63,D1_ProductLabel
Men,39.19,D1_ProductLabel
Men,16.99,D1_ProductLabel
Men,4.56,D1_ProductLabel
Women,4.56,D1_ProductLabel
Women,5.28,D1_ProductLabel
Men,4.56,D1_ProductLabel
Men,4.56,D1_ProductLabel
Men,4.56,D1_ProductLabel
Men,10.63,D1_ProductLabel
Men,10.63,D1_ProductLabel
Men,5.7,D1_ProductLabel
Women,4.8,D1_ProductLabel
Women,44.0,D1_ProductLabel
Women,83.99,D1_ProductLabel
Women,32.49,D1_ProductLabel
Men,8.0,D1_ProductLabel
Men,10.63,D1_ProductLabel
Men,15.99,D1_ProductLabel
Men,13.59,D1_ProductLabel
Men,4.56,D1_ProductLabel
Men,13.59,D1_ProductLabel
Women,13.59,D1_ProductLabel
Women,13.59,D1_ProductLabel
Women,13.59,D1_ProductLabel
Women,10.63,D1_ProductLabel
Women,52.5,D1_ProductLabel
Men,4.56,D1_ProductLabel
Women,4.56,D1_ProductLabel
Women,4.8,D1_ProductLabel
Women,4.08,D1_ProductLabel
Women,4.56,D1_ProductLabel
Women,4.8,D1_ProductLabel
Women,5.28,D1_ProductLabel
Women,8.8,D1_ProductLabel
Women,10.63,D1_ProductLabel
Women,37.2,D1_ProductLabel
Men,4.56,D1_ProductLabel
Women,10.63,D1_ProductLabel
Men,8.0,D1_ProductLabel
Women,7.6,D1_ProductLabel
Men,5.7,D1_ProductLabel
Men,9.99,D1_ProductLabel
Men,8.49,D1_ProductLabel
Men,13.29,D1_ProductLabel
Men,16.99,D1_ProductLabel
Men,16.99,D1_ProductLabel
Men,34.99,D1_ProductLabel
Men,34.99,D1_ProductLabel
Men,55.0,D1_ProductLabel
Men,55.0,D1_ProductLabel
Men,55.99,D1_ProductLabel
Women,32.49,D1_ProductLabel
Men,7.6,D1_ProductLabel
Men,13.59,D1_ProductLabel
Men,7.6,D1_ProductLabel
Men,44.79,D1_ProductLabel
Women,42.0,D1_ProductLabel
Men,31.35,D1_ProductLabel
Men,31.35,D1_ProductLabel
Men,37.2,D1_ProductLabel
Men,7.6,D1_ProductLabel
Women,4.56,D1_ProductLabel
Women,4.56,D1_ProductLabel
Men,31.35,D1_ProductLabel
Women,9.6,D1_ProductLabel
Men,4.56,D1_ProductLabel
Men,10.63,D1_ProductLabel
Men,4.8,D1_ProductLabel
Men,37.2,D1_ProductLabel
Men,7.6,D1_ProductLabel
Men,10.63,D1_ProductLabel
Men,44.0,D1_ProductLabel
Men,31.35,D1_ProductLabel
Men,26.4,D1_ProductLabel
Women,6.0,D1_ProductLabel
Women,5.7,D1_ProductLabel
Women,6.0,D1_ProductLabel
Women,9.49,D1_ProductLabel
Men,13.59,D1_ProductLabel
Men,13.59,D1_ProductLabel
Men,13.59,D1_ProductLabel
Women,6.8,D1_ProductLabel
Men,4.56,D1_ProductLabel
Men,8.4,D1_ProductLabel
Men,4.8,D1_ProductLabel
Men,13.2,D1_ProductLabel
Men,13.29,D1_ProductLabel
Men,16.99,D1_ProductLabel
Women,5.7,D1_ProductLabel
Men,13.29,D1_ProductLabel
Men,11.0,D1_ProductLabel
Men,7.6,D1_ProductLabel
Men,15.99,D1_ProductLabel
Men,13.2,D1_ProductLabel
Women,4.56,D1_ProductLabel
Men,13.59,D1_ProductLabel
Men,13.59,D1_ProductLabel
Men,16.5,D1_ProductLabel
Men,10.5,D1_ProductLabel
Men,13.29,D1_ProductLabel
Men,6.0,D1_ProductLabel
Men,6.0,D1_ProductLabel
Men,6.0,D1_ProductLabel
Men,6.0,D1_ProductLabel
Women,5.1,D1_ProductLabel
Women,5.1,D1_ProductLabel
Women,5.1,D1_ProductLabel
Women,5.1,D1_ProductLabel
Women,5.7,D1_ProductLabel
Women,5.7,D1_ProductLabel
Women,5.7,D1_ProductLabel
Women,5.7,D1_ProductLabel
Women,5.7,D1_ProductLabel
Women,55.0,D1_ProductLabel
Women,23.76,D1_ProductLabel
Men,41.99,D1_ProductLabel
Women,30.0,D1_ProductLabel
Men,6.0,D1_ProductLabel
Women,5.1,D1_ProductLabel
Women,5.1,D1_ProductLabel
Women,5.7,D1_ProductLabel
Women,5.7,D1_ProductLabel
Men,19.99,D1_ProductLabel
Men,55.0,D1_ProductLabel
Men,4.8,D1_ProductLabel
Men,13.59,D1_ProductLabel
Men,48.0,D1_ProductLabel
Women,10.63,D1_ProductLabel
Men,6.0,D1_ProductLabel
Men,9.49,D1_ProductLabel
Men,9.99,D1_ProductLabel
Men,6.0,D1_ProductLabel
Men,6.0,D1_ProductLabel
Women,5.1,D1_ProductLabel
Women,5.7,D1_ProductLabel
Women,13.29,D1_ProductLabel
Men,9.99,D1_ProductLabel
Men,39.19,D1_ProductLabel
Men,13.29,D1_ProductLabel
Women,5.7,D1_ProductLabel
Men,6.0,D1_ProductLabel
Men,6.0,D1_ProductLabel
Men,6.0,D1_ProductLabel
Men,6.0,D1_ProductLabel
Men,6.0,D1_ProductLabel
Men,6.0,D1_ProductLabel
Men,6.0,D1_ProductLabel
Men,15.19,D1_ProductLabel
Men,10.63,D1_ProductLabel
Men,39.19,D1_ProductLabel
Men,41.99,D1_ProductLabel
Men,18.99,D1_ProductLabel
Men,18.99,D1_ProductLabel
Women,16.99,D1_ProductLabel
Women,16.99,D1_ProductLabel
Women,12.31,D1_ProductLabel
Men,12.31,D1_ProductLabel
Women,83.99,D1_ProductLabel
Men,52.07,D1_ProductLabel
Men,13.59,D1_ProductLabel
Women,13.59,D1_ProductLabel
Men,41.59,D1_ProductLabel
Women,10.63,D1_ProductLabel
Women,59.99,D1_ProductLabel
Women,13.29,D1_ProductLabel
Women,13.99,D1_ProductLabel
Men,13.29,D1_ProductLabel
Women,13.43,D1_ProductLabel
Men,52.07,D1_ProductLabel
Men,15.39,D1_ProductLabel
Men,18.99,D1_ProductLabel
Men,15.19,D1_ProductLabel
Men,15.99,D1_ProductLabel
Men,10.63,D1_ProductLabel
Men,41.59,D1_ProductLabel
Men,15.19,D1_ProductLabel
Men,13.99,D1_ProductLabel
Men,13.99,D1_ProductLabel
Women,10.63,D1_ProductLabel
Men,13.59,D1_ProductLabel
Men,15.39,D1_ProductLabel
Women,13.29,D1_ProductLabel
Men,15.19,D1_ProductLabel
Men,15.99,D1_ProductLabel
Men,15.99,D1_ProductLabel
Men,10.63,D1_ProductLabel
Men,10.63,D1_ProductLabel
Men,15.19,D1_ProductLabel
Men,11.19,D1_ProductLabel
Men,11.19,D1_ProductLabel
Men,12.31,D1_ProductLabel
Men,10.63,D1_ProductLabel
Women,36.39,D1_ProductLabel
Men,19.99,D1_ProductLabel
Men,19.99,D1_ProductLabel
Men,16.99,D1_ProductLabel
Men,15.19,D1_ProductLabel
Men,55.99,D1_ProductLabel
Men,18.99,D1_ProductLabel
Men,13.29,D1_ProductLabel
Men,13.99,D1_ProductLabel
Men,16.99,D1_ProductLabel
Men,15.39,D1_ProductLabel
Women,10.63,D1_ProductLabel
Women,15.19,D1_ProductLabel
Men,55.99,D1_ProductLabel
Men,11.19,D1_ProductLabel
Men,11.19,D1_ProductLabel
Men,10.63,D1_ProductLabel
Men,13.59,D1_ProductLabel
Men,10.63,D1_ProductLabel
Men,13.29,D1_ProductLabel
Men,13.59,D1_ProductLabel
Men,10.63,D1_ProductLabel
Men,12.31,D1_ProductLabel
Men,44.79,D1_ProductLabel
Women,10.63,D1_ProductLabel
Men,5.7,D1_ProductLabel
Men,5.7,D1_ProductLabel
Men,11.89,D1_ProductLabel
Men,28.0,D1_ProductLabel
Men,7.6,D1_ProductLabel
Men,4.56,D1_ProductLabel
Women,18.99,D1_ProductLabel
Men,4.8,D1_ProductLabel
Men,8.4,D1_ProductLabel
Men,4.56,D1_ProductLabel
Men,4.56,D1_ProductLabel
Men,4.56,D1_ProductLabel
Women,4.8,D1_ProductLabel
Women,4.56,D1_ProductLabel
Women,4.56,D1_ProductLabel
Women,9.6,D1_ProductLabel
Women,7.6,D1_ProductLabel
Women,9.6,D1_ProductLabel
Women,4.8,D1_ProductLabel
Women,15.19,D1_ProductLabel
Women,7.6,D1_ProductLabel
Men,9.49,D1_ProductLabel
Men,5.7,D1_ProductLabel
Men,6.0,D1_ProductLabel
Women,6.0,D1_ProductLabel
Women,5.7,D1_ProductLabel
Women,12.0,D1_ProductLabel
Women,9.49,D1_ProductLabel
Women,6.0,D1_ProductLabel
Men,16.99,D1_ProductLabel
Men,7.6,D1_ProductLabel
Men,5.7,D1_ProductLabel
Men,6.0,D1_ProductLabel
Women,6.0,D1_ProductLabel
Women,12.0,D1_ProductLabel
Women,5.7,D1_ProductLabel
Women,6.6,D1_ProductLabel
Women,11.0,D1_ProductLabel
Women,5.1,D1_ProductLabel
Women,5.7,D1_ProductLabel
Women,6.6,D1_ProductLabel
Men,4.56,D1_ProductLabel
Men,8.0,D1_ProductLabel
Men,26.4,D1_ProductLabel
Men,28.0,D1_ProductLabel
Men,15.39,D1_ProductLabel
Men,5.7,D1_ProductLabel
Men,5.7,D1_ProductLabel
Men,4.56,D1_ProductLabel
Men,26.4,D1_ProductLabel
Women,4.8,D1_ProductLabel
Women,23.76,D1_ProductLabel
Women,42.0,D1_ProductLabel
Women,23.76,D1_ProductLabel
Men,4.56,D1_ProductLabel
Men,4.8,D1_ProductLabel
Women,4.56,D1_ProductLabel
Women,23.76,D1_ProductLabel
Men,37.2,D1_ProductLabel
Women,4.8,D1_ProductLabel
Men,7.6,D1_ProductLabel
Men,4.56,D1_ProductLabel
Men,8.8,D1_ProductLabel
Men,4.56,D1_ProductLabel
Men,16.99,D1_ProductLabel
Men,37.49,D1_ProductLabel
Men,18.99,D1_ProductLabel
Men,16.99,D1_ProductLabel
Women,9.6,D1_ProductLabel
Women,41.99,D1_ProductLabel
Women,44.79,D1_ProductLabel
Men,4.56,D1_ProductLabel
Men,4.8,D1_ProductLabel
Men,4.56,D1_ProductLabel
Women,4.56,D1_ProductLabel
Men,29.11,D1_ProductLabel
Women,4.56,D1_ProductLabel
Men,9.51,D1_ProductLabel
Men,10.63,D1_ProductLabel
Men,10.63,D1_ProductLabel
Men,13.29,D1_ProductLabel
Men,16.99,D1_ProductLabel
Men,11.89,D1_ProductLabel
Women,4.56,D1_ProductLabel
Women,13.29,D1_ProductLabel
Men,37.49,D1_ProductLabel
Men,4.8,D1_ProductLabel
Men,4.56,D1_ProductLabel
Men,4.56,D1_ProductLabel
Men,4.8,D1_ProductLabel
Women,4.56,D1_ProductLabel
Men,37.2,D1_ProductLabel
Men,41.99,D1_ProductLabel
Men,4.56,D1_ProductLabel
Men,19.99,D1_ProductLabel
Men,19.99,D1_ProductLabel
Women,18.99,D1_ProductLabel
Women,18.99,D1_ProductLabel
Women,6.0,D1_ProductLabel
Men,7.6,D1_ProductLabel
Women,4.56,D1_ProductLabel
Women,4.56,D1_ProductLabel
Women,23.76,D1_ProductLabel
Men,7.6,D1_ProductLabel
Women,6.0,D1_ProductLabel
Women,12.0,D1_ProductLabel
Women,6.0,D1_ProductLabel
Men,4.56,D1_ProductLabel
Men,4.56,D1_ProductLabel
Men,4.56,D1_ProductLabel
Men,16.99,D1_ProductLabel
Men,8.8,D1_ProductLabel
Men,28.0,D1_ProductLabel
Men,26.4,D1_ProductLabel
Men,16.99,D1_ProductLabel
Men,29.11,D1_ProductLabel
Women,23.76,D1_ProductLabel
Women,23.76,D1_ProductLabel
Men,15.19,D1_ProductLabel
Men,59.99,D1_ProductLabel
Women,41.99,D1_ProductLabel
Women,42.0,D1_ProductLabel
Women,44.0,D1_ProductLabel
Men,4.8,D1_ProductLabel
Men,8.0,D1_ProductLabel
Men,13.59,D1_ProductLabel
Men,13.2,D1_ProductLabel
Men,16.5,D1_ProductLabel
Men,8.0,D1_ProductLabel
Men,31.35,D1_ProductLabel
Men,7.6,D1_ProductLabel
Men,4.56,D1_ProductLabel
Men,10.63,D1_ProductLabel
Men,37.2,D1_ProductLabel
Men,55.0,D1_ProductLabel
Men,4.56,D1_ProductLabel
Men,10.63,D1_ProductLabel
Men,8.0,D1_ProductLabel
Men,9.99,D1_ProductLabel
Men,7.6,D1_ProductLabel
Men,7.6,D1_ProductLabel
Men,9.49,D1_ProductLabel
Men,16.99,D1_ProductLabel
Men,16.99,D1_ProductLabel
Men,16.99,D1_ProductLabel
Men,16.99,D1_ProductLabel
Men,34.99,D1_ProductLabel
Men,34.99,D1_ProductLabel
Women,18.99,D1_ProductLabel
Men,5.7,D1_ProductLabel
Men,5.7,D1_ProductLabel
Men,6.0,D1_ProductLabel
Women,5.1,D1_ProductLabel
Women,5.1,D1_ProductLabel
Men,9.99,D1_ProductLabel
Men,4.56,D1_ProductLabel
Men,29.11,D1_ProductLabel
Men,5.7,D1_ProductLabel
Women,5.7,D1_ProductLabel
Men,7.6,D1_ProductLabel
Men,13.59,D1_ProductLabel
Women,9.6,D1_ProductLabel
Men,9.49,D1_ProductLabel
Women,15.19,D1_ProductLabel
Men,8.4,D1_ProductLabel
Men,8.8,D1_ProductLabel
Men,13.2,D1_ProductLabel
Men,13.59,D1_ProductLabel
Men,13.59,D1_ProductLabel
Women,4.56,D1_ProductLabel
Men,16.99,D1_ProductLabel
Men,19.99,D1_ProductLabel
Men,19.99,D1_ProductLabel
Men,19.99,D1_ProductLabel
Men,16.99,D1_ProductLabel
Women,5.7,D1_ProductLabel
Women,41.99,D1_ProductLabel
Women,23.76,D1_ProductLabel
Men,8.4,D1_ProductLabel
Men,13.59,D1_ProductLabel
Men,10.5,D1_ProductLabel
Men,16.99,D1_ProductLabel
Men,13.29,D1_ProductLabel
Men,16.99,D1_ProductLabel
Men,44.0,D1_ProductLabel
Women,15.19,D1_ProductLabel
Men,8.0,D1_ProductLabel
Men,8.0,D1_ProductLabel
Men,8.0,D1_ProductLabel
Women,4.56,D1_ProductLabel
Women,41.99,D1_ProductLabel
Men,13.2,D1_ProductLabel
Women,13.59,D1_ProductLabel
Women,83.99,D1_ProductLabel
Women,41.99,D1_ProductLabel
Men,8.0,D1_ProductLabel
Men,15.99,D1_ProductLabel
Men,10.63,D1_ProductLabel
Men,8.0,D1_ProductLabel
Men,15.99,D1_ProductLabel
Men,4.8,D1_ProductLabel
Men,13.2,D1_ProductLabel
Men,19.99,D1_ProductLabel
Men,19.99,D1_ProductLabel
Men,19.99,D1_ProductLabel
Men,16.99,D1_ProductLabel
Women,27.5,D1_ProductLabel
Men,10.63,D1_ProductLabel
Men,9.49,D1_ProductLabel
Men,15.99,D1_ProductLabel
Women,13.59,D1_ProductLabel
Women,13.59,D1_ProductLabel
Men,8.4,D1_ProductLabel
Men,8.8,D1_ProductLabel
Men,13.59,D1_ProductLabel
Men,44.0,D1_ProductLabel
Women,10.63,D1_ProductLabel
Women,4.08,D1_ProductLabel
Women,4.8,D1_ProductLabel
Women,9.6,D1_ProductLabel
Women,37.2,D1_ProductLabel
Men,4.8,D1_ProductLabel
Men,13.2,D1_ProductLabel
Men,44.0,D1_ProductLabel
Women,7.6,D1_ProductLabel
Men,4.8,D1_ProductLabel
Men,44.0,D1_ProductLabel
Men,13.59,D1_ProductLabel
Men,8.8,D1_ProductLabel
Women,4.08,D1_ProductLabel
Men,4.8,D1_ProductLabel
Men,9.49,D1_ProductLabel
Men,16.99,D1_ProductLabel
Women,4.56,D1_ProductLabel
Women,4.8,D1_ProductLabel
Women,6.8,D1_ProductLabel
Men,7.6,D1_ProductLabel
Men,13.2,D1_ProductLabel
Women,4.8,D1_ProductLabel
Women,4.8,D1_ProductLabel
Women,23.76,D1_ProductLabel
Men,16.99,D1_ProductLabel
Men,60.0,D1_ProductLabel
Men,4.8,D1_ProductLabel
Women,13.59,D1_ProductLabel
Women,13.59,D1_ProductLabel
Women,44.0,D1_ProductLabel
Men,4.8,D1_ProductLabel
Women,4.56,D1_ProductLabel
Men,8.0,D1_ProductLabel
Men,4.8,D1_ProductLabel
Men,16.99,D1_ProductLabel
Men,16.99,D1_ProductLabel
Men,13.29,D1_ProductLabel
Men,16.5,D1_ProductLabel
Men,19.99,D1_ProductLabel
Women,4.08,D1_ProductLabel
Women,4.8,D1_ProductLabel
Women,4.8,D1_ProductLabel
Women,23.76,D1_ProductLabel
Women,26.0,D1_ProductLabel
Men,13.29,D1_ProductLabel
Men,7.6,D1_ProductLabel
Women,4.8,D1_ProductLabel
Men,7.6,D1_ProductLabel
Men,13.2,D1_ProductLabel
Men,28.0,D1_ProductLabel
Women,5.1,D1_ProductLabel
Women,5.1,D1_ProductLabel
Men,16.99,D1_ProductLabel
Men,13.59,D1_ProductLabel
Men,13.59,D1_ProductLabel
Men,7.6,D1_ProductLabel
Men,7.6,D1_ProductLabel
Men,13.59,D1_ProductLabel
Men,13.59,D1_ProductLabel
Men,44.0,D1_ProductLabel
Men,31.35,D1_ProductLabel
Men,44.79,D1_ProductLabel
Men,13.29,D1_ProductLabel
Men,16.5,D1_ProductLabel
Men,34.99,D1_ProductLabel
Men,9.49,D1_ProductLabel
Men,16.99,D1_ProductLabel
Men,15.99,D1_ProductLabel
Men,4.8,D1_ProductLabel
Men,4.8,D1_ProductLabel
Men,4.8,D1_ProductLabel
Women,4.56,D1_ProductLabel
Women,23.76,D1_ProductLabel
Men,10.63,D1_ProductLabel
Women,4.56,D1_ProductLabel
Women,4.56,D1_ProductLabel
Men,13.59,D1_ProductLabel
Men,15.99,D1_ProductLabel
Men,10.63,D1_ProductLabel
Women,6.8,D1_ProductLabel
Women,4.8,D1_ProductLabel
Women,10.63,D1_ProductLabel
Women,5.7,D1_ProductLabel
Women,5.7,D1_ProductLabel
Women,18.99,D1_ProductLabel
Men,8.0,D1_ProductLabel
Women,4.08,D1_ProductLabel
Men,13.59,D1_ProductLabel
Men,13.59,D1_ProductLabel
Men,13.59,D1_ProductLabel
Men,8.4,D1_ProductLabel
Men,8.8,D1_ProductLabel
Women,4.8,D1_ProductLabel
Men,13.59,D1_ProductLabel
Men,4.8,D1_ProductLabel
Men,16.5,D1_ProductLabel
Men,11.0,D1_ProductLabel
Men,8.4,D1_ProductLabel
Men,7.6,D1_ProductLabel
Men,4.8,D1_ProductLabel
Men,9.49,D1_ProductLabel
Men,52.49,D1_ProductLabel
Men,13.59,D1_ProductLabel
Women,15.19,D1_ProductLabel
Women,5.7,D1_ProductLabel
Men,15.19,D1_ProductLabel
Men,15.99,D1_ProductLabel
Men,13.59,D1_ProductLabel
Men,16.99,D1_ProductLabel
Men,28.0,D1_ProductLabel
Women,9.6,D1_ProductLabel
Men,7.6,D1_ProductLabel
Men,12.31,D1_ProductLabel
Men,13.59,D1_ProductLabel
Men,15.19,D1_ProductLabel
Men,10.63,D1_ProductLabel
Men,13.59,D1_ProductLabel
Men,13.59,D1_ProductLabel
Men,13.59,D1_ProductLabel
Men,6.0,D1_ProductLabel
Men,6.0,D1_ProductLabel
Men,16.99,D1_ProductLabel
Men,36.39,D1_ProductLabel
Women,5.7,D1_ProductLabel
Men,8.0,D1_ProductLabel
Women,4.56,D1_ProductLabel
Women,4.56,D1_ProductLabel
Men,13.59,D1_ProductLabel
Women,15.19,D1_ProductLabel
Men,29.11,D1_ProductLabel
Women,6.0,D1_ProductLabel
Women,6.0,D1_ProductLabel
Men,4.56,D1_ProductLabel
Men,4.56,D1_ProductLabel
Men,4.56,D1_ProductLabel
Men,4.56,D1_ProductLabel
Men,4.56,D1_ProductLabel
Men,4.56,D1_ProductLabel
Men,4.56,D1_ProductLabel
Men,4.56,D1_ProductLabel
Men,4.56,D1_ProductLabel
Men,4.56,D1_ProductLabel
Men,7.6,D1_ProductLabel
Men,7.6,D1_ProductLabel
Men,13.59,D1_ProductLabel
Men,8.0,D1_ProductLabel
Women,17.4,D1_ProductLabel
Men,10.63,D1_ProductLabel
Men,8.8,D1_ProductLabel
Men,15.99,D1_ProductLabel
Men,8.0,D1_ProductLabel
Men,8.0,D1_ProductLabel
Men,8.0,D1_ProductLabel
Women,69.29,D1_ProductLabel
Women,69.29,D1_ProductLabel
Women,18.99,D1_ProductLabel
Women,65.09,D1_ProductLabel
Men,15.19,D1_ProductLabel
Women,15.19,D1_ProductLabel
Men,13.59,D1_ProductLabel
Men,13.59,D1_ProductLabel
Men,18.99,D1_ProductLabel
Men,13.29,D1_ProductLabel
Men,16.99,D1_ProductLabel
Women,41.99,D1_ProductLabel
Men,10.63,D1_ProductLabel
Men,41.99,D1_ProductLabel
Men,26.4,D1_ProductLabel
Women,8.8,D1_ProductLabel
Men,13.59,D1_ProductLabel
Men,15.19,D1_ProductLabel
Men,15.99,D1_ProductLabel
Men,13.2,D1_ProductLabel
Men,8.8,D1_ProductLabel
Men,4.8,D1_ProductLabel
Men,4.8,D1_ProductLabel
Men,6.0,D1_ProductLabel
Men,5.7,D1_ProductLabel
Women,6.0,D1_ProductLabel
Women,6.0,D1_ProductLabel
Women,6.0,D1_ProductLabel
Women,6.0,D1_ProductLabel
Women,6.0,D1_ProductLabel
Women,6.0,D1_ProductLabel
Women,4.56,D1_ProductLabel
Women,52.5,D1_ProductLabel
Men,12.31,D1_ProductLabel
Men,13.2,D1_ProductLabel
Men,15.99,D1_ProductLabel
Men,4.56,D1_ProductLabel
Women,4.08,D1_ProductLabel
Women,13.59,D1_ProductLabel
Women,6.8,D1_ProductLabel
Women,4.8,D1_ProductLabel
Men,10.63,D1_ProductLabel
Men,26.4,D1_ProductLabel
Men,31.35,D1_ProductLabel
Men,16.99,D1_ProductLabel
Men,16.99,D1_ProductLabel
Men,16.99,D1_ProductLabel
Men,16.99,D1_ProductLabel
Men,16.99,D1_ProductLabel
Men,18.99,D1_ProductLabel
Men,46.5,D1_ProductLabel
Men,6.0,D1_ProductLabel
Women,4.56,D1_ProductLabel
Women,10.63,D1_ProductLabel
Women,4.56,D1_ProductLabel
Women,26.0,D1_ProductLabel
Women,23.76,D1_ProductLabel
Women,13.92,D1_ProductLabel
Men,55.99,D1_ProductLabel
Men,55.99,D1_ProductLabel
Men,55.99,D1_ProductLabel
Women,55.99,D1_ProductLabel
Women,55.99,D1_ProductLabel
Men,5.7,D1_ProductLabel
Men,5.7,D1_ProductLabel
Men,28.0,D1_ProductLabel
Men,41.99,D1_ProductLabel
Men,41.99,D1_ProductLabel
Men,41.99,D1_ProductLabel
Men,30.0,D1_ProductLabel
Men,13.59,D1_ProductLabel
Men,5.7,D1_ProductLabel
Men,13.29,D1_ProductLabel
Men,9.49,D1_ProductLabel
Men,5.7,D1_ProductLabel
Men,13.29,D1_ProductLabel
Men,9.99,D1_ProductLabel
Men,5.7,D1_ProductLabel
Men,9.99,D1_ProductLabel
Men,5.7,D1_ProductLabel
Men,33.0,D1_ProductLabel
Men,31.35,D1_ProductLabel
Men,5.7,D1_ProductLabel
Men,6.0,D1_ProductLabel
Men,5.7,D1_ProductLabel
Women,5.7,D1_ProductLabel
Women,5.7,D1_ProductLabel
Men,4.56,D1_ProductLabel
Women,4.8,D1_ProductLabel
Men,4.8,D1_ProductLabel
Men,7.6,D1_ProductLabel
Men,44.0,D1_ProductLabel
Women,5.7,D1_ProductLabel
Men,4.56,D1_ProductLabel
Men,10.63,D1_ProductLabel
Men,16.99,D1_ProductLabel
Men,39.19,D1_ProductLabel
Men,48.0,D1_ProductLabel
Men,6.0,D1_ProductLabel
Men,9.49,D1_ProductLabel
Men,9.99,D1_ProductLabel
Men,11.0,D1_ProductLabel
Men,11.0,D1_ProductLabel
Men,16.99,D1_ProductLabel
Men,5.7,D1_ProductLabel
Women,5.1,D1_ProductLabel
Men,8.0,D1_ProductLabel
Men,8.8,D1_ProductLabel
Men,4.56,D1_ProductLabel
Women,7.6,D1_ProductLabel
Men,44.0,D1_ProductLabel
Women,67.19,D1_ProductLabel
Men,8.8,D1_ProductLabel
Men,19.99,D1_ProductLabel
Men,19.99,D1_ProductLabel
Men,34.99,D1_ProductLabel
Men,39.19,D1_ProductLabel
Men,15.99,D1_ProductLabel
Women,4.56,D1_ProductLabel
Women,23.76,D1_ProductLabel
Men,9.99,D1_ProductLabel
Men,39.19,D1_ProductLabel
Men,15.99,D1_ProductLabel
Men,4.8,D1_ProductLabel
Men,13.59,D1_ProductLabel
Women,4.56,D1_ProductLabel
Women,26.0,D1_ProductLabel
Men,13.29,D1_ProductLabel
Men,13.29,D1_ProductLabel
Women,31.35,D1_ProductLabel
Men,10.63,D1_ProductLabel
Men,10.63,D1_ProductLabel
Men,15.99,D1_ProductLabel
Women,15.19,D1_ProductLabel
Women,15.19,D1_ProductLabel
Men,44.79,D1_ProductLabel
Women,4.56,D1_ProductLabel
Women,4.56,D1_ProductLabel
Men,16.99,D1_ProductLabel
Men,9.49,D1_ProductLabel
Men,13.29,D1_ProductLabel
Men,9.99,D1_ProductLabel
Men,6.0,D1_ProductLabel
Men,16.5,D1_ProductLabel
Men,55.0,D1_ProductLabel
Men,9.49,D1_ProductLabel
Women,6.0,D1_ProductLabel
Women,6.0,D1_ProductLabel
Women,6.0,D1_ProductLabel
Men,10.63,D1_ProductLabel
Men,44.79,D1_ProductLabel
Men,44.79,D1_ProductLabel
Men,16.99,D1_ProductLabel
Men,16.99,D1_ProductLabel
Men,9.49,D1_ProductLabel
Men,16.99,D1_ProductLabel
Men,31.35,D1_ProductLabel
Women,4.56,D1_ProductLabel
Women,6.0,D1_ProductLabel
Men,13.29,D1_ProductLabel
Men,16.99,D1_ProductLabel
Men,16.99,D1_ProductLabel
Men,10.63,D1_ProductLabel
Men,13.2,D1_ProductLabel
Men,13.59,D1_ProductLabel
Men,41.99,D1_ProductLabel
Men,10.63,D1_ProductLabel
Men,13.2,D1_ProductLabel
Men,8.8,D1_ProductLabel
Men,15.99,D1_ProductLabel
Men,13.59,D1_ProductLabel
Women,4.56,D1_ProductLabel
Women,10.63,D1_ProductLabel
Men,7.6,D1_ProductLabel
Men,6.0,D1_ProductLabel
Men,13.29,D1_ProductLabel
Men,15.99,D1_ProductLabel
Men,13.29,D1_ProductLabel
Women,10.63,D1_ProductLabel
Men,6.0,D1_ProductLabel
Men,10.5,D1_ProductLabel
Men,6.0,D1_ProductLabel
Men,16.99,D1_ProductLabel
Women,67.19,D1_ProductLabel
Men,16.99,D1_ProductLabel
Women,38.49,D1_ProductLabel
Men,41.99,D1_ProductLabel
Men,41.99,D1_ProductLabel
Women,41.99,D1_ProductLabel
Men,10.63,D1_ProductLabel
Men,10.63,D1_ProductLabel
Men,10.63,D1_ProductLabel
Men,10.63,D1_ProductLabel
Men,10.63,D1_ProductLabel
Men,41.99,D1_ProductLabel
Women,10.63,D1_ProductLabel
Men,15.19,D1_ProductLabel
Men,13.59,D1_ProductLabel
Men,10.63,D1_ProductLabel
Men,10.63,D1_ProductLabel
Men,10.63,D1_ProductLabel
Men,10.63,D1_ProductLabel
Men,15.99,D1_ProductLabel
Men,10.63,D1_ProductLabel
Men,27.99,D1_ProductLabel
Men,10.63,D1_ProductLabel
Men,12.31,D1_ProductLabel
Men,12.31,D1_ProductLabel
Men,41.99,D1_ProductLabel
Men,41.99,D1_ProductLabel
Women,36.39,D1_ProductLabel
Men,15.19,D1_ProductLabel
Women,58.79,D1_ProductLabel
Men,13.59,D1_ProductLabel
Men,9.51,D1_ProductLabel
Men,5.7,D1_ProductLabel
Men,6.0,D1_ProductLabel
Men,5.7,D1_ProductLabel
Men,13.29,D1_ProductLabel
Men,4.56,D1_ProductLabel
Men,30.0,D1_ProductLabel
Women,67.19,D1_ProductLabel
Men,16.99,D1_ProductLabel
Women,5.28,D1_ProductLabel
Men,10.63,D1_ProductLabel
Women,4.56,D1_ProductLabel
Women,22.8,D1_ProductLabel
Women,22.8,D1_ProductLabel
Men,4.8,D1_ProductLabel
Women,4.56,D1_ProductLabel
Women,10.63,D1_ProductLabel
Men,6.0,D1_ProductLabel
Men,5.7,D1_ProductLabel
Men,30.0,D1_ProductLabel
Women,23.76,D1_ProductLabel
Men,48.0,D1_ProductLabel
Men,9.49,D1_ProductLabel
Men,18.99,D1_ProductLabel
Men,8.0,D1_ProductLabel
Men,15.99,D1_ProductLabel
Men,13.59,D1_ProductLabel
Men,13.59,D1_ProductLabel
Women,13.59,D1_ProductLabel
Women,13.59,D1_ProductLabel
Women,9.6,D1_ProductLabel
Women,10.63,D1_ProductLabel
Men,13.59,D1_ProductLabel
Men,9.51,D1_ProductLabel
Women,15.19,D1_ProductLabel
Women,15.19,D1_ProductLabel
Men,12.31,D1_ProductLabel
Men,13.59,D1_ProductLabel
Women,6.8,D1_ProductLabel
Men,16.99,D1_ProductLabel
Men,13.59,D1_ProductLabel
Men,13.59,D1_ProductLabel
Men,30.0,D1_ProductLabel
Men,6.0,D1_ProductLabel
Men,8.49,D1_ProductLabel
Men,11.0,D1_ProductLabel
Men,4.8,D1_ProductLabel
Men,13.59,D1_ProductLabel
Men,28.0,D1_ProductLabel
Women,4.56,D1_ProductLabel
Women,4.8,D1_ProductLabel
Women,4.8,D1_ProductLabel
Men,13.29,D1_ProductLabel
Men,9.99,D1_ProductLabel
Men,13.59,D1_ProductLabel
Men,10.63,D1_ProductLabel
Men,10.63,D1_ProductLabel
Men,7.6,D1_ProductLabel
Women,4.08,D1_ProductLabel
Women,4.08,D1_ProductLabel
Men,41.99,D1_ProductLabel
Men,41.99,D1_ProductLabel
Men,4.8,D1_ProductLabel
Women,41.99,D1_ProductLabel
Men,13.59,D1_ProductLabel
Men,13.59,D1_ProductLabel
Women,10.63,D1_ProductLabel
Men,15.99,D1_ProductLabel
Men,13.29,D1_ProductLabel
Men,55.99,D1_ProductLabel
Men,13.59,D1_ProductLabel
Women,15.19,D1_ProductLabel
Women,4.56,D1_ProductLabel
Men,31.35,D1_ProductLabel
Men,31.35,D1_ProductLabel
Men,13.59,D1_ProductLabel
Men,10.63,D1_ProductLabel
Men,9.49,D1_ProductLabel
Women,5.7,D1_ProductLabel
Men,13.59,D1_ProductLabel
Women,22.0,D1_ProductLabel
Men,9.49,D1_ProductLabel
Men,13.29,D1_ProductLabel
Men,9.99,D1_ProductLabel
Men,60.0,D1_ProductLabel
Men,55.43,D1_ProductLabel
Men,9.49,D1_ProductLabel
Men,6.0,D1_ProductLabel
Men,16.99,D1_ProductLabel
Men,13.59,D1_ProductLabel
Women,4.56,D1_ProductLabel
Women,4.56,D1_ProductLabel
Women,4.56,D1_ProductLabel
Men,13.59,D1_ProductLabel
Men,15.99,D1_ProductLabel
Men,13.59,D1_ProductLabel
Men,13.59,D1_ProductLabel
Men,16.99,D1_ProductLabel
Men,39.19,D1_ProductLabel
Men,44.79,D1_ProductLabel
Women,23.76,D1_ProductLabel
Men,7.6,D1_ProductLabel
Men,4.8,D1_ProductLabel
Men,13.2,D1_ProductLabel
Men,8.8,D1_ProductLabel
Men,13.59,D1_ProductLabel
Men,31.35,D1_ProductLabel
Men,6.0,D1_ProductLabel
Men,6.0,D1_ProductLabel
Women,5.1,D1_ProductLabel
Women,5.1,D1_ProductLabel
Women,5.1,D1_ProductLabel
Women,5.1,D1_ProductLabel
Men,4.8,D1_ProductLabel
Men,48.0,D1_ProductLabel
Men,41.99,D1_ProductLabel
Men,31.35,D1_ProductLabel
Men,39.19,D1_ProductLabel
Men,16.99,D1_ProductLabel
Men,31.35,D1_ProductLabel
Men,4.8,D1_ProductLabel
Men,8.4,D1_ProductLabel
Men,7.6,D1_ProductLabel
Men,4.8,D1_ProductLabel
Men,4.8,D1_ProductLabel
Men,8.8,D1_ProductLabel
Women,4.08,D1_ProductLabel
Women,13.29,D1_ProductLabel
Women,18.99,D1_ProductLabel
Women,18.99,D1_ProductLabel
Men,13.99,D1_ProductLabel
Men,13.59,D1_ProductLabel
Men,13.59,D1_ProductLabel
Men,15.19,D1_ProductLabel
Women,39.19,D1_ProductLabel
Men,15.39,D1_ProductLabel
Men,16.99,D1_ProductLabel
Men,19.99,D1_ProductLabel
Men,19.99,D1_ProductLabel
Men,55.99,D1_ProductLabel
Men,13.29,D1_ProductLabel
Men,13.29,D1_ProductLabel
Men,16.99,D1_ProductLabel
Women,16.99,D1_ProductLabel
Men,10.63,D1_ProductLabel
Women,10.63,D1_ProductLabel
Men,28.0,D1_ProductLabel
Men,8.0,D1_ProductLabel
Women,28.0,D1_ProductLabel
Women,13.59,D1_ProductLabel
Men,4.56,D1_ProductLabel
Women,4.08,D1_ProductLabel
Women,13.59,D1_ProductLabel
Women,5.1,D1_ProductLabel
Women,5.1,D1_ProductLabel
Women,32.49,D1_ProductLabel
Men,5.7,D1_ProductLabel
Men,13.2,D1_ProductLabel
Men,8.8,D1_ProductLabel
Men,28.0,D1_ProductLabel
Men,26.4,D1_ProductLabel
Men,15.39,D1_ProductLabel
Men,11.0,D1_ProductLabel
Men,5.7,D1_ProductLabel
Women,7.6,D1_ProductLabel
Men,5.7,D1_ProductLabel
Women,9.6,D1_ProductLabel
Men,4.56,D1_ProductLabel
Men,4.56,D1_ProductLabel
Men,4.56,D1_ProductLabel
Women,4.8,D1_ProductLabel
Women,4.56,D1_ProductLabel
Women,5.28,D1_ProductLabel
Women,5.28,D1_ProductLabel
Women,8.8,D1_ProductLabel
Men,4.56,D1_ProductLabel
Women,12.0,D1_ProductLabel
Women,9.49,D1_ProductLabel
Women,7.6,D1_ProductLabel
Men,8.49,D1_ProductLabel
Men,5.7,D1_ProductLabel
Women,4.8,D1_ProductLabel
Men,5.7,D1_ProductLabel
Men,6.0,D1_ProductLabel
Men,5.7,D1_ProductLabel
Women,5.1,D1_ProductLabel
Women,6.6,D1_ProductLabel
Men,8.49,D1_ProductLabel
Men,4.56,D1_ProductLabel
Men,26.4,D1_ProductLabel
Men,60.0,D1_ProductLabel
Women,55.99,D1_ProductLabel
Women,6.0,D1_ProductLabel
Women,46.5,D1_ProductLabel
Women,28.5,D1_ProductLabel
Men,19.99,D1_ProductLabel
Men,6.8,D1_ProductLabel
Men,10.63,D1_ProductLabel
Women,9.6,D1_ProductLabel
Men,55.0,D1_ProductLabel
Men,28.0,D1_ProductLabel
Men,8.49,D1_ProductLabel
Men,6.8,D1_ProductLabel
Men,13.29,D1_ProductLabel
Men,9.49,D1_ProductLabel
Men,13.29,D1_ProductLabel
Men,46.5,D1_ProductLabel
Men,60.0,D1_ProductLabel
Men,34.99,D1_ProductLabel
Men,37.49,D1_ProductLabel
Men,55.0,D1_ProductLabel
Women,5.1,D1_ProductLabel
Women,5.1,D1_ProductLabel
Men,10.63,D1_ProductLabel
Men,13.2,D1_ProductLabel
Men,44.0,D1_ProductLabel
Men,33.0,D1_ProductLabel
Women,13.59,D1_ProductLabel
Men,79.19,D1_ProductLabel
Men,26.4,D1_ProductLabel
Women,15.19,D1_ProductLabel
Men,13.29,D1_ProductLabel
Men,16.99,D1_ProductLabel
Men,16.99,D1_ProductLabel
Men,5.7,D1_ProductLabel
Men,13.29,D1_ProductLabel
Women,6.6,D1_ProductLabel
Men,98.99,D1_ProductLabel
Men,10.63,D1_ProductLabel
Men,4.56,D1_ProductLabel
Women,4.08,D1_ProductLabel
Women,4.08,D1_ProductLabel
Women,4.8,D1_ProductLabel
Women,9.6,D1_ProductLabel
Women,15.19,D1_ProductLabel
Men,19.99,D1_ProductLabel
Women,5.1,D1_ProductLabel
Women,4.08,D1_ProductLabel
Men,44.0,D1_ProductLabel
Men,33.0,D1_ProductLabel
Men,55.0,D1_ProductLabel
Men,34.99,D1_ProductLabel
Women,46.5,D1_ProductLabel
Women,4.08,D1_ProductLabel
Men,13.59,D1_ProductLabel
Men,15.99,D1_ProductLabel
Men,5.7,D1_ProductLabel
Men,5.7,D1_ProductLabel
Women,12.0,D1_ProductLabel
Men,12.31,D1_ProductLabel
Men,31.99,D1_ProductLabel
Women,4.08,D1_ProductLabel
Women,7.6,D1_ProductLabel
Men,9.49,D1_ProductLabel
Men,16.99,D1_ProductLabel
Women,16.99,D1_ProductLabel
Women,12.0,D1_ProductLabel
Women,37.49,D1_ProductLabel
Men,7.6,D1_ProductLabel
Women,18.99,D1_ProductLabel
Men,9.49,D1_ProductLabel
Men,5.7,D1_ProductLabel
Men,39.99,D1_ProductLabel
Men,62.99,D1_ProductLabel
Men,10.63,D1_ProductLabel
Men,5.7,D1_ProductLabel
Men,4.56,D1_ProductLabel
Men,13.29,D1_ProductLabel
Men,39.99,D1_ProductLabel
Women,5.1,D1_ProductLabel
Women,5.1,D1_ProductLabel
Men,10.63,D1_ProductLabel
Men,79.19,D1_ProductLabel
Women,4.08,D1_ProductLabel
Women,22.0,D1_ProductLabel
Women,86.39,D1_ProductLabel
Women,41.99,D1_ProductLabel
Men,31.99,D1_ProductLabel
Men,13.59,D1_ProductLabel
Men,13.59,D1_ProductLabel
Men,30.0,D1_ProductLabel
Men,13.29,D1_ProductLabel
Women,17.4,D1_ProductLabel
Men,7.6,D1_ProductLabel
Men,4.56,D1_ProductLabel
Women,4.08,D1_ProductLabel
Women,16.99,D1_ProductLabel
Women,27.5,D1_ProductLabel
Men,15.99,D1_ProductLabel
Men,15.99,D1_ProductLabel
Men,50.39,D1_ProductLabel
Women,9.6,D1_ProductLabel
Women,9.6,D1_ProductLabel
Women,6.8,D1_ProductLabel
Women,4.08,D1_ProductLabel
Women,13.92,D1_ProductLabel
Men,16.99,D1_ProductLabel
Women,5.1,D1_ProductLabel
Women,5.1,D1_ProductLabel
Men,15.39,D1_ProductLabel
Men,15.99,D1_ProductLabel
Women,4.08,D1_ProductLabel
Women,5.7,D1_ProductLabel
Women,6.0,D1_ProductLabel
Men,13.29,D1_ProductLabel
Men,8.49,D1_ProductLabel
Men,10.63,D1_ProductLabel
Women,13.59,D1_ProductLabel
Men,6.8,D1_ProductLabel
Women,4.08,D1_ProductLabel
Women,15.19,D1_ProductLabel
Women,15.19,D1_ProductLabel
Women,15.19,D1_ProductLabel
Men,12.31,D1_ProductLabel
Men,15.39,D1_ProductLabel
Men,4.56,D1_ProductLabel
Women,44.0,D1_ProductLabel
Men,13.59,D1_ProductLabel
Men,12.31,D1_ProductLabel
Men,13.2,D1_ProductLabel
Men,37.2,D1_ProductLabel
Men,13.59,D1_ProductLabel
Men,5.7,D1_ProductLabel
Women,5.1,D1_ProductLabel
Women,46.5,D1_ProductLabel
Women,67.19,D1_ProductLabel
Men,37.49,D1_ProductLabel
Women,5.1,D1_ProductLabel
Women,18.99,D1_ProductLabel
Women,5.7,D1_ProductLabel
Women,12.0,D1_ProductLabel
Women,12.0,D1_ProductLabel
Women,12.0,D1_ProductLabel
Women,46.5,D1_ProductLabel
Women,46.5,D1_ProductLabel
Women,32.49,D1_ProductLabel
Women,37.49,D1_ProductLabel
Men,5.7,D1_ProductLabel
Men,59.99,D1_ProductLabel
Men,44.0,D1_ProductLabel
Women,3.4,D1_ProductLabel
Women,15.19,D1_ProductLabel
Men,3.8,D1_ProductLabel
Women,21.6,D1_ProductLabel
Women,11.2,D1_ProductLabel
Women,3.4,D1_ProductLabel
Women,21.6,D1_ProductLabel
Women,11.6,D1_ProductLabel
Women,19.0,D1_ProductLabel
Women,22.0,D1_ProductLabel
Men,14.0,D1_ProductLabel
Women,24.0,D1_ProductLabel
Women,11.2,D1_ProductLabel
Men,14.0,D1_ProductLabel
Women,22.0,D1_ProductLabel
Women,30.0,D1_ProductLabel
Women,18.75,D1_ProductLabel
Women,14.0,D1_ProductLabel
Men,3.8,D1_ProductLabel
Women,15.19,D1_ProductLabel
Men,4.75,D1_ProductLabel
Women,4.25,D1_ProductLabel
Women,5.0,D1_ProductLabel
Women,27.0,D1_ProductLabel
Women,23.75,D1_ProductLabel
Women,27.5,D1_ProductLabel
Men,5.0,D1_ProductLabel
Women,13.75,D1_ProductLabel
Women,14.5,D1_ProductLabel
Men,3.8,D1_ProductLabel
Men,14.0,D1_ProductLabel
Men,44.0,D1_ProductLabel
Men,4.56,D1_ProductLabel
Men,13.59,D1_ProductLabel
Men,39.99,D1_ProductLabel
Men,55.99,D1_ProductLabel
Women,16.99,D1_ProductLabel
Men,4.56,D1_ProductLabel
Women,4.8,D1_ProductLabel
Women,18.99,D1_ProductLabel
Women,22.8,D1_ProductLabel
Women,5.1,D1_ProductLabel
Women,5.1,D1_ProductLabel
Women,6.0,D1_ProductLabel
Women,5.7,D1_ProductLabel
Women,6.0,D1_ProductLabel
Women,55.99,D1_ProductLabel
Men,13.29,D1_ProductLabel
Men,46.5,D1_ProductLabel
Men,60.0,D1_ProductLabel
Men,34.99,D1_ProductLabel
Men,33.0,D1_ProductLabel
Men,50.39,D1_ProductLabel
Women,4.25,D1_ProductLabel
Women,6.0,D1_ProductLabel
Women,30.0,D1_ProductLabel
Men,13.59,D1_ProductLabel
Men,4.75,D1_ProductLabel
Men,14.0,D1_ProductLabel
Women,19.0,D1_ProductLabel
Men,14.0,D1_ProductLabel
Men,4.75,D1_ProductLabel
Men,17.5,D1_ProductLabel
Men,17.5,D1_ProductLabel
Men,18.75,D1_ProductLabel
Men,14.0,D1_ProductLabel
Men,4.25,D1_ProductLabel
Men,14.0,D1_ProductLabel
Men,15.99,D1_ProductLabel
Women,3.4,D1_ProductLabel
Women,6.0,D1_ProductLabel
Women,21.6,D1_ProductLabel
Men,3.8,D1_ProductLabel
Women,21.6,D1_ProductLabel
Men,4.0,D1_ProductLabel
Men,18.75,D1_ProductLabel
Men,14.0,D1_ProductLabel
Women,27.0,D1_ProductLabel
Men,11.2,D1_ProductLabel
Men,11.2,D1_ProductLabel
Men,10.0,D1_ProductLabel
Men,14.0,D1_ProductLabel
Men,15.0,D1_ProductLabel
Men,4.0,D1_ProductLabel
Men,3.4,D1_ProductLabel
Men,11.2,D1_ProductLabel
Women,3.4,D1_ProductLabel
Women,3.4,D1_ProductLabel
Women,5.0,D1_ProductLabel
Women,5.0,D1_ProductLabel
Women,30.0,D1_ProductLabel
Women,16.25,D1_ProductLabel
Women,14.5,D1_ProductLabel
Women,14.5,D1_ProductLabel
Women,14.5,D1_ProductLabel
Women,14.5,D1_ProductLabel
Women,6.0,D1_ProductLabel
Women,14.0,D1_ProductLabel
Men,19.8,D1_ProductLabel
Men,15.0,D1_ProductLabel
Women,3.4,D1_ProductLabel
Women,3.4,D1_ProductLabel
Women,4.8,D1_ProductLabel
Men,14.0,D1_ProductLabel
Men,18.75,D1_ProductLabel
Women,4.25,D1_ProductLabel
Women,3.4,D1_ProductLabel
Women,24.0,D1_ProductLabel
Women,15.0,D1_ProductLabel
Women,15.0,D1_ProductLabel
Men,15.0,D1_ProductLabel
Men,3.8,D1_ProductLabel
Men,16.99,D1_ProductLabel
Men,8.0,D1_ProductLabel
Men,4.8,D1_ProductLabel
Men,4.56,D1_ProductLabel
Men,13.59,D1_ProductLabel
Men,13.59,D1_ProductLabel
Women,15.19,D1_ProductLabel
Women,5.1,D1_ProductLabel
Men,16.99,D1_ProductLabel
Men,4.56,D1_ProductLabel
Men,8.0,D1_ProductLabel
Men,13.59,D1_ProductLabel
Men,4.56,D1_ProductLabel
Women,15.19,D1_ProductLabel
Men,5.7,D1_ProductLabel
Men,37.49,D1_ProductLabel
Men,4.56,D1_ProductLabel
Men,10.63,D1_ProductLabel
Women,4.08,D1_ProductLabel
Men,8.8,D1_ProductLabel
Men,8.0,D1_ProductLabel
Women,7.6,D1_ProductLabel
Men,8.0,D1_ProductLabel
Men,37.2,D1_ProductLabel
Men,41.99,D1_ProductLabel
Men,28.0,D1_ProductLabel
Men,10.63,D1_ProductLabel
Women,4.8,D1_ProductLabel
Women,4.8,D1_ProductLabel
Men,16.99,D1_ProductLabel
Men,15.99,D1_ProductLabel
Men,15.99,D1_ProductLabel
Men,8.0,D1_ProductLabel
Men,8.0,D1_ProductLabel
Women,4.08,D1_ProductLabel
Women,4.08,D1_ProductLabel
Women,5.28,D1_ProductLabel
Women,13.92,D1_ProductLabel
Men,19.99,D1_ProductLabel
Women,9.6,D1_ProductLabel
Women,22.0,D1_ProductLabel
Women,7.6,D1_ProductLabel
Men,5.7,D1_ProductLabel
Men,5.7,D1_ProductLabel
Women,5.1,D1_ProductLabel
Women,5.1,D1_ProductLabel
Men,9.99,D1_ProductLabel
Men,60.0,D1_ProductLabel
Men,4.56,D1_ProductLabel
Men,4.56,D1_ProductLabel
Women,4.08,D1_ProductLabel
Women,7.6,D1_ProductLabel
Men,13.2,D1_ProductLabel
Men,28.0,D1_ProductLabel
Women,23.76,D1_ProductLabel
Men,37.2,D1_ProductLabel
Men,74.99,D1_ProductLabel
Men,37.49,D1_ProductLabel
Men,8.0,D1_ProductLabel
Men,4.56,D1_ProductLabel
Women,9.6,D1_ProductLabel
Women,7.6,D1_ProductLabel
Men,48.0,D1_ProductLabel
Men,5.7,D1_ProductLabel
Men,13.29,D1_ProductLabel
Men,37.49,D1_ProductLabel
Men,8.49,D1_ProductLabel
Men,19.99,D1_ProductLabel
Women,4.08,D1_ProductLabel
Men,13.59,D1_ProductLabel
Women,9.6,D1_ProductLabel
Men,5.7,D1_ProductLabel
Men,5.7,D1_ProductLabel
Women,5.1,D1_ProductLabel
Women,6.0,D1_ProductLabel
Women,52.5,D1_ProductLabel
Women,5.1,D1_ProductLabel
Women,6.6,D1_ProductLabel
Women,6.0,D1_ProductLabel
Women,5.1,D1_ProductLabel
Women,6.0,D1_ProductLabel
Men,15.99,D1_ProductLabel
Women,5.1,D1_ProductLabel
Men,16.99,D1_ProductLabel
Men,16.99,D1_ProductLabel
Women,16.99,D1_ProductLabel
Women,16.99,D1_ProductLabel
Women,18.99,D1_ProductLabel
Men,10.63,D1_ProductLabel
Men,8.0,D1_ProductLabel
Men,13.59,D1_ProductLabel
Men,15.0,D1_ProductLabel
Women,3.4,D1_ProductLabel
Women,21.6,D1_ProductLabel
Women,5.0,D1_ProductLabel
Men,3.8,D1_ProductLabel
Men,15.0,D1_ProductLabel
Men,14.0,D1_ProductLabel
Men,22.0,D1_ProductLabel
Women,11.0,D1_ProductLabel
Women,4.25,D1_ProductLabel
Women,21.6,D1_ProductLabel
Women,3.4,D1_ProductLabel
Women,3.4,D1_ProductLabel
Women,4.8,D1_ProductLabel
Women,22.0,D1_ProductLabel
Women,13.75,D1_ProductLabel
Women,13.75,D1_ProductLabel
Men,18.75,D1_ProductLabel
Men,4.75,D1_ProductLabel
Men,14.0,D1_ProductLabel
Men,18.75,D1_ProductLabel
Women,3.4,D1_ProductLabel
Women,4.25,D1_ProductLabel
Women,24.75,D1_ProductLabel
Women,14.0,D1_ProductLabel
Women,4.75,D1_ProductLabel
Women,4.75,D1_ProductLabel
Women,14.0,D1_ProductLabel
Women,11.0,D1_ProductLabel
Women,11.6,D1_ProductLabel
Men,11.2,D1_ProductLabel
Men,15.99,D1_ProductLabel
Women,15.0,D1_ProductLabel
Women,21.0,D1_ProductLabel
Men,11.2,D1_ProductLabel
Women,4.8,D1_ProductLabel
Men,17.5,D1_ProductLabel
Men,4.75,D1_ProductLabel
Men,11.2,D1_ProductLabel
Men,3.8,D1_ProductLabel
Women,15.0,D1_ProductLabel
Men,4.0,D1_ProductLabel
Women,3.4,D1_ProductLabel
Women,3.4,D1_ProductLabel
Men,19.99,D1_ProductLabel
Men,3.8,D1_ProductLabel
Men,14.0,D1_ProductLabel
Men,14.0,D1_ProductLabel
Women,21.0,D1_ProductLabel
Women,13.0,D1_ProductLabel
Women,9.49,D1_ProductLabel
Men,9.99,D1_ProductLabel
Men,7.6,D1_ProductLabel
Men,10.63,D1_ProductLabel
Women,4.08,D1_ProductLabel
Women,4.08,D1_ProductLabel
Women,4.08,D1_ProductLabel
Men,34.99,D1_ProductLabel
Men,37.49,D1_ProductLabel
Men,33.0,D1_ProductLabel
Men,33.0,D1_ProductLabel
Men,33.0,D1_ProductLabel
Men,60.0,D1_ProductLabel
Men,33.0,D1_ProductLabel
Men,13.59,D1_ProductLabel
Women,4.08,D1_ProductLabel
Men,15.99,D1_ProductLabel
Men,4.56,D1_ProductLabel
Women,15.19,D1_ProductLabel
Women,4.08,D1_ProductLabel
Women,18.99,D1_ProductLabel
Men,4.56,D1_ProductLabel
Women,4.08,D1_ProductLabel
Women,6.8,D1_ProductLabel
Women,61.59,D1_ProductLabel
Women,12.0,D1_ProductLabel
Women,6.6,D1_ProductLabel
Women,12.0,D1_ProductLabel
Men,8.8,D1_ProductLabel
Men,4.56,D1_ProductLabel
Men,4.56,D1_ProductLabel
Women,4.8,D1_ProductLabel
Women,4.8,D1_ProductLabel
Men,59.99,D1_ProductLabel
Men,6.8,D1_ProductLabel
Women,9.6,D1_ProductLabel
Men,10.63,D1_ProductLabel
Men,34.99,D1_ProductLabel
Women,6.6,D1_ProductLabel
Men,4.56,D1_ProductLabel
Men,10.63,D1_ProductLabel
Men,4.56,D1_ProductLabel
Men,7.6,D1_ProductLabel
Men,8.49,D1_ProductLabel
Men,37.2,D1_ProductLabel
Men,48.0,D1_ProductLabel
Men,4.56,D1_ProductLabel
Men,15.99,D1_ProductLabel
Men,7.6,D1_ProductLabel
Men,13.59,D1_ProductLabel
Men,6.8,D1_ProductLabel
Men,13.59,D1_ProductLabel
Men,44.0,D1_ProductLabel
Women,9.6,D1_ProductLabel
Men,16.99,D1_ProductLabel
Men,16.99,D1_ProductLabel
Men,31.35,D1_ProductLabel
Men,13.59,D1_ProductLabel
Women,26.0,D1_ProductLabel
Men,37.49,D1_ProductLabel
Women,16.99,D1_ProductLabel
Men,16.99,D1_ProductLabel
Men,16.99,D1_ProductLabel
Men,13.59,D1_ProductLabel
Men,10.63,D1_ProductLabel
Women,4.08,D1_ProductLabel
Women,11.0,D1_ProductLabel
Women,55.99,D1_ProductLabel
Men,19.99,D1_ProductLabel
Men,19.99,D1_ProductLabel
Men,19.99,D1_ProductLabel
Men,19.99,D1_ProductLabel
Men,19.99,D1_ProductLabel
Men,19.99,D1_ProductLabel
Men,39.19,D1_ProductLabel
Men,39.19,D1_ProductLabel
Men,39.19,D1_ProductLabel
Men,46.5,D1_ProductLabel
Men,46.5,D1_ProductLabel
Men,7.6,D1_ProductLabel
Men,4.56,D1_ProductLabel
Men,4.56,D1_ProductLabel
Men,59.99,D1_ProductLabel
Men,31.99,D1_ProductLabel
Men,13.59,D1_ProductLabel
Men,13.59,D1_ProductLabel
Women,13.59,D1_ProductLabel
Women,4.25,D1_ProductLabel
Men,13.59,D1_ProductLabel
Men,3.8,D1_ProductLabel
Men,14.0,D1_ProductLabel
Women,3.4,D1_ProductLabel
Women,3.4,D1_ProductLabel
Women,15.19,D1_ProductLabel
Men,4.0,D1_ProductLabel
Men,3.4,D1_ProductLabel
Men,4.75,D1_ProductLabel
Men,11.2,D1_ProductLabel
Men,15.0,D1_ProductLabel
Women,19.0,D1_ProductLabel
Men,3.4,D1_ProductLabel
Men,18.75,D1_ProductLabel
Men,15.99,D1_ProductLabel
Women,4.8,D1_ProductLabel
Men,14.0,D1_ProductLabel
Men,15.0,D1_ProductLabel
Women,15.0,D1_ProductLabel
Women,22.0,D1_ProductLabel
Women,4.25,D1_ProductLabel
Women,18.75,D1_ProductLabel
Women,3.4,D1_ProductLabel
Women,4.8,D1_ProductLabel
Women,11.0,D1_ProductLabel
Men,15.99,D1_ProductLabel
Men,15.0,D1_ProductLabel
Men,5.5,D1_ProductLabel
Men,4.75,D1_ProductLabel
Men,4.75,D1_ProductLabel
Women,4.25,D1_ProductLabel
Women,4.25,D1_ProductLabel
Men,5.0,D1_ProductLabel
Women,4.75,D1_ProductLabel
Women,6.0,D1_ProductLabel
Women,5.0,D1_ProductLabel
Men,11.2,D1_ProductLabel
Men,13.59,D1_ProductLabel
Men,13.59,D1_ProductLabel
Women,15.0,D1_ProductLabel
Women,11.0,D1_ProductLabel
Women,15.19,D1_ProductLabel
Men,19.99,D1_ProductLabel
Women,4.8,D1_ProductLabel
Women,3.4,D1_ProductLabel
Women,3.4,D1_ProductLabel
Women,3.4,D1_ProductLabel
Women,11.0,D1_ProductLabel
Women,4.4,D1_ProductLabel
Women,21.6,D1_ProductLabel
Women,21.0,D1_ProductLabel
Women,5.0,D1_ProductLabel
Men,3.8,D1_ProductLabel
Men,22.0,D1_ProductLabel
Men,5.0,D1_ProductLabel
Men,3.8,D1_ProductLabel
Men,3.8,D1_ProductLabel
Men,14.0,D1_ProductLabel
Men,22.0,D1_ProductLabel
Women,4.0,D1_ProductLabel
Women,4.0,D1_ProductLabel
Women,13.0,D1_ProductLabel
Men,4.0,D1_ProductLabel
Men,3.4,D1_ProductLabel
Men,4.4,D1_ProductLabel
Women,3.4,D1_ProductLabel
Women,21.0,D1_ProductLabel
Men,17.5,D1_ProductLabel
Women,11.2,D1_ProductLabel
Men,4.75,D1_ProductLabel
Women,21.0,D1_ProductLabel
Men,13.59,D1_ProductLabel
Men,13.59,D1_ProductLabel
Men,15.0,D1_ProductLabel
Men,15.0,D1_ProductLabel
Women,3.8,D1_ProductLabel
Women,4.8,D1_ProductLabel
Women,4.8,D1_ProductLabel
Women,19.8,D1_ProductLabel
Women,6.0,D1_ProductLabel
Men,14.0,D1_ProductLabel
Women,3.4,D1_ProductLabel
Women,21.6,D1_ProductLabel
Women,6.0,D1_ProductLabel
Women,6.0,D1_ProductLabel
Women,27.0,D1_ProductLabel
Men,15.0,D1_ProductLabel
Women,21.6,D1_ProductLabel
Women,18.99,D1_ProductLabel
Women,30.0,D1_ProductLabel
Women,26.25,D1_ProductLabel
Women,14.0,D1_ProductLabel
Women,4.0,D1_ProductLabel
Women,3.4,D1_ProductLabel
Women,21.6,D1_ProductLabel
Women,26.25,D1_ProductLabel
Women,14.0,D1_ProductLabel
Men,5.0,D1_ProductLabel
Women,4.75,D1_ProductLabel
Women,14.0,D1_ProductLabel
Women,4.8,D1_ProductLabel
Women,22.0,D1_ProductLabel
Men,31.99,D1_ProductLabel
Men,16.5,D1_ProductLabel
Men,9.99,D1_ProductLabel
Men,7.6,D1_ProductLabel
Men,4.56,D1_ProductLabel
Men,26.4,D1_ProductLabel
Men,6.8,D1_ProductLabel
Women,7.6,D1_ProductLabel
Men,9.99,D1_ProductLabel
Women,7.6,D1_ProductLabel
Men,50.39,D1_ProductLabel
Men,5.7,D1_ProductLabel
Women,5.1,D1_ProductLabel
Women,5.1,D1_ProductLabel
Women,6.0,D1_ProductLabel
Women,6.6,D1_ProductLabel
Men,6.8,D1_ProductLabel
Men,13.29,D1_ProductLabel
Men,13.59,D1_ProductLabel
Men,13.59,D1_ProductLabel
Women,15.19,D1_ProductLabel
Women,15.19,D1_ProductLabel
Women,4.8,D1_ProductLabel
Women,4.56,D1_ProductLabel
Women,22.0,D1_ProductLabel
Women,41.99,D1_ProductLabel
Women,42.0,D1_ProductLabel
Women,26.0,D1_ProductLabel
Men,13.59,D1_ProductLabel
Men,10.63,D1_ProductLabel
Men,13.59,D1_ProductLabel
Men,30.0,D1_ProductLabel
Women,4.08,D1_ProductLabel
Women,4.8,D1_ProductLabel
Men,5.7,D1_ProductLabel
Men,16.99,D1_ProductLabel
Men,15.99,D1_ProductLabel
Men,15.99,D1_ProductLabel
Men,15.99,D1_ProductLabel
Men,13.59,D1_ProductLabel
Men,15.99,D1_ProductLabel
Men,4.56,D1_ProductLabel
Women,9.6,D1_ProductLabel
Women,9.49,D1_ProductLabel
Men,9.99,D1_ProductLabel
Women,6.0,D1_ProductLabel
Women,13.59,D1_ProductLabel
Men,10.63,D1_ProductLabel
Women,4.08,D1_ProductLabel
Women,9.6,D1_ProductLabel
Women,9.49,D1_ProductLabel
Men,39.19,D1_ProductLabel
Men,13.29,D1_ProductLabel
Women,12.0,D1_ProductLabel
Women,74.99,D1_ProductLabel
Men,9.99,D1_ProductLabel
Men,9.49,D1_ProductLabel
Men,13.29,D1_ProductLabel
Men,44.0,D1_ProductLabel
Men,31.99,D1_ProductLabel
Men,7.6,D1_ProductLabel
Men,4.56,D1_ProductLabel
Men,16.99,D1_ProductLabel
Women,6.0,D1_ProductLabel
Women,13.59,D1_ProductLabel
Men,16.99,D1_ProductLabel
Women,16.99,D1_ProductLabel
Men,5.7,D1_ProductLabel
Men,5.7,D1_ProductLabel
Women,5.1,D1_ProductLabel
Women,6.0,D1_ProductLabel
Men,13.59,D1_ProductLabel
Women,7.6,D1_ProductLabel
Men,34.99,D1_ProductLabel
Women,6.0,D1_ProductLabel
Women,30.0,D1_ProductLabel
Men,37.2,D1_ProductLabel
Women,59.99,D1_ProductLabel
Women,37.49,D1_ProductLabel
Men,15.99,D1_ProductLabel
Men,26.4,D1_ProductLabel
Men,4.56,D1_ProductLabel
Men,8.0,D1_ProductLabel
Women,5.1,D1_ProductLabel
Men,4.56,D1_ProductLabel
Men,9.99,D1_ProductLabel
Men,5.7,D1_ProductLabel
Men,6.8,D1_ProductLabel
Men,4.56,D1_ProductLabel
Women,9.6,D1_ProductLabel
Men,44.79,D1_ProductLabel
Men,5.7,D1_ProductLabel
Men,13.29,D1_ProductLabel
Women,5.1,D1_ProductLabel
Women,6.0,D1_ProductLabel
Women,6.0,D1_ProductLabel
Women,9.49,D1_ProductLabel
Men,4.56,D1_ProductLabel
Women,4.08,D1_ProductLabel
Women,26.0,D1_ProductLabel
Women,26.0,D1_ProductLabel
Men,5.7,D1_ProductLabel
Men,3.8,D1_ProductLabel
Men,18.6,D1_ProductLabel
Men,14.0,D1_ProductLabel
Men,22.0,D1_ProductLabel
Women,3.4,D1_ProductLabel
Women,24.0,D1_ProductLabel
Women,13.0,D1_ProductLabel
Women,11.6,D1_ProductLabel
Men,4.75,D1_ProductLabel
Men,14.0,D1_ProductLabel
Men,18.75,D1_ProductLabel
Women,21.0,D1_ProductLabel
Women,6.0,D1_ProductLabel
Women,6.0,D1_ProductLabel
Men,14.0,D1_ProductLabel
Women,4.8,D1_ProductLabel
Women,21.6,D1_ProductLabel
Women,3.8,D1_ProductLabel
Men,23.25,D1_ProductLabel
Men,24.75,D1_ProductLabel
Men,4.75,D1_ProductLabel
Women,4.75,D1_ProductLabel
Women,5.0,D1_ProductLabel
Men,4.75,D1_ProductLabel
Men,23.25,D1_ProductLabel
Women,27.0,D1_ProductLabel
Women,23.75,D1_ProductLabel
Men,15.99,D1_ProductLabel
Men,15.99,D1_ProductLabel
Men,4.75,D1_ProductLabel
Men,4.75,D1_ProductLabel
Men,4.75,D1_ProductLabel
Men,18.75,D1_ProductLabel
Men,31.35,D1_ProductLabel
Women,26.0,D1_ProductLabel
Women,13.92,D1_ProductLabel
Men,19.99,D1_ProductLabel
Men,9.99,D1_ProductLabel
Women,7.6,D1_ProductLabel
Women,44.0,D1_ProductLabel
Men,31.99,D1_ProductLabel
Men,10.63,D1_ProductLabel
Men,15.99,D1_ProductLabel
Men,4.56,D1_ProductLabel
Men,10.63,D1_ProductLabel
Men,15.19,D1_ProductLabel
Men,5.7,D1_ProductLabel
Men,8.49,D1_ProductLabel
Men,8.49,D1_ProductLabel
Men,9.99,D1_ProductLabel
Men,8.49,D1_ProductLabel
Men,31.35,D1_ProductLabel
Men,8.49,D1_ProductLabel
Men,5.7,D1_ProductLabel
Men,60.0,D1_ProductLabel
Men,4.56,D1_ProductLabel
Men,4.56,D1_ProductLabel
Men,4.56,D1_ProductLabel
Women,4.08,D1_ProductLabel
Women,6.8,D1_ProductLabel
Men,8.49,D1_ProductLabel
Men,13.59,D1_ProductLabel
Men,31.35,D1_ProductLabel
Men,4.56,D1_ProductLabel
Women,4.08,D1_ProductLabel
Women,37.2,D1_ProductLabel
Men,12.5,D1_ProductLabel
Men,4.4,D1_ProductLabel
Men,3.8,D1_ProductLabel
Women,21.6,D1_ProductLabel
Men,24.75,D1_ProductLabel
Men,5.5,D1_ProductLabel
Men,4.75,D1_ProductLabel
Women,6.0,D1_ProductLabel
Men,13.59,D1_ProductLabel
Men,15.99,D1_ProductLabel
Men,15.99,D1_ProductLabel
Men,3.8,D1_ProductLabel
Women,13.59,D1_ProductLabel
Women,3.4,D1_ProductLabel
Women,4.8,D1_ProductLabel
Women,15.19,D1_ProductLabel
Women,4.8,D1_ProductLabel
Women,3.8,D1_ProductLabel
Women,3.4,D1_ProductLabel
Women,18.75,D1_ProductLabel
Men,3.8,D1_ProductLabel
Men,4.4,D1_ProductLabel
Men,3.8,D1_ProductLabel
Men,3.8,D1_ProductLabel
Men,19.8,D1_ProductLabel
Men,19.8,D1_ProductLabel
Women,4.8,D1_ProductLabel
Men,22.0,D1_ProductLabel
Men,4.75,D1_ProductLabel
Women,4.25,D1_ProductLabel
Women,4.25,D1_ProductLabel
Women,27.0,D1_ProductLabel
Women,11.0,D1_ProductLabel
Women,21.6,D1_ProductLabel
Women,3.4,D1_ProductLabel
Women,3.4,D1_ProductLabel
Women,4.8,D1_ProductLabel
Women,4.8,D1_ProductLabel
Men,13.59,D1_ProductLabel
Men,22.0,D1_ProductLabel
Men,5.5,D1_ProductLabel
Men,18.75,D1_ProductLabel
Men,18.75,D1_ProductLabel
Men,4.4,D1_ProductLabel
Men,19.8,D1_ProductLabel
Women,3.4,D1_ProductLabel
Women,3.4,D1_ProductLabel
Women,3.4,D1_ProductLabel
Women,500.0,D2_BuyerGender
Men,500.0,D2_BuyerGender
Men,25.0,D2_BuyerGender
Women,50.0,D2_BuyerGender
Men,50.0,D2_BuyerGender
Men,30.0,D2_BuyerGender
Men,500.0,D2_BuyerGender
Women,25.0,D2_BuyerGender
Women,25.0,D2_BuyerGender
Men,300.0,D2_BuyerGender
Men,50.0,D2_BuyerGender
Women,30.0,D2_BuyerGender
Women,300.0,D2_BuyerGender
Women,50.0,D2_BuyerGender
Men,30.0,D2_BuyerGender
Men,25.0,D2_BuyerGender
Men,300.0,D2_BuyerGender
Women,300.0,D2_BuyerGender
Women,25.0,D2_BuyerGender
Women,300.0,D2_BuyerGender
Men,300.0,D2_BuyerGender
Men,50.0,D2_BuyerGender
Men,25.0,D2_BuyerGender
Women,300.0,D2_BuyerGender
Women,50.0,D2_BuyerGender
Women,500.0,D2_BuyerGender
Women,30.0,D2_BuyerGender
Men,50.0,D2_BuyerGender
Men,500.0,D2_BuyerGender
Women,30.0,D2_BuyerGender
Women,300.0,D2_BuyerGender
Men,300.0,D2_BuyerGender
Women,25.0,D2_BuyerGender
Women,50.0,D2_BuyerGender
Women,300.0,D2_BuyerGender
Men,300.0,D2_BuyerGender
Men,500.0,D2_BuyerGender
Men,500.0,D2_BuyerGender
Women,30.0,D2_BuyerGender
Women,50.0,D2_BuyerGender
Men,500.0,D2_BuyerGender
Men,50.0,D2_BuyerGender
Women,30.0,D2_BuyerGender
Women,25.0,D2_BuyerGender
Women,500.0,D2_BuyerGender
Men,25.0,D2_BuyerGender
Men,50.0,D2_BuyerGender
Women,50.0,D2_BuyerGender
Women,25.0,D2_BuyerGender
Men,50.0,D2_BuyerGender
Men,30.0,D2_BuyerGender
Men,25.0,D2_BuyerGender
Men,50.0,D2_BuyerGender
Women,25.0,D2_BuyerGender
Men,50.0,D2_BuyerGender
Women,50.0,D2_BuyerGender
Men,30.0,D2_BuyerGender
Women,50.0,D2_BuyerGender
Women,300.0,D2_BuyerGender
Men,500.0,D2_BuyerGender
Women,50.0,D2_BuyerGender
Men,300.0,D2_BuyerGender
Women,25.0,D2_BuyerGender
Women,300.0,D2_BuyerGender
Men,30.0,D2_BuyerGender
Men,300.0,D2_BuyerGender
Men,25.0,D2_BuyerGender
Men,50.0,D2_BuyerGender
Women,50.0,D2_BuyerGender
Men,25.0,D2_BuyerGender
Men,50.0,D2_BuyerGender
Men,30.0,D2_BuyerGender
Women,300.0,D2_BuyerGender
Women,50.0,D2_BuyerGender
Women,300.0,D2_BuyerGender
Men,500.0,D2_BuyerGender
Women,25.0,D2_BuyerGender
Men,25.0,D2_BuyerGender
Men,500.0,D2_BuyerGender
Men,500.0,D2_BuyerGender
Men,30.0,D2_BuyerGender
Women,25.0,D2_BuyerGender
Women,50.0,D2_BuyerGender
Women,50.0,D2_BuyerGender
Women,50.0,D2_BuyerGender
Women,25.0,D2_BuyerGender
Men,25.0,D2_BuyerGender
Men,30.0,D2_BuyerGender
Men,300.0,D2_BuyerGender
Men,50.0,D2_BuyerGender
Women,500.0,D2_BuyerGender
Men,30.0,D2_BuyerGender
Men,500.0,D2_BuyerGender
Women,50.0,D2_BuyerGender
Women,50.0,D2_BuyerGender
Men,25.0,D2_BuyerGender
Men,300.0,D2_BuyerGender
Men,300.0,D2_BuyerGender
Men,500.0,D2_BuyerGender
Women,500.0,D2_BuyerGender
Men,500.0,D2_BuyerGender
Men,25.0,D2_BuyerGender
Women,25.0,D2_BuyerGender
Men,500.0,D2_BuyerGender
Women,500.0,D2_BuyerGender
Men,50.0,D2_BuyerGender
Men,25.0,D2_BuyerGender
Men,30.0,D2_BuyerGender
Men,300.0,D2_BuyerGender
Women,30.0,D2_BuyerGender
Women,300.0,D2_BuyerGender
Men,30.0,D2_BuyerGender
Men,30.0,D2_BuyerGender
Men,30.0,D2_BuyerGender
Men,30.0,D2_BuyerGender
Women,25.0,D2_BuyerGender
Men,25.0,D2_BuyerGender
Men,500.0,D2_BuyerGender
Women,25.0,D2_BuyerGender
Men,500.0,D2_BuyerGender
Women,300.0,D2_BuyerGender
Men,50.0,D2_BuyerGender
Women,500.0,D2_BuyerGender
Men,500.0,D2_BuyerGender
Women,30.0,D2_BuyerGender
Men,50.0,D2_BuyerGender
Men,25.0,D2_BuyerGender
Men,25.0,D2_BuyerGender
Men,300.0,D2_BuyerGender
Men,50.0,D2_BuyerGender
Women,300.0,D2_BuyerGender
Men,50.0,D2_BuyerGender
Women,50.0,D2_BuyerGender
Women,25.0,D2_BuyerGender
Women,25.0,D2_BuyerGender
Women,500.0,D2_BuyerGender
Men,500.0,D2_BuyerGender
Men,25.0,D2_BuyerGender
Men,300.0,D2_BuyerGender
Women,500.0,D2_BuyerGender
Women,300.0,D2_BuyerGender
Men,50.0,D2_BuyerGender
Women,300.0,D2_BuyerGender
Women,300.0,D2_BuyerGender
Men,300.0,D2_BuyerGender
Women,300.0,D2_BuyerGender
Women,50.0,D2_BuyerGender
Men,30.0,D2_BuyerGender
Women,30.0,D2_BuyerGender
Women,500.0,D2_BuyerGender
Women,500.0,D2_BuyerGender
Women,30.0,D2_BuyerGender
Women,25.0,D2_BuyerGender
Women,30.0,D2_BuyerGender
Women,30.0,D2_BuyerGender
Men,25.0,D2_BuyerGender
Men,300.0,D2_BuyerGender
Women,25.0,D2_BuyerGender
Men,300.0,D2_BuyerGender
Women,30.0,D2_BuyerGender
Women,500.0,D2_BuyerGender
Women,500.0,D2_BuyerGender
Men,300.0,D2_BuyerGender
Women,500.0,D2_BuyerGender
Men,50.0,D2_BuyerGender
Women,500.0,D2_BuyerGender
Men,25.0,D2_BuyerGender
Women,500.0,D2_BuyerGender
Men,30.0,D2_BuyerGender
Women,30.0,D2_BuyerGender
Women,300.0,D2_BuyerGender
Men,30.0,D2_BuyerGender
Women,300.0,D2_BuyerGender
Men,500.0,D2_BuyerGender
Men,50.0,D2_BuyerGender
Men,300.0,D2_BuyerGender
Men,30.0,D2_BuyerGender
Women,25.0,D2_BuyerGender
Women,300.0,D2_BuyerGender
Women,25.0,D2_BuyerGender
Women,30.0,D2_BuyerGender
Women,30.0,D2_BuyerGender
Men,50.0,D2_BuyerGender
Men,25.0,D2_BuyerGender
Women,30.0,D2_BuyerGender
Women,50.0,D2_BuyerGender
Women,30.0,D2_BuyerGender
Men,500.0,D2_BuyerGender
Men,50.0,D2_BuyerGender
Men,25.0,D2_BuyerGender
Men,500.0,D2_BuyerGender
Women,30.0,D2_BuyerGender
Men,300.0,D2_BuyerGender
Men,300.0,D2_BuyerGender
Women,25.0,D2_BuyerGender
Women,300.0,D2_BuyerGender
Women,500.0,D2_BuyerGender
Men,30.0,D2_BuyerGender
Women,30.0,D2_BuyerGender
Women,300.0,D2_BuyerGender
Men,500.0,D2_BuyerGender
Men,500.0,D2_BuyerGender
Men,50.0,D2_BuyerGender
Women,30.0,D2_BuyerGender
Women,500.0,D2_BuyerGender
Men,300.0,D2_BuyerGender
Women,25.0,D2_BuyerGender
Men,300.0,D2_BuyerGender
Women,500.0,D2_BuyerGender
Men,30.0,D2_BuyerGender
Women,30.0,D2_BuyerGender
Men,25.0,D2_BuyerGender
Women,50.0,D2_BuyerGender
Women,30.0,D2_BuyerGender
Women,25.0,D2_BuyerGender
Men,50.0,D2_BuyerGender
Men,50.0,D2_BuyerGender
Men,300.0,D2_BuyerGender
Women,500.0,D2_BuyerGender
Men,50.0,D2_BuyerGender
Men,50.0,D2_BuyerGender
Men,300.0,D2_BuyerGender
Women,25.0,D2_BuyerGender
Men,30.0,D2_BuyerGender
Men,500.0,D2_BuyerGender
Women,300.0,D2_BuyerGender
Men,50.0,D2_BuyerGender
Men,25.0,D2_BuyerGender
Men,25.0,D2_BuyerGender
Women,500.0,D2_BuyerGender
Men,25.0,D2_BuyerGender
Men,25.0,D2_BuyerGender
Women,25.0,D2_BuyerGender
Men,300.0,D2_BuyerGender
Women,500.0,D2_BuyerGender
Men,50.0,D2_BuyerGender
Women,500.0,D2_BuyerGender
Women,300.0,D2_BuyerGender
Women,30.0,D2_BuyerGender
Women,300.0,D2_BuyerGender
Women,500.0,D2_BuyerGender
Men,25.0,D2_BuyerGender
Women,300.0,D2_BuyerGender
Women,30.0,D2_BuyerGender
Women,50.0,D2_BuyerGender
Women,50.0,D2_BuyerGender
Men,500.0,D2_BuyerGender
Women,30.0,D2_BuyerGender
Women,300.0,D2_BuyerGender
Women,30.0,D2_BuyerGender
Women,500.0,D2_BuyerGender
Women,500.0,D2_BuyerGender
Women,300.0,D2_BuyerGender
Men,500.0,D2_BuyerGender
Women,30.0,D2_BuyerGender
Women,500.0,D2_BuyerGender
Men,50.0,D2_BuyerGender
Men,300.0,D2_BuyerGender
Men,300.0,D2_BuyerGender
Women,25.0,D2_BuyerGender
Men,500.0,D2_BuyerGender
Women,30.0,D2_BuyerGender
Women,500.0,D2_BuyerGender
Men,25.0,D2_BuyerGender
Women,50.0,D2_BuyerGender
Men,50.0,D2_BuyerGender
Men,300.0,D2_BuyerGender
Women,30.0,D2_BuyerGender
Men,50.0,D2_BuyerGender
Women,25.0,D2_BuyerGender
Women,25.0,D2_BuyerGender
Men,50.0,D2_BuyerGender
Women,30.0,D2_BuyerGender
Women,25.0,D2_BuyerGender
Men,25.0,D2_BuyerGender
Women,500.0,D2_BuyerGender
Men,25.0,D2_BuyerGender
Women,25.0,D2_BuyerGender
Men,50.0,D2_BuyerGender
Men,50.0,D2_BuyerGender
Women,25.0,D2_BuyerGender
Men,30.0,D2_BuyerGender
Men,300.0,D2_BuyerGender
Women,300.0,D2_BuyerGender
Men,25.0,D2_BuyerGender
Women,500.0,D2_BuyerGender
Men,25.0,D2_BuyerGender
Men,25.0,D2_BuyerGender
Men,50.0,D2_BuyerGender
Men,300.0,D2_BuyerGender
Men,50.0,D2_BuyerGender
Men,25.0,D2_BuyerGender
Women,500.0,D2_BuyerGender
Women,25.0,D2_BuyerGender
Men,30.0,D2_BuyerGender
Women,300.0,D2_BuyerGender
Women,50.0,D2_BuyerGender
Men,50.0,D2_BuyerGender
Women,50.0,D2_BuyerGender
Men,25.0,D2_BuyerGender
Women,300.0,D2_BuyerGender
Men,50.0,D2_BuyerGender
Men,500.0,D2_BuyerGender
Women,25.0,D2_BuyerGender
Men,25.0,D2_BuyerGender
Women,300.0,D2_BuyerGender
Men,50.0,D2_BuyerGender
Men,50.0,D2_BuyerGender
Women,30.0,D2_BuyerGender
Women,300.0,D2_BuyerGender
Men,30.0,D2_BuyerGender
Women,25.0,D2_BuyerGender
Women,30.0,D2_BuyerGender
Men,30.0,D2_BuyerGender
Women,30.0,D2_BuyerGender
Women,30.0,D2_BuyerGender
Men,25.0,D2_BuyerGender
Women,30.0,D2_BuyerGender
Women,30.0,D2_BuyerGender
Men,300.0,D2_BuyerGender
Men,30.0,D2_BuyerGender
Men,500.0,D2_BuyerGender
Women,50.0,D2_BuyerGender
Women,300.0,D2_BuyerGender
Men,50.0,D2_BuyerGender
Men,50.0,D2_BuyerGender
Women,25.0,D2_BuyerGender
Men,500.0,D2_BuyerGender
Women,300.0,D2_BuyerGender
Men,25.0,D2_BuyerGender
Men,300.0,D2_BuyerGender
Women,25.0,D2_BuyerGender
Men,25.0,D2_BuyerGender
Men,500.0,D2_BuyerGender
Men,30.0,D2_BuyerGender
Men,30.0,D2_BuyerGender
Men,300.0,D2_BuyerGender
Men,50.0,D2_BuyerGender
Women,300.0,D2_BuyerGender
Women,300.0,D2_BuyerGender
Men,50.0,D2_BuyerGender
Women,50.0,D2_BuyerGender
Women,50.0,D2_BuyerGender
Women,300.0,D2_BuyerGender
Men,500.0,D2_BuyerGender
Women,500.0,D2_BuyerGender
Women,300.0,D2_BuyerGender
Women,25.0,D2_BuyerGender
Women,50.0,D2_BuyerGender
Women,30.0,D2_BuyerGender
Men,50.0,D2_BuyerGender
